root_path	receiver	impl_kind	trait_path	item_kind	item_name	source_file	source_line	cfg	attrs	signature
arbi_anafis::AmbientPrecision	arbi_anafis::AmbientPrecision	inherent		associated_function	new_bounded	src/int/api/precision.rs	155	[]	"[{""must_use"":{""reason"":null}}]"	"{""generics"":{""params"":[],""where_predicates"":[]},""header"":{""abi"":""Rust"",""is_async"":false,""is_const"":true,""is_unsafe"":false},""sig"":{""inputs"":[[""bits"",{""primitive"":""usize""}]],""is_c_variadic"":false,""output"":{""resolved_path"":{""args"":{""angle_bracketed"":{""args"":[{""type"":{""generic"":""Self""}}],""constraints"":[]}},""path"":""core::option::Option""}}}}"
arbi_anafis::AmbientPrecision	arbi_anafis::AmbientPrecision	trait	core::clone::Clone	method	clone	src/int/api/precision.rs	139	[]	"[""automatically_derived"",{""other"":""#[attr = Inline(Hint)]""}]"	"{""generics"":{""params"":[],""where_predicates"":[]},""header"":{""abi"":""Rust"",""is_async"":false,""is_const"":false,""is_unsafe"":false},""sig"":{""inputs"":[[""self"",{""borrowed_ref"":{""is_mutable"":false,""lifetime"":null,""type"":{""generic"":""Self""}}}]],""is_c_variadic"":false,""output"":{""resolved_path"":{""args"":null,""path"":""arbi_anafis::AmbientPrecision""}}}}"
arbi_anafis::AmbientPrecision	arbi_anafis::AmbientPrecision	trait	core::clone::Clone	trait_impl	Clone	src/int/api/precision.rs	139	[]	"[""automatically_derived""]"	"{""generics"":{""params"":[],""where_predicates"":[]},""is_negative"":false,""is_unsafe"":false,""provided_trait_methods"":[""clone_from""]}"
arbi_anafis::AmbientPrecision	arbi_anafis::AmbientPrecision	trait	core::cmp::Eq	trait_impl	Eq	src/int/api/precision.rs	139	[]	"[""automatically_derived""]"	"{""generics"":{""params"":[],""where_predicates"":[]},""is_negative"":false,""is_unsafe"":false,""provided_trait_methods"":[""assert_fields_are_eq"",""assert_receiver_is_total_eq""]}"
arbi_anafis::AmbientPrecision	arbi_anafis::AmbientPrecision	trait	core::cmp::PartialEq	method	eq	src/int/api/precision.rs	139	[]	"[""automatically_derived"",{""other"":""#[attr = Inline(Hint)]""}]"	"{""generics"":{""params"":[],""where_predicates"":[]},""header"":{""abi"":""Rust"",""is_async"":false,""is_const"":false,""is_unsafe"":false},""sig"":{""inputs"":[[""self"",{""borrowed_ref"":{""is_mutable"":false,""lifetime"":null,""type"":{""generic"":""Self""}}}],[""other"",{""borrowed_ref"":{""is_mutable"":false,""lifetime"":null,""type"":{""resolved_path"":{""args"":null,""path"":""arbi_anafis::AmbientPrecision""}}}}]],""is_c_variadic"":false,""output"":{""primitive"":""bool""}}}"
arbi_anafis::AmbientPrecision	arbi_anafis::AmbientPrecision	trait	core::cmp::PartialEq	trait_impl	PartialEq	src/int/api/precision.rs	139	[]	"[""automatically_derived""]"	"{""generics"":{""params"":[],""where_predicates"":[]},""is_negative"":false,""is_unsafe"":false,""provided_trait_methods"":[""ne""]}"
arbi_anafis::AmbientPrecision	arbi_anafis::AmbientPrecision	trait	core::fmt::Debug	method	fmt	src/int/api/precision.rs	139	[]	"[""automatically_derived"",{""other"":""#[attr = Inline(Hint)]""}]"	"{""generics"":{""params"":[],""where_predicates"":[]},""header"":{""abi"":""Rust"",""is_async"":false,""is_const"":false,""is_unsafe"":false},""sig"":{""inputs"":[[""self"",{""borrowed_ref"":{""is_mutable"":false,""lifetime"":null,""type"":{""generic"":""Self""}}}],[""f"",{""borrowed_ref"":{""is_mutable"":true,""lifetime"":null,""type"":{""resolved_path"":{""args"":{""angle_bracketed"":{""args"":[{""lifetime"":""'_""}],""constraints"":[]}},""path"":""core::fmt::Formatter""}}}}]],""is_c_variadic"":false,""output"":{""resolved_path"":{""args"":null,""path"":""core::fmt::Result""}}}}"
arbi_anafis::AmbientPrecision	arbi_anafis::AmbientPrecision	trait	core::fmt::Debug	trait_impl	Debug	src/int/api/precision.rs	139	[]	"[""automatically_derived""]"	"{""generics"":{""params"":[],""where_predicates"":[]},""is_negative"":false,""is_unsafe"":false,""provided_trait_methods"":[]}"
arbi_anafis::AmbientPrecision	arbi_anafis::AmbientPrecision	trait	core::hash::Hash	method	hash	src/int/api/precision.rs	139	[]	"[""automatically_derived"",{""other"":""#[attr = Inline(Hint)]""}]"	"{""generics"":{""params"":[{""kind"":{""type"":{""bounds"":[{""trait_bound"":{""generic_params"":[],""modifier"":""none"",""trait"":{""args"":null,""path"":""core::hash::Hasher""}}}],""default"":null,""is_synthetic"":false}},""name"":""__H""}],""where_predicates"":[]},""header"":{""abi"":""Rust"",""is_async"":false,""is_const"":false,""is_unsafe"":false},""sig"":{""inputs"":[[""self"",{""borrowed_ref"":{""is_mutable"":false,""lifetime"":null,""type"":{""generic"":""Self""}}}],[""state"",{""borrowed_ref"":{""is_mutable"":true,""lifetime"":null,""type"":{""generic"":""__H""}}}]],""is_c_variadic"":false,""output"":null}}"
arbi_anafis::AmbientPrecision	arbi_anafis::AmbientPrecision	trait	core::hash::Hash	trait_impl	Hash	src/int/api/precision.rs	139	[]	"[""automatically_derived""]"	"{""generics"":{""params"":[],""where_predicates"":[]},""is_negative"":false,""is_unsafe"":false,""provided_trait_methods"":[""hash_slice""]}"
arbi_anafis::AmbientPrecision	arbi_anafis::AmbientPrecision	trait	core::marker::Copy	trait_impl	Copy	src/int/api/precision.rs	139	[]	"[""automatically_derived""]"	"{""generics"":{""params"":[],""where_predicates"":[]},""is_negative"":false,""is_unsafe"":false,""provided_trait_methods"":[]}"
arbi_anafis::AmbientPrecision	arbi_anafis::AmbientPrecision	trait	core::marker::StructuralPartialEq	trait_impl	StructuralPartialEq	src/int/api/precision.rs	139	[]	"[""automatically_derived""]"	"{""generics"":{""params"":[],""where_predicates"":[]},""is_negative"":false,""is_unsafe"":false,""provided_trait_methods"":[]}"
arbi_anafis::AmbientPrecision	arbi_anafis::AmbientPrecision	type		enum	AmbientPrecision	src/int/api/precision.rs	141	[]	"[""non_exhaustive""]"	"{""generics"":{""params"":[],""where_predicates"":[]},""has_stripped_variants"":false}"
arbi_anafis::AmbientPrecision	arbi_anafis::AmbientPrecision	type		variant	Bounded	src/int/api/precision.rs	147	[]	[]	"{""discriminant"":null,""shape"":{""tuple"":[{""resolved_path"":{""args"":null,""path"":""arbi_anafis::BoundedPrecision""}}]}}"
arbi_anafis::AmbientPrecision	arbi_anafis::AmbientPrecision	type		variant	Unlimited	src/int/api/precision.rs	145	[]	[]	"{""discriminant"":null,""shape"":""plain""}"
arbi_anafis::AmbientPrecision	arbi_anafis::AmbientPrecision	type		variant	Unset	src/int/api/precision.rs	143	[]	[]	"{""discriminant"":null,""shape"":""plain""}"
arbi_anafis::AmbientPrecision;arbi_anafis::Precision	arbi_anafis::Precision	trait	core::convert::From<arbi_anafis::AmbientPrecision>	associated_function	from	src/int/api/precision.rs	130	[]	[]	"{""generics"":{""params"":[],""where_predicates"":[]},""header"":{""abi"":""Rust"",""is_async"":false,""is_const"":false,""is_unsafe"":false},""sig"":{""inputs"":[[""ambient"",{""resolved_path"":{""args"":null,""path"":""arbi_anafis::AmbientPrecision""}}]],""is_c_variadic"":false,""output"":{""generic"":""Self""}}}"
arbi_anafis::AmbientPrecision;arbi_anafis::Precision	arbi_anafis::Precision	trait	core::convert::From<arbi_anafis::AmbientPrecision>	trait_impl	From	src/int/api/precision.rs	129	[]	[]	"{""generics"":{""params"":[],""where_predicates"":[]},""is_negative"":false,""is_unsafe"":false,""provided_trait_methods"":[]}"
arbi_anafis::ArbiError	arbi_anafis::ArbiError	trait	core::clone::Clone	method	clone	src/error.rs	5	[]	"[""automatically_derived"",{""other"":""#[attr = Inline(Hint)]""}]"	"{""generics"":{""params"":[],""where_predicates"":[]},""header"":{""abi"":""Rust"",""is_async"":false,""is_const"":false,""is_unsafe"":false},""sig"":{""inputs"":[[""self"",{""borrowed_ref"":{""is_mutable"":false,""lifetime"":null,""type"":{""generic"":""Self""}}}]],""is_c_variadic"":false,""output"":{""resolved_path"":{""args"":null,""path"":""arbi_anafis::ArbiError""}}}}"
arbi_anafis::ArbiError	arbi_anafis::ArbiError	trait	core::clone::Clone	trait_impl	Clone	src/error.rs	5	[]	"[""automatically_derived""]"	"{""generics"":{""params"":[],""where_predicates"":[]},""is_negative"":false,""is_unsafe"":false,""provided_trait_methods"":[""clone_from""]}"
arbi_anafis::ArbiError	arbi_anafis::ArbiError	trait	core::cmp::Eq	trait_impl	Eq	src/error.rs	5	[]	"[""automatically_derived""]"	"{""generics"":{""params"":[],""where_predicates"":[]},""is_negative"":false,""is_unsafe"":false,""provided_trait_methods"":[""assert_fields_are_eq"",""assert_receiver_is_total_eq""]}"
arbi_anafis::ArbiError	arbi_anafis::ArbiError	trait	core::cmp::PartialEq	method	eq	src/error.rs	5	[]	"[""automatically_derived"",{""other"":""#[attr = Inline(Hint)]""}]"	"{""generics"":{""params"":[],""where_predicates"":[]},""header"":{""abi"":""Rust"",""is_async"":false,""is_const"":false,""is_unsafe"":false},""sig"":{""inputs"":[[""self"",{""borrowed_ref"":{""is_mutable"":false,""lifetime"":null,""type"":{""generic"":""Self""}}}],[""other"",{""borrowed_ref"":{""is_mutable"":false,""lifetime"":null,""type"":{""resolved_path"":{""args"":null,""path"":""arbi_anafis::ArbiError""}}}}]],""is_c_variadic"":false,""output"":{""primitive"":""bool""}}}"
arbi_anafis::ArbiError	arbi_anafis::ArbiError	trait	core::cmp::PartialEq	trait_impl	PartialEq	src/error.rs	5	[]	"[""automatically_derived""]"	"{""generics"":{""params"":[],""where_predicates"":[]},""is_negative"":false,""is_unsafe"":false,""provided_trait_methods"":[""ne""]}"
arbi_anafis::ArbiError	arbi_anafis::ArbiError	trait	core::error::Error	trait_impl	Error	src/error.rs	102	"[{""other"":""#[attr = CfgTrace([NameValue { name: \""feature\"", value: Some(\""std\""), span: src/error.rs:101:7: 101:22 (#0) }])]""}]"	[]	"{""generics"":{""params"":[],""where_predicates"":[]},""is_negative"":false,""is_unsafe"":false,""provided_trait_methods"":[""cause"",""description"",""provide"",""source"",""type_id""]}"
arbi_anafis::ArbiError	arbi_anafis::ArbiError	trait	core::fmt::Debug	method	fmt	src/error.rs	5	[]	"[""automatically_derived"",{""other"":""#[attr = Inline(Hint)]""}]"	"{""generics"":{""params"":[],""where_predicates"":[]},""header"":{""abi"":""Rust"",""is_async"":false,""is_const"":false,""is_unsafe"":false},""sig"":{""inputs"":[[""self"",{""borrowed_ref"":{""is_mutable"":false,""lifetime"":null,""type"":{""generic"":""Self""}}}],[""f"",{""borrowed_ref"":{""is_mutable"":true,""lifetime"":null,""type"":{""resolved_path"":{""args"":{""angle_bracketed"":{""args"":[{""lifetime"":""'_""}],""constraints"":[]}},""path"":""core::fmt::Formatter""}}}}]],""is_c_variadic"":false,""output"":{""resolved_path"":{""args"":null,""path"":""core::fmt::Result""}}}}"
arbi_anafis::ArbiError	arbi_anafis::ArbiError	trait	core::fmt::Debug	trait_impl	Debug	src/error.rs	5	[]	"[""automatically_derived""]"	"{""generics"":{""params"":[],""where_predicates"":[]},""is_negative"":false,""is_unsafe"":false,""provided_trait_methods"":[]}"
arbi_anafis::ArbiError	arbi_anafis::ArbiError	trait	core::fmt::Display	method	fmt	src/error.rs	67	[]	[]	"{""generics"":{""params"":[],""where_predicates"":[]},""header"":{""abi"":""Rust"",""is_async"":false,""is_const"":false,""is_unsafe"":false},""sig"":{""inputs"":[[""self"",{""borrowed_ref"":{""is_mutable"":false,""lifetime"":null,""type"":{""generic"":""Self""}}}],[""f"",{""borrowed_ref"":{""is_mutable"":true,""lifetime"":null,""type"":{""resolved_path"":{""args"":{""angle_bracketed"":{""args"":[{""lifetime"":""'_""}],""constraints"":[]}},""path"":""core::fmt::Formatter""}}}}]],""is_c_variadic"":false,""output"":{""resolved_path"":{""args"":null,""path"":""core::fmt::Result""}}}}"
arbi_anafis::ArbiError	arbi_anafis::ArbiError	trait	core::fmt::Display	trait_impl	Display	src/error.rs	66	[]	[]	"{""generics"":{""params"":[],""where_predicates"":[]},""is_negative"":false,""is_unsafe"":false,""provided_trait_methods"":[]}"
arbi_anafis::ArbiError	arbi_anafis::ArbiError	trait	core::hash::Hash	method	hash	src/error.rs	5	[]	"[""automatically_derived"",{""other"":""#[attr = Inline(Hint)]""}]"	"{""generics"":{""params"":[{""kind"":{""type"":{""bounds"":[{""trait_bound"":{""generic_params"":[],""modifier"":""none"",""trait"":{""args"":null,""path"":""core::hash::Hasher""}}}],""default"":null,""is_synthetic"":false}},""name"":""__H""}],""where_predicates"":[]},""header"":{""abi"":""Rust"",""is_async"":false,""is_const"":false,""is_unsafe"":false},""sig"":{""inputs"":[[""self"",{""borrowed_ref"":{""is_mutable"":false,""lifetime"":null,""type"":{""generic"":""Self""}}}],[""state"",{""borrowed_ref"":{""is_mutable"":true,""lifetime"":null,""type"":{""generic"":""__H""}}}]],""is_c_variadic"":false,""output"":null}}"
arbi_anafis::ArbiError	arbi_anafis::ArbiError	trait	core::hash::Hash	trait_impl	Hash	src/error.rs	5	[]	"[""automatically_derived""]"	"{""generics"":{""params"":[],""where_predicates"":[]},""is_negative"":false,""is_unsafe"":false,""provided_trait_methods"":[""hash_slice""]}"
arbi_anafis::ArbiError	arbi_anafis::ArbiError	trait	core::marker::Copy	trait_impl	Copy	src/error.rs	5	[]	"[""automatically_derived""]"	"{""generics"":{""params"":[],""where_predicates"":[]},""is_negative"":false,""is_unsafe"":false,""provided_trait_methods"":[]}"
arbi_anafis::ArbiError	arbi_anafis::ArbiError	trait	core::marker::StructuralPartialEq	trait_impl	StructuralPartialEq	src/error.rs	5	[]	"[""automatically_derived""]"	"{""generics"":{""params"":[],""where_predicates"":[]},""is_negative"":false,""is_unsafe"":false,""provided_trait_methods"":[]}"
arbi_anafis::ArbiError	arbi_anafis::ArbiError	type		enum	ArbiError	src/error.rs	7	[]	"[""non_exhaustive""]"	"{""generics"":{""params"":[],""where_predicates"":[]},""has_stripped_variants"":false}"
arbi_anafis::ArbiError	arbi_anafis::ArbiError	type		variant	AllocationRequired	src/error.rs	33	[]	[]	"{""discriminant"":null,""shape"":""plain""}"
arbi_anafis::ArbiError	arbi_anafis::ArbiError	type		variant	DivisionByZero	src/error.rs	13	[]	[]	"{""discriminant"":null,""shape"":""plain""}"
arbi_anafis::ArbiError	arbi_anafis::ArbiError	type		variant	EmptyInput	src/error.rs	47	[]	[]	"{""discriminant"":null,""shape"":""plain""}"
arbi_anafis::ArbiError	arbi_anafis::ArbiError	type		variant	EmptySlice	src/error.rs	63	[]	[]	"{""discriminant"":null,""shape"":""plain""}"
arbi_anafis::ArbiError	arbi_anafis::ArbiError	type		variant	EvenModulusUnsupported	src/error.rs	17	[]	[]	"{""discriminant"":null,""shape"":""plain""}"
arbi_anafis::ArbiError	arbi_anafis::ArbiError	type		variant	FactorizationRequired	src/error.rs	39	[]	[]	"{""discriminant"":null,""shape"":""plain""}"
arbi_anafis::ArbiError	arbi_anafis::ArbiError	type		variant	IntegerConversionLoss	src/error.rs	61	[]	[]	"{""discriminant"":null,""shape"":""plain""}"
arbi_anafis::ArbiError	arbi_anafis::ArbiError	type		variant	InvalidDigit	src/error.rs	37	[]	[]	"{""discriminant"":null,""shape"":""plain""}"
arbi_anafis::ArbiError	arbi_anafis::ArbiError	type		variant	InvalidInput	src/error.rs	59	[]	[]	"{""discriminant"":null,""shape"":""plain""}"
arbi_anafis::ArbiError	arbi_anafis::ArbiError	type		variant	InvalidModulus	src/error.rs	53	[]	[]	"{""discriminant"":null,""shape"":""plain""}"
arbi_anafis::ArbiError	arbi_anafis::ArbiError	type		variant	InvalidRadix	src/error.rs	35	[]	[]	"{""discriminant"":null,""shape"":""plain""}"
arbi_anafis::ArbiError	arbi_anafis::ArbiError	type		variant	ModulusZero	src/error.rs	19	[]	[]	"{""discriminant"":null,""shape"":""plain""}"
arbi_anafis::ArbiError	arbi_anafis::ArbiError	type		variant	NegativeInput	src/error.rs	51	[]	[]	"{""discriminant"":null,""shape"":""plain""}"
arbi_anafis::ArbiError	arbi_anafis::ArbiError	type		variant	NegativeRoot	src/error.rs	15	[]	[]	"{""discriminant"":null,""shape"":""plain""}"
arbi_anafis::ArbiError	arbi_anafis::ArbiError	type		variant	NoInverse	src/error.rs	21	[]	[]	"{""discriminant"":null,""shape"":""plain""}"
arbi_anafis::ArbiError	arbi_anafis::ArbiError	type		variant	NoPrimitiveRoot	src/error.rs	23	[]	[]	"{""discriminant"":null,""shape"":""plain""}"
arbi_anafis::ArbiError	arbi_anafis::ArbiError	type		variant	NonCanonical	src/error.rs	41	[]	[]	"{""discriminant"":null,""shape"":""plain""}"
arbi_anafis::ArbiError	arbi_anafis::ArbiError	type		variant	NonCyclicGroup	src/error.rs	55	[]	[]	"{""discriminant"":null,""shape"":""plain""}"
arbi_anafis::ArbiError	arbi_anafis::ArbiError	type		variant	NonPositiveInput	src/error.rs	49	[]	[]	"{""discriminant"":null,""shape"":""plain""}"
arbi_anafis::ArbiError	arbi_anafis::ArbiError	type		variant	NotCoprime	src/error.rs	25	[]	[]	"{""discriminant"":null,""shape"":""plain""}"
arbi_anafis::ArbiError	arbi_anafis::ArbiError	type		variant	NotInGeneratedSubgroup	src/error.rs	57	[]	[]	"{""discriminant"":null,""shape"":""plain""}"
arbi_anafis::ArbiError	arbi_anafis::ArbiError	type		variant	Overflow	src/error.rs	9	[]	[]	"{""discriminant"":null,""shape"":""plain""}"
arbi_anafis::ArbiError	arbi_anafis::ArbiError	type		variant	PrecisionExceeded	src/error.rs	45	[]	[]	"{""discriminant"":null,""shape"":""plain""}"
arbi_anafis::ArbiError	arbi_anafis::ArbiError	type		variant	PrecisionMismatch	src/error.rs	43	[]	[]	"{""discriminant"":null,""shape"":""plain""}"
arbi_anafis::ArbiError	arbi_anafis::ArbiError	type		variant	PrecisionRequired	src/error.rs	29	[]	[]	"{""discriminant"":null,""shape"":""plain""}"
arbi_anafis::ArbiError	arbi_anafis::ArbiError	type		variant	ShiftTooLarge	src/error.rs	31	[]	[]	"{""discriminant"":null,""shape"":""plain""}"
arbi_anafis::ArbiError	arbi_anafis::ArbiError	type		variant	Underflow	src/error.rs	11	[]	[]	"{""discriminant"":null,""shape"":""plain""}"
arbi_anafis::ArbiError	arbi_anafis::ArbiError	type		variant	WidthRequired	src/error.rs	27	[]	[]	"{""discriminant"":null,""shape"":""plain""}"
arbi_anafis::ArbiInt	&arbi_anafis::ArbiInt	trait	core::ops::arith::Add<&arbi_anafis::ArbiInt>	assoc_type	Output	src/int/api/ops/add.rs	200	[]	[]	"{""bounds"":[],""default_unstable"":null,""generics"":{""params"":[],""where_predicates"":[]},""type"":{""resolved_path"":{""args"":null,""path"":""arbi_anafis::ArbiInt""}}}"
arbi_anafis::ArbiInt	&arbi_anafis::ArbiInt	trait	core::ops::arith::Add<&arbi_anafis::ArbiInt>	method	add	src/int/api/ops/add.rs	203	[]	"[{""other"":""#[attr = Inline(Hint)]""},{""other"":""#[attr = TrackCaller]""}]"	"{""generics"":{""params"":[],""where_predicates"":[]},""header"":{""abi"":""Rust"",""is_async"":false,""is_const"":false,""is_unsafe"":false},""sig"":{""inputs"":[[""self"",{""generic"":""Self""}],[""rhs"",{""borrowed_ref"":{""is_mutable"":false,""lifetime"":null,""type"":{""resolved_path"":{""args"":null,""path"":""arbi_anafis::ArbiInt""}}}}]],""is_c_variadic"":false,""output"":{""qualified_path"":{""args"":null,""name"":""Output"",""self_type"":{""generic"":""Self""},""trait"":{""args"":null,""path"":""core::ops::arith::Add""}}}}}"
arbi_anafis::ArbiInt	&arbi_anafis::ArbiInt	trait	core::ops::arith::Add<&arbi_anafis::ArbiInt>	trait_impl	Add	src/int/api/ops/add.rs	199	[]	[]	"{""generics"":{""params"":[],""where_predicates"":[]},""is_negative"":false,""is_unsafe"":false,""provided_trait_methods"":[]}"
arbi_anafis::ArbiInt	&arbi_anafis::ArbiInt	trait	core::ops::arith::Add<arbi_anafis::ArbiInt>	assoc_type	Output	src/int/api/ops/add.rs	186	[]	[]	"{""bounds"":[],""default_unstable"":null,""generics"":{""params"":[],""where_predicates"":[]},""type"":{""resolved_path"":{""args"":null,""path"":""arbi_anafis::ArbiInt""}}}"
arbi_anafis::ArbiInt	&arbi_anafis::ArbiInt	trait	core::ops::arith::Add<arbi_anafis::ArbiInt>	method	add	src/int/api/ops/add.rs	189	[]	"[{""other"":""#[attr = Inline(Hint)]""},{""other"":""#[attr = TrackCaller]""}]"	"{""generics"":{""params"":[],""where_predicates"":[]},""header"":{""abi"":""Rust"",""is_async"":false,""is_const"":false,""is_unsafe"":false},""sig"":{""inputs"":[[""self"",{""generic"":""Self""}],[""rhs"",{""resolved_path"":{""args"":null,""path"":""arbi_anafis::ArbiInt""}}]],""is_c_variadic"":false,""output"":{""qualified_path"":{""args"":null,""name"":""Output"",""self_type"":{""generic"":""Self""},""trait"":{""args"":null,""path"":""core::ops::arith::Add""}}}}}"
arbi_anafis::ArbiInt	&arbi_anafis::ArbiInt	trait	core::ops::arith::Add<arbi_anafis::ArbiInt>	trait_impl	Add	src/int/api/ops/add.rs	185	[]	[]	"{""generics"":{""params"":[],""where_predicates"":[]},""is_negative"":false,""is_unsafe"":false,""provided_trait_methods"":[]}"
arbi_anafis::ArbiInt	&arbi_anafis::ArbiInt	trait	core::ops::arith::Div<&arbi_anafis::ArbiInt>	assoc_type	Output	src/int/api/ops/div.rs	218	[]	[]	"{""bounds"":[],""default_unstable"":null,""generics"":{""params"":[],""where_predicates"":[]},""type"":{""resolved_path"":{""args"":null,""path"":""arbi_anafis::ArbiInt""}}}"
arbi_anafis::ArbiInt	&arbi_anafis::ArbiInt	trait	core::ops::arith::Div<&arbi_anafis::ArbiInt>	method	div	src/int/api/ops/div.rs	221	[]	"[{""other"":""#[attr = Inline(Hint)]""},{""other"":""#[attr = TrackCaller]""}]"	"{""generics"":{""params"":[],""where_predicates"":[]},""header"":{""abi"":""Rust"",""is_async"":false,""is_const"":false,""is_unsafe"":false},""sig"":{""inputs"":[[""self"",{""generic"":""Self""}],[""rhs"",{""borrowed_ref"":{""is_mutable"":false,""lifetime"":null,""type"":{""resolved_path"":{""args"":null,""path"":""arbi_anafis::ArbiInt""}}}}]],""is_c_variadic"":false,""output"":{""qualified_path"":{""args"":null,""name"":""Output"",""self_type"":{""generic"":""Self""},""trait"":{""args"":null,""path"":""core::ops::arith::Div""}}}}}"
arbi_anafis::ArbiInt	&arbi_anafis::ArbiInt	trait	core::ops::arith::Div<&arbi_anafis::ArbiInt>	trait_impl	Div	src/int/api/ops/div.rs	217	[]	[]	"{""generics"":{""params"":[],""where_predicates"":[]},""is_negative"":false,""is_unsafe"":false,""provided_trait_methods"":[]}"
arbi_anafis::ArbiInt	&arbi_anafis::ArbiInt	trait	core::ops::arith::Div<arbi_anafis::ArbiInt>	assoc_type	Output	src/int/api/ops/div.rs	202	[]	[]	"{""bounds"":[],""default_unstable"":null,""generics"":{""params"":[],""where_predicates"":[]},""type"":{""resolved_path"":{""args"":null,""path"":""arbi_anafis::ArbiInt""}}}"
arbi_anafis::ArbiInt	&arbi_anafis::ArbiInt	trait	core::ops::arith::Div<arbi_anafis::ArbiInt>	method	div	src/int/api/ops/div.rs	205	[]	"[{""other"":""#[attr = Inline(Hint)]""},{""other"":""#[attr = TrackCaller]""}]"	"{""generics"":{""params"":[],""where_predicates"":[]},""header"":{""abi"":""Rust"",""is_async"":false,""is_const"":false,""is_unsafe"":false},""sig"":{""inputs"":[[""self"",{""generic"":""Self""}],[""rhs"",{""resolved_path"":{""args"":null,""path"":""arbi_anafis::ArbiInt""}}]],""is_c_variadic"":false,""output"":{""qualified_path"":{""args"":null,""name"":""Output"",""self_type"":{""generic"":""Self""},""trait"":{""args"":null,""path"":""core::ops::arith::Div""}}}}}"
arbi_anafis::ArbiInt	&arbi_anafis::ArbiInt	trait	core::ops::arith::Div<arbi_anafis::ArbiInt>	trait_impl	Div	src/int/api/ops/div.rs	201	[]	[]	"{""generics"":{""params"":[],""where_predicates"":[]},""is_negative"":false,""is_unsafe"":false,""provided_trait_methods"":[]}"
arbi_anafis::ArbiInt	&arbi_anafis::ArbiInt	trait	core::ops::arith::Mul<&arbi_anafis::ArbiInt>	assoc_type	Output	src/int/api/ops/mul.rs	155	[]	[]	"{""bounds"":[],""default_unstable"":null,""generics"":{""params"":[],""where_predicates"":[]},""type"":{""resolved_path"":{""args"":null,""path"":""arbi_anafis::ArbiInt""}}}"
arbi_anafis::ArbiInt	&arbi_anafis::ArbiInt	trait	core::ops::arith::Mul<&arbi_anafis::ArbiInt>	method	mul	src/int/api/ops/mul.rs	158	[]	"[{""other"":""#[attr = Inline(Hint)]""},{""other"":""#[attr = TrackCaller]""}]"	"{""generics"":{""params"":[],""where_predicates"":[]},""header"":{""abi"":""Rust"",""is_async"":false,""is_const"":false,""is_unsafe"":false},""sig"":{""inputs"":[[""self"",{""generic"":""Self""}],[""rhs"",{""borrowed_ref"":{""is_mutable"":false,""lifetime"":null,""type"":{""resolved_path"":{""args"":null,""path"":""arbi_anafis::ArbiInt""}}}}]],""is_c_variadic"":false,""output"":{""qualified_path"":{""args"":null,""name"":""Output"",""self_type"":{""generic"":""Self""},""trait"":{""args"":null,""path"":""core::ops::arith::Mul""}}}}}"
arbi_anafis::ArbiInt	&arbi_anafis::ArbiInt	trait	core::ops::arith::Mul<&arbi_anafis::ArbiInt>	trait_impl	Mul	src/int/api/ops/mul.rs	154	[]	[]	"{""generics"":{""params"":[],""where_predicates"":[]},""is_negative"":false,""is_unsafe"":false,""provided_trait_methods"":[]}"
arbi_anafis::ArbiInt	&arbi_anafis::ArbiInt	trait	core::ops::arith::Mul<arbi_anafis::ArbiInt>	assoc_type	Output	src/int/api/ops/mul.rs	141	[]	[]	"{""bounds"":[],""default_unstable"":null,""generics"":{""params"":[],""where_predicates"":[]},""type"":{""resolved_path"":{""args"":null,""path"":""arbi_anafis::ArbiInt""}}}"
arbi_anafis::ArbiInt	&arbi_anafis::ArbiInt	trait	core::ops::arith::Mul<arbi_anafis::ArbiInt>	method	mul	src/int/api/ops/mul.rs	144	[]	"[{""other"":""#[attr = Inline(Hint)]""},{""other"":""#[attr = TrackCaller]""}]"	"{""generics"":{""params"":[],""where_predicates"":[]},""header"":{""abi"":""Rust"",""is_async"":false,""is_const"":false,""is_unsafe"":false},""sig"":{""inputs"":[[""self"",{""generic"":""Self""}],[""rhs"",{""resolved_path"":{""args"":null,""path"":""arbi_anafis::ArbiInt""}}]],""is_c_variadic"":false,""output"":{""qualified_path"":{""args"":null,""name"":""Output"",""self_type"":{""generic"":""Self""},""trait"":{""args"":null,""path"":""core::ops::arith::Mul""}}}}}"
arbi_anafis::ArbiInt	&arbi_anafis::ArbiInt	trait	core::ops::arith::Mul<arbi_anafis::ArbiInt>	trait_impl	Mul	src/int/api/ops/mul.rs	140	[]	[]	"{""generics"":{""params"":[],""where_predicates"":[]},""is_negative"":false,""is_unsafe"":false,""provided_trait_methods"":[]}"
arbi_anafis::ArbiInt	&arbi_anafis::ArbiInt	trait	core::ops::arith::Neg	assoc_type	Output	src/int/api/ops/sub.rs	240	[]	[]	"{""bounds"":[],""default_unstable"":null,""generics"":{""params"":[],""where_predicates"":[]},""type"":{""resolved_path"":{""args"":null,""path"":""arbi_anafis::ArbiInt""}}}"
arbi_anafis::ArbiInt	&arbi_anafis::ArbiInt	trait	core::ops::arith::Neg	method	neg	src/int/api/ops/sub.rs	243	[]	"[{""other"":""#[attr = Inline(Hint)]""},{""other"":""#[attr = TrackCaller]""}]"	"{""generics"":{""params"":[],""where_predicates"":[]},""header"":{""abi"":""Rust"",""is_async"":false,""is_const"":false,""is_unsafe"":false},""sig"":{""inputs"":[[""self"",{""generic"":""Self""}]],""is_c_variadic"":false,""output"":{""qualified_path"":{""args"":null,""name"":""Output"",""self_type"":{""generic"":""Self""},""trait"":{""args"":null,""path"":""core::ops::arith::Neg""}}}}}"
arbi_anafis::ArbiInt	&arbi_anafis::ArbiInt	trait	core::ops::arith::Neg	trait_impl	Neg	src/int/api/ops/sub.rs	239	[]	[]	"{""generics"":{""params"":[],""where_predicates"":[]},""is_negative"":false,""is_unsafe"":false,""provided_trait_methods"":[]}"
arbi_anafis::ArbiInt	&arbi_anafis::ArbiInt	trait	core::ops::arith::Rem<&arbi_anafis::ArbiInt>	assoc_type	Output	src/int/api/ops/div.rs	296	[]	[]	"{""bounds"":[],""default_unstable"":null,""generics"":{""params"":[],""where_predicates"":[]},""type"":{""resolved_path"":{""args"":null,""path"":""arbi_anafis::ArbiInt""}}}"
arbi_anafis::ArbiInt	&arbi_anafis::ArbiInt	trait	core::ops::arith::Rem<&arbi_anafis::ArbiInt>	method	rem	src/int/api/ops/div.rs	299	[]	"[{""other"":""#[attr = Inline(Hint)]""},{""other"":""#[attr = TrackCaller]""}]"	"{""generics"":{""params"":[],""where_predicates"":[]},""header"":{""abi"":""Rust"",""is_async"":false,""is_const"":false,""is_unsafe"":false},""sig"":{""inputs"":[[""self"",{""generic"":""Self""}],[""rhs"",{""borrowed_ref"":{""is_mutable"":false,""lifetime"":null,""type"":{""resolved_path"":{""args"":null,""path"":""arbi_anafis::ArbiInt""}}}}]],""is_c_variadic"":false,""output"":{""qualified_path"":{""args"":null,""name"":""Output"",""self_type"":{""generic"":""Self""},""trait"":{""args"":null,""path"":""core::ops::arith::Rem""}}}}}"
arbi_anafis::ArbiInt	&arbi_anafis::ArbiInt	trait	core::ops::arith::Rem<&arbi_anafis::ArbiInt>	trait_impl	Rem	src/int/api/ops/div.rs	295	[]	[]	"{""generics"":{""params"":[],""where_predicates"":[]},""is_negative"":false,""is_unsafe"":false,""provided_trait_methods"":[]}"
arbi_anafis::ArbiInt	&arbi_anafis::ArbiInt	trait	core::ops::arith::Rem<arbi_anafis::ArbiInt>	assoc_type	Output	src/int/api/ops/div.rs	280	[]	[]	"{""bounds"":[],""default_unstable"":null,""generics"":{""params"":[],""where_predicates"":[]},""type"":{""resolved_path"":{""args"":null,""path"":""arbi_anafis::ArbiInt""}}}"
arbi_anafis::ArbiInt	&arbi_anafis::ArbiInt	trait	core::ops::arith::Rem<arbi_anafis::ArbiInt>	method	rem	src/int/api/ops/div.rs	283	[]	"[{""other"":""#[attr = Inline(Hint)]""},{""other"":""#[attr = TrackCaller]""}]"	"{""generics"":{""params"":[],""where_predicates"":[]},""header"":{""abi"":""Rust"",""is_async"":false,""is_const"":false,""is_unsafe"":false},""sig"":{""inputs"":[[""self"",{""generic"":""Self""}],[""rhs"",{""resolved_path"":{""args"":null,""path"":""arbi_anafis::ArbiInt""}}]],""is_c_variadic"":false,""output"":{""qualified_path"":{""args"":null,""name"":""Output"",""self_type"":{""generic"":""Self""},""trait"":{""args"":null,""path"":""core::ops::arith::Rem""}}}}}"
arbi_anafis::ArbiInt	&arbi_anafis::ArbiInt	trait	core::ops::arith::Rem<arbi_anafis::ArbiInt>	trait_impl	Rem	src/int/api/ops/div.rs	279	[]	[]	"{""generics"":{""params"":[],""where_predicates"":[]},""is_negative"":false,""is_unsafe"":false,""provided_trait_methods"":[]}"
arbi_anafis::ArbiInt	&arbi_anafis::ArbiInt	trait	core::ops::arith::Sub<&arbi_anafis::ArbiInt>	assoc_type	Output	src/int/api/ops/sub.rs	149	[]	[]	"{""bounds"":[],""default_unstable"":null,""generics"":{""params"":[],""where_predicates"":[]},""type"":{""resolved_path"":{""args"":null,""path"":""arbi_anafis::ArbiInt""}}}"
arbi_anafis::ArbiInt	&arbi_anafis::ArbiInt	trait	core::ops::arith::Sub<&arbi_anafis::ArbiInt>	method	sub	src/int/api/ops/sub.rs	152	[]	"[{""other"":""#[attr = Inline(Hint)]""},{""other"":""#[attr = TrackCaller]""}]"	"{""generics"":{""params"":[],""where_predicates"":[]},""header"":{""abi"":""Rust"",""is_async"":false,""is_const"":false,""is_unsafe"":false},""sig"":{""inputs"":[[""self"",{""generic"":""Self""}],[""rhs"",{""borrowed_ref"":{""is_mutable"":false,""lifetime"":null,""type"":{""resolved_path"":{""args"":null,""path"":""arbi_anafis::ArbiInt""}}}}]],""is_c_variadic"":false,""output"":{""qualified_path"":{""args"":null,""name"":""Output"",""self_type"":{""generic"":""Self""},""trait"":{""args"":null,""path"":""core::ops::arith::Sub""}}}}}"
arbi_anafis::ArbiInt	&arbi_anafis::ArbiInt	trait	core::ops::arith::Sub<&arbi_anafis::ArbiInt>	trait_impl	Sub	src/int/api/ops/sub.rs	148	[]	[]	"{""generics"":{""params"":[],""where_predicates"":[]},""is_negative"":false,""is_unsafe"":false,""provided_trait_methods"":[]}"
arbi_anafis::ArbiInt	&arbi_anafis::ArbiInt	trait	core::ops::arith::Sub<arbi_anafis::ArbiInt>	assoc_type	Output	src/int/api/ops/sub.rs	132	[]	[]	"{""bounds"":[],""default_unstable"":null,""generics"":{""params"":[],""where_predicates"":[]},""type"":{""resolved_path"":{""args"":null,""path"":""arbi_anafis::ArbiInt""}}}"
arbi_anafis::ArbiInt	&arbi_anafis::ArbiInt	trait	core::ops::arith::Sub<arbi_anafis::ArbiInt>	method	sub	src/int/api/ops/sub.rs	135	[]	"[{""other"":""#[attr = Inline(Hint)]""},{""other"":""#[attr = TrackCaller]""}]"	"{""generics"":{""params"":[],""where_predicates"":[]},""header"":{""abi"":""Rust"",""is_async"":false,""is_const"":false,""is_unsafe"":false},""sig"":{""inputs"":[[""self"",{""generic"":""Self""}],[""rhs"",{""resolved_path"":{""args"":null,""path"":""arbi_anafis::ArbiInt""}}]],""is_c_variadic"":false,""output"":{""qualified_path"":{""args"":null,""name"":""Output"",""self_type"":{""generic"":""Self""},""trait"":{""args"":null,""path"":""core::ops::arith::Sub""}}}}}"
arbi_anafis::ArbiInt	&arbi_anafis::ArbiInt	trait	core::ops::arith::Sub<arbi_anafis::ArbiInt>	trait_impl	Sub	src/int/api/ops/sub.rs	131	[]	[]	"{""generics"":{""params"":[],""where_predicates"":[]},""is_negative"":false,""is_unsafe"":false,""provided_trait_methods"":[]}"
arbi_anafis::ArbiInt	&arbi_anafis::ArbiInt	trait	core::ops::bit::BitAnd<&arbi_anafis::ArbiInt>	assoc_type	Output	src/int/api/ops/bitwise/signed.rs	56	[]	[]	"{""bounds"":[],""default_unstable"":null,""generics"":{""params"":[],""where_predicates"":[]},""type"":{""resolved_path"":{""args"":null,""path"":""arbi_anafis::ArbiInt""}}}"
arbi_anafis::ArbiInt	&arbi_anafis::ArbiInt	trait	core::ops::bit::BitAnd<&arbi_anafis::ArbiInt>	method	bitand	src/int/api/ops/bitwise/signed.rs	59	[]	"[{""other"":""#[attr = Inline(Hint)]""},{""other"":""#[attr = TrackCaller]""}]"	"{""generics"":{""params"":[],""where_predicates"":[]},""header"":{""abi"":""Rust"",""is_async"":false,""is_const"":false,""is_unsafe"":false},""sig"":{""inputs"":[[""self"",{""generic"":""Self""}],[""rhs"",{""borrowed_ref"":{""is_mutable"":false,""lifetime"":null,""type"":{""resolved_path"":{""args"":null,""path"":""arbi_anafis::ArbiInt""}}}}]],""is_c_variadic"":false,""output"":{""qualified_path"":{""args"":null,""name"":""Output"",""self_type"":{""generic"":""Self""},""trait"":{""args"":null,""path"":""core::ops::bit::BitAnd""}}}}}"
arbi_anafis::ArbiInt	&arbi_anafis::ArbiInt	trait	core::ops::bit::BitAnd<&arbi_anafis::ArbiInt>	trait_impl	BitAnd	src/int/api/ops/bitwise/signed.rs	55	[]	[]	"{""generics"":{""params"":[],""where_predicates"":[]},""is_negative"":false,""is_unsafe"":false,""provided_trait_methods"":[]}"
arbi_anafis::ArbiInt	&arbi_anafis::ArbiInt	trait	core::ops::bit::BitAnd<arbi_anafis::ArbiInt>	assoc_type	Output	src/int/api/ops/bitwise/signed.rs	40	[]	[]	"{""bounds"":[],""default_unstable"":null,""generics"":{""params"":[],""where_predicates"":[]},""type"":{""resolved_path"":{""args"":null,""path"":""arbi_anafis::ArbiInt""}}}"
arbi_anafis::ArbiInt	&arbi_anafis::ArbiInt	trait	core::ops::bit::BitAnd<arbi_anafis::ArbiInt>	method	bitand	src/int/api/ops/bitwise/signed.rs	43	[]	"[{""other"":""#[attr = Inline(Hint)]""},{""other"":""#[attr = TrackCaller]""}]"	"{""generics"":{""params"":[],""where_predicates"":[]},""header"":{""abi"":""Rust"",""is_async"":false,""is_const"":false,""is_unsafe"":false},""sig"":{""inputs"":[[""self"",{""generic"":""Self""}],[""rhs"",{""resolved_path"":{""args"":null,""path"":""arbi_anafis::ArbiInt""}}]],""is_c_variadic"":false,""output"":{""qualified_path"":{""args"":null,""name"":""Output"",""self_type"":{""generic"":""Self""},""trait"":{""args"":null,""path"":""core::ops::bit::BitAnd""}}}}}"
arbi_anafis::ArbiInt	&arbi_anafis::ArbiInt	trait	core::ops::bit::BitAnd<arbi_anafis::ArbiInt>	trait_impl	BitAnd	src/int/api/ops/bitwise/signed.rs	39	[]	[]	"{""generics"":{""params"":[],""where_predicates"":[]},""is_negative"":false,""is_unsafe"":false,""provided_trait_methods"":[]}"
arbi_anafis::ArbiInt	&arbi_anafis::ArbiInt	trait	core::ops::bit::BitOr<&arbi_anafis::ArbiInt>	assoc_type	Output	src/int/api/ops/bitwise/signed.rs	142	[]	[]	"{""bounds"":[],""default_unstable"":null,""generics"":{""params"":[],""where_predicates"":[]},""type"":{""resolved_path"":{""args"":null,""path"":""arbi_anafis::ArbiInt""}}}"
arbi_anafis::ArbiInt	&arbi_anafis::ArbiInt	trait	core::ops::bit::BitOr<&arbi_anafis::ArbiInt>	method	bitor	src/int/api/ops/bitwise/signed.rs	145	[]	"[{""other"":""#[attr = Inline(Hint)]""},{""other"":""#[attr = TrackCaller]""}]"	"{""generics"":{""params"":[],""where_predicates"":[]},""header"":{""abi"":""Rust"",""is_async"":false,""is_const"":false,""is_unsafe"":false},""sig"":{""inputs"":[[""self"",{""generic"":""Self""}],[""rhs"",{""borrowed_ref"":{""is_mutable"":false,""lifetime"":null,""type"":{""resolved_path"":{""args"":null,""path"":""arbi_anafis::ArbiInt""}}}}]],""is_c_variadic"":false,""output"":{""qualified_path"":{""args"":null,""name"":""Output"",""self_type"":{""generic"":""Self""},""trait"":{""args"":null,""path"":""core::ops::bit::BitOr""}}}}}"
arbi_anafis::ArbiInt	&arbi_anafis::ArbiInt	trait	core::ops::bit::BitOr<&arbi_anafis::ArbiInt>	trait_impl	BitOr	src/int/api/ops/bitwise/signed.rs	141	[]	[]	"{""generics"":{""params"":[],""where_predicates"":[]},""is_negative"":false,""is_unsafe"":false,""provided_trait_methods"":[]}"
arbi_anafis::ArbiInt	&arbi_anafis::ArbiInt	trait	core::ops::bit::BitOr<arbi_anafis::ArbiInt>	assoc_type	Output	src/int/api/ops/bitwise/signed.rs	126	[]	[]	"{""bounds"":[],""default_unstable"":null,""generics"":{""params"":[],""where_predicates"":[]},""type"":{""resolved_path"":{""args"":null,""path"":""arbi_anafis::ArbiInt""}}}"
arbi_anafis::ArbiInt	&arbi_anafis::ArbiInt	trait	core::ops::bit::BitOr<arbi_anafis::ArbiInt>	method	bitor	src/int/api/ops/bitwise/signed.rs	129	[]	"[{""other"":""#[attr = Inline(Hint)]""},{""other"":""#[attr = TrackCaller]""}]"	"{""generics"":{""params"":[],""where_predicates"":[]},""header"":{""abi"":""Rust"",""is_async"":false,""is_const"":false,""is_unsafe"":false},""sig"":{""inputs"":[[""self"",{""generic"":""Self""}],[""rhs"",{""resolved_path"":{""args"":null,""path"":""arbi_anafis::ArbiInt""}}]],""is_c_variadic"":false,""output"":{""qualified_path"":{""args"":null,""name"":""Output"",""self_type"":{""generic"":""Self""},""trait"":{""args"":null,""path"":""core::ops::bit::BitOr""}}}}}"
arbi_anafis::ArbiInt	&arbi_anafis::ArbiInt	trait	core::ops::bit::BitOr<arbi_anafis::ArbiInt>	trait_impl	BitOr	src/int/api/ops/bitwise/signed.rs	125	[]	[]	"{""generics"":{""params"":[],""where_predicates"":[]},""is_negative"":false,""is_unsafe"":false,""provided_trait_methods"":[]}"
arbi_anafis::ArbiInt	&arbi_anafis::ArbiInt	trait	core::ops::bit::BitXor<&arbi_anafis::ArbiInt>	assoc_type	Output	src/int/api/ops/bitwise/signed.rs	228	[]	[]	"{""bounds"":[],""default_unstable"":null,""generics"":{""params"":[],""where_predicates"":[]},""type"":{""resolved_path"":{""args"":null,""path"":""arbi_anafis::ArbiInt""}}}"
arbi_anafis::ArbiInt	&arbi_anafis::ArbiInt	trait	core::ops::bit::BitXor<&arbi_anafis::ArbiInt>	method	bitxor	src/int/api/ops/bitwise/signed.rs	231	[]	"[{""other"":""#[attr = Inline(Hint)]""},{""other"":""#[attr = TrackCaller]""}]"	"{""generics"":{""params"":[],""where_predicates"":[]},""header"":{""abi"":""Rust"",""is_async"":false,""is_const"":false,""is_unsafe"":false},""sig"":{""inputs"":[[""self"",{""generic"":""Self""}],[""rhs"",{""borrowed_ref"":{""is_mutable"":false,""lifetime"":null,""type"":{""resolved_path"":{""args"":null,""path"":""arbi_anafis::ArbiInt""}}}}]],""is_c_variadic"":false,""output"":{""qualified_path"":{""args"":null,""name"":""Output"",""self_type"":{""generic"":""Self""},""trait"":{""args"":null,""path"":""core::ops::bit::BitXor""}}}}}"
arbi_anafis::ArbiInt	&arbi_anafis::ArbiInt	trait	core::ops::bit::BitXor<&arbi_anafis::ArbiInt>	trait_impl	BitXor	src/int/api/ops/bitwise/signed.rs	227	[]	[]	"{""generics"":{""params"":[],""where_predicates"":[]},""is_negative"":false,""is_unsafe"":false,""provided_trait_methods"":[]}"
arbi_anafis::ArbiInt	&arbi_anafis::ArbiInt	trait	core::ops::bit::BitXor<arbi_anafis::ArbiInt>	assoc_type	Output	src/int/api/ops/bitwise/signed.rs	212	[]	[]	"{""bounds"":[],""default_unstable"":null,""generics"":{""params"":[],""where_predicates"":[]},""type"":{""resolved_path"":{""args"":null,""path"":""arbi_anafis::ArbiInt""}}}"
arbi_anafis::ArbiInt	&arbi_anafis::ArbiInt	trait	core::ops::bit::BitXor<arbi_anafis::ArbiInt>	method	bitxor	src/int/api/ops/bitwise/signed.rs	215	[]	"[{""other"":""#[attr = Inline(Hint)]""},{""other"":""#[attr = TrackCaller]""}]"	"{""generics"":{""params"":[],""where_predicates"":[]},""header"":{""abi"":""Rust"",""is_async"":false,""is_const"":false,""is_unsafe"":false},""sig"":{""inputs"":[[""self"",{""generic"":""Self""}],[""rhs"",{""resolved_path"":{""args"":null,""path"":""arbi_anafis::ArbiInt""}}]],""is_c_variadic"":false,""output"":{""qualified_path"":{""args"":null,""name"":""Output"",""self_type"":{""generic"":""Self""},""trait"":{""args"":null,""path"":""core::ops::bit::BitXor""}}}}}"
arbi_anafis::ArbiInt	&arbi_anafis::ArbiInt	trait	core::ops::bit::BitXor<arbi_anafis::ArbiInt>	trait_impl	BitXor	src/int/api/ops/bitwise/signed.rs	211	[]	[]	"{""generics"":{""params"":[],""where_predicates"":[]},""is_negative"":false,""is_unsafe"":false,""provided_trait_methods"":[]}"
arbi_anafis::ArbiInt	&arbi_anafis::ArbiInt	trait	core::ops::bit::Not	assoc_type	Output	src/int/api/ops/bitwise/signed.rs	280	[]	[]	"{""bounds"":[],""default_unstable"":null,""generics"":{""params"":[],""where_predicates"":[]},""type"":{""resolved_path"":{""args"":null,""path"":""arbi_anafis::ArbiInt""}}}"
arbi_anafis::ArbiInt	&arbi_anafis::ArbiInt	trait	core::ops::bit::Not	method	not	src/int/api/ops/bitwise/signed.rs	283	[]	"[{""other"":""#[attr = Inline(Hint)]""},{""other"":""#[attr = TrackCaller]""}]"	"{""generics"":{""params"":[],""where_predicates"":[]},""header"":{""abi"":""Rust"",""is_async"":false,""is_const"":false,""is_unsafe"":false},""sig"":{""inputs"":[[""self"",{""generic"":""Self""}]],""is_c_variadic"":false,""output"":{""qualified_path"":{""args"":null,""name"":""Output"",""self_type"":{""generic"":""Self""},""trait"":{""args"":null,""path"":""core::ops::bit::Not""}}}}}"
arbi_anafis::ArbiInt	&arbi_anafis::ArbiInt	trait	core::ops::bit::Not	trait_impl	Not	src/int/api/ops/bitwise/signed.rs	279	[]	[]	"{""generics"":{""params"":[],""where_predicates"":[]},""is_negative"":false,""is_unsafe"":false,""provided_trait_methods"":[]}"
arbi_anafis::ArbiInt	&arbi_anafis::ArbiInt	trait	core::ops::bit::Shl<i128>	assoc_type	Output	src/int/api/ops/shift.rs	349	[]	[]	"{""bounds"":[],""default_unstable"":null,""generics"":{""params"":[],""where_predicates"":[]},""type"":{""resolved_path"":{""args"":null,""path"":""arbi_anafis::ArbiInt""}}}"
arbi_anafis::ArbiInt	&arbi_anafis::ArbiInt	trait	core::ops::bit::Shl<i128>	method	shl	src/int/api/ops/shift.rs	349	[]	"[{""other"":""#[allow(clippy :: as_conversions, clippy :: cast_possible_truncation, reason =\n\""shift trait impls normalize counts to usize; checked conversions panic instead of truncating on narrow targets\"")]""},{""other"":""#[attr = Inline(Hint)]""},{""other"":""#[attr = TrackCaller]""}]"	"{""generics"":{""params"":[],""where_predicates"":[]},""header"":{""abi"":""Rust"",""is_async"":false,""is_const"":false,""is_unsafe"":false},""sig"":{""inputs"":[[""self"",{""generic"":""Self""}],[""shift"",{""primitive"":""i128""}]],""is_c_variadic"":false,""output"":{""qualified_path"":{""args"":null,""name"":""Output"",""self_type"":{""generic"":""Self""},""trait"":{""args"":null,""path"":""core::ops::bit::Shl""}}}}}"
arbi_anafis::ArbiInt	&arbi_anafis::ArbiInt	trait	core::ops::bit::Shl<i128>	trait_impl	Shl	src/int/api/ops/shift.rs	349	[]	[]	"{""generics"":{""params"":[],""where_predicates"":[]},""is_negative"":false,""is_unsafe"":false,""provided_trait_methods"":[]}"
arbi_anafis::ArbiInt	&arbi_anafis::ArbiInt	trait	core::ops::bit::Shl<i16>	assoc_type	Output	src/int/api/ops/shift.rs	349	[]	[]	"{""bounds"":[],""default_unstable"":null,""generics"":{""params"":[],""where_predicates"":[]},""type"":{""resolved_path"":{""args"":null,""path"":""arbi_anafis::ArbiInt""}}}"
arbi_anafis::ArbiInt	&arbi_anafis::ArbiInt	trait	core::ops::bit::Shl<i16>	method	shl	src/int/api/ops/shift.rs	349	[]	"[{""other"":""#[allow(clippy :: as_conversions, clippy :: cast_possible_truncation, reason =\n\""shift trait impls normalize counts to usize; checked conversions panic instead of truncating on narrow targets\"")]""},{""other"":""#[attr = Inline(Hint)]""},{""other"":""#[attr = TrackCaller]""}]"	"{""generics"":{""params"":[],""where_predicates"":[]},""header"":{""abi"":""Rust"",""is_async"":false,""is_const"":false,""is_unsafe"":false},""sig"":{""inputs"":[[""self"",{""generic"":""Self""}],[""shift"",{""primitive"":""i16""}]],""is_c_variadic"":false,""output"":{""qualified_path"":{""args"":null,""name"":""Output"",""self_type"":{""generic"":""Self""},""trait"":{""args"":null,""path"":""core::ops::bit::Shl""}}}}}"
arbi_anafis::ArbiInt	&arbi_anafis::ArbiInt	trait	core::ops::bit::Shl<i16>	trait_impl	Shl	src/int/api/ops/shift.rs	349	[]	[]	"{""generics"":{""params"":[],""where_predicates"":[]},""is_negative"":false,""is_unsafe"":false,""provided_trait_methods"":[]}"
arbi_anafis::ArbiInt	&arbi_anafis::ArbiInt	trait	core::ops::bit::Shl<i32>	assoc_type	Output	src/int/api/ops/shift.rs	349	[]	[]	"{""bounds"":[],""default_unstable"":null,""generics"":{""params"":[],""where_predicates"":[]},""type"":{""resolved_path"":{""args"":null,""path"":""arbi_anafis::ArbiInt""}}}"
arbi_anafis::ArbiInt	&arbi_anafis::ArbiInt	trait	core::ops::bit::Shl<i32>	method	shl	src/int/api/ops/shift.rs	349	[]	"[{""other"":""#[allow(clippy :: as_conversions, clippy :: cast_possible_truncation, reason =\n\""shift trait impls normalize counts to usize; checked conversions panic instead of truncating on narrow targets\"")]""},{""other"":""#[attr = Inline(Hint)]""},{""other"":""#[attr = TrackCaller]""}]"	"{""generics"":{""params"":[],""where_predicates"":[]},""header"":{""abi"":""Rust"",""is_async"":false,""is_const"":false,""is_unsafe"":false},""sig"":{""inputs"":[[""self"",{""generic"":""Self""}],[""shift"",{""primitive"":""i32""}]],""is_c_variadic"":false,""output"":{""qualified_path"":{""args"":null,""name"":""Output"",""self_type"":{""generic"":""Self""},""trait"":{""args"":null,""path"":""core::ops::bit::Shl""}}}}}"
arbi_anafis::ArbiInt	&arbi_anafis::ArbiInt	trait	core::ops::bit::Shl<i32>	trait_impl	Shl	src/int/api/ops/shift.rs	349	[]	[]	"{""generics"":{""params"":[],""where_predicates"":[]},""is_negative"":false,""is_unsafe"":false,""provided_trait_methods"":[]}"
arbi_anafis::ArbiInt	&arbi_anafis::ArbiInt	trait	core::ops::bit::Shl<i64>	assoc_type	Output	src/int/api/ops/shift.rs	349	[]	[]	"{""bounds"":[],""default_unstable"":null,""generics"":{""params"":[],""where_predicates"":[]},""type"":{""resolved_path"":{""args"":null,""path"":""arbi_anafis::ArbiInt""}}}"
arbi_anafis::ArbiInt	&arbi_anafis::ArbiInt	trait	core::ops::bit::Shl<i64>	method	shl	src/int/api/ops/shift.rs	349	[]	"[{""other"":""#[allow(clippy :: as_conversions, clippy :: cast_possible_truncation, reason =\n\""shift trait impls normalize counts to usize; checked conversions panic instead of truncating on narrow targets\"")]""},{""other"":""#[attr = Inline(Hint)]""},{""other"":""#[attr = TrackCaller]""}]"	"{""generics"":{""params"":[],""where_predicates"":[]},""header"":{""abi"":""Rust"",""is_async"":false,""is_const"":false,""is_unsafe"":false},""sig"":{""inputs"":[[""self"",{""generic"":""Self""}],[""shift"",{""primitive"":""i64""}]],""is_c_variadic"":false,""output"":{""qualified_path"":{""args"":null,""name"":""Output"",""self_type"":{""generic"":""Self""},""trait"":{""args"":null,""path"":""core::ops::bit::Shl""}}}}}"
arbi_anafis::ArbiInt	&arbi_anafis::ArbiInt	trait	core::ops::bit::Shl<i64>	trait_impl	Shl	src/int/api/ops/shift.rs	349	[]	[]	"{""generics"":{""params"":[],""where_predicates"":[]},""is_negative"":false,""is_unsafe"":false,""provided_trait_methods"":[]}"
arbi_anafis::ArbiInt	&arbi_anafis::ArbiInt	trait	core::ops::bit::Shl<i8>	assoc_type	Output	src/int/api/ops/shift.rs	349	[]	[]	"{""bounds"":[],""default_unstable"":null,""generics"":{""params"":[],""where_predicates"":[]},""type"":{""resolved_path"":{""args"":null,""path"":""arbi_anafis::ArbiInt""}}}"
arbi_anafis::ArbiInt	&arbi_anafis::ArbiInt	trait	core::ops::bit::Shl<i8>	method	shl	src/int/api/ops/shift.rs	349	[]	"[{""other"":""#[allow(clippy :: as_conversions, clippy :: cast_possible_truncation, reason =\n\""shift trait impls normalize counts to usize; checked conversions panic instead of truncating on narrow targets\"")]""},{""other"":""#[attr = Inline(Hint)]""},{""other"":""#[attr = TrackCaller]""}]"	"{""generics"":{""params"":[],""where_predicates"":[]},""header"":{""abi"":""Rust"",""is_async"":false,""is_const"":false,""is_unsafe"":false},""sig"":{""inputs"":[[""self"",{""generic"":""Self""}],[""shift"",{""primitive"":""i8""}]],""is_c_variadic"":false,""output"":{""qualified_path"":{""args"":null,""name"":""Output"",""self_type"":{""generic"":""Self""},""trait"":{""args"":null,""path"":""core::ops::bit::Shl""}}}}}"
arbi_anafis::ArbiInt	&arbi_anafis::ArbiInt	trait	core::ops::bit::Shl<i8>	trait_impl	Shl	src/int/api/ops/shift.rs	349	[]	[]	"{""generics"":{""params"":[],""where_predicates"":[]},""is_negative"":false,""is_unsafe"":false,""provided_trait_methods"":[]}"
arbi_anafis::ArbiInt	&arbi_anafis::ArbiInt	trait	core::ops::bit::Shl<isize>	assoc_type	Output	src/int/api/ops/shift.rs	349	[]	[]	"{""bounds"":[],""default_unstable"":null,""generics"":{""params"":[],""where_predicates"":[]},""type"":{""resolved_path"":{""args"":null,""path"":""arbi_anafis::ArbiInt""}}}"
arbi_anafis::ArbiInt	&arbi_anafis::ArbiInt	trait	core::ops::bit::Shl<isize>	method	shl	src/int/api/ops/shift.rs	349	[]	"[{""other"":""#[allow(clippy :: as_conversions, clippy :: cast_possible_truncation, reason =\n\""shift trait impls normalize counts to usize; checked conversions panic instead of truncating on narrow targets\"")]""},{""other"":""#[attr = Inline(Hint)]""},{""other"":""#[attr = TrackCaller]""}]"	"{""generics"":{""params"":[],""where_predicates"":[]},""header"":{""abi"":""Rust"",""is_async"":false,""is_const"":false,""is_unsafe"":false},""sig"":{""inputs"":[[""self"",{""generic"":""Self""}],[""shift"",{""primitive"":""isize""}]],""is_c_variadic"":false,""output"":{""qualified_path"":{""args"":null,""name"":""Output"",""self_type"":{""generic"":""Self""},""trait"":{""args"":null,""path"":""core::ops::bit::Shl""}}}}}"
arbi_anafis::ArbiInt	&arbi_anafis::ArbiInt	trait	core::ops::bit::Shl<isize>	trait_impl	Shl	src/int/api/ops/shift.rs	349	[]	[]	"{""generics"":{""params"":[],""where_predicates"":[]},""is_negative"":false,""is_unsafe"":false,""provided_trait_methods"":[]}"
arbi_anafis::ArbiInt	&arbi_anafis::ArbiInt	trait	core::ops::bit::Shl<u128>	assoc_type	Output	src/int/api/ops/shift.rs	349	[]	[]	"{""bounds"":[],""default_unstable"":null,""generics"":{""params"":[],""where_predicates"":[]},""type"":{""resolved_path"":{""args"":null,""path"":""arbi_anafis::ArbiInt""}}}"
arbi_anafis::ArbiInt	&arbi_anafis::ArbiInt	trait	core::ops::bit::Shl<u128>	method	shl	src/int/api/ops/shift.rs	349	[]	"[{""other"":""#[allow(clippy :: as_conversions, clippy :: cast_possible_truncation, reason =\n\""shift trait impls normalize counts to usize; checked conversions panic instead of truncating on narrow targets\"")]""},{""other"":""#[attr = Inline(Hint)]""},{""other"":""#[attr = TrackCaller]""}]"	"{""generics"":{""params"":[],""where_predicates"":[]},""header"":{""abi"":""Rust"",""is_async"":false,""is_const"":false,""is_unsafe"":false},""sig"":{""inputs"":[[""self"",{""generic"":""Self""}],[""shift"",{""primitive"":""u128""}]],""is_c_variadic"":false,""output"":{""qualified_path"":{""args"":null,""name"":""Output"",""self_type"":{""generic"":""Self""},""trait"":{""args"":null,""path"":""core::ops::bit::Shl""}}}}}"
arbi_anafis::ArbiInt	&arbi_anafis::ArbiInt	trait	core::ops::bit::Shl<u128>	trait_impl	Shl	src/int/api/ops/shift.rs	349	[]	[]	"{""generics"":{""params"":[],""where_predicates"":[]},""is_negative"":false,""is_unsafe"":false,""provided_trait_methods"":[]}"
arbi_anafis::ArbiInt	&arbi_anafis::ArbiInt	trait	core::ops::bit::Shl<u16>	assoc_type	Output	src/int/api/ops/shift.rs	349	[]	[]	"{""bounds"":[],""default_unstable"":null,""generics"":{""params"":[],""where_predicates"":[]},""type"":{""resolved_path"":{""args"":null,""path"":""arbi_anafis::ArbiInt""}}}"
arbi_anafis::ArbiInt	&arbi_anafis::ArbiInt	trait	core::ops::bit::Shl<u16>	method	shl	src/int/api/ops/shift.rs	349	[]	"[{""other"":""#[allow(clippy :: as_conversions, clippy :: cast_possible_truncation, reason =\n\""shift trait impls normalize counts to usize; checked conversions panic instead of truncating on narrow targets\"")]""},{""other"":""#[attr = Inline(Hint)]""},{""other"":""#[attr = TrackCaller]""}]"	"{""generics"":{""params"":[],""where_predicates"":[]},""header"":{""abi"":""Rust"",""is_async"":false,""is_const"":false,""is_unsafe"":false},""sig"":{""inputs"":[[""self"",{""generic"":""Self""}],[""shift"",{""primitive"":""u16""}]],""is_c_variadic"":false,""output"":{""qualified_path"":{""args"":null,""name"":""Output"",""self_type"":{""generic"":""Self""},""trait"":{""args"":null,""path"":""core::ops::bit::Shl""}}}}}"
arbi_anafis::ArbiInt	&arbi_anafis::ArbiInt	trait	core::ops::bit::Shl<u16>	trait_impl	Shl	src/int/api/ops/shift.rs	349	[]	[]	"{""generics"":{""params"":[],""where_predicates"":[]},""is_negative"":false,""is_unsafe"":false,""provided_trait_methods"":[]}"
arbi_anafis::ArbiInt	&arbi_anafis::ArbiInt	trait	core::ops::bit::Shl<u32>	assoc_type	Output	src/int/api/ops/shift.rs	349	[]	[]	"{""bounds"":[],""default_unstable"":null,""generics"":{""params"":[],""where_predicates"":[]},""type"":{""resolved_path"":{""args"":null,""path"":""arbi_anafis::ArbiInt""}}}"
arbi_anafis::ArbiInt	&arbi_anafis::ArbiInt	trait	core::ops::bit::Shl<u32>	method	shl	src/int/api/ops/shift.rs	349	[]	"[{""other"":""#[allow(clippy :: as_conversions, clippy :: cast_possible_truncation, reason =\n\""shift trait impls normalize counts to usize; checked conversions panic instead of truncating on narrow targets\"")]""},{""other"":""#[attr = Inline(Hint)]""},{""other"":""#[attr = TrackCaller]""}]"	"{""generics"":{""params"":[],""where_predicates"":[]},""header"":{""abi"":""Rust"",""is_async"":false,""is_const"":false,""is_unsafe"":false},""sig"":{""inputs"":[[""self"",{""generic"":""Self""}],[""shift"",{""primitive"":""u32""}]],""is_c_variadic"":false,""output"":{""qualified_path"":{""args"":null,""name"":""Output"",""self_type"":{""generic"":""Self""},""trait"":{""args"":null,""path"":""core::ops::bit::Shl""}}}}}"
arbi_anafis::ArbiInt	&arbi_anafis::ArbiInt	trait	core::ops::bit::Shl<u32>	trait_impl	Shl	src/int/api/ops/shift.rs	349	[]	[]	"{""generics"":{""params"":[],""where_predicates"":[]},""is_negative"":false,""is_unsafe"":false,""provided_trait_methods"":[]}"
arbi_anafis::ArbiInt	&arbi_anafis::ArbiInt	trait	core::ops::bit::Shl<u64>	assoc_type	Output	src/int/api/ops/shift.rs	349	[]	[]	"{""bounds"":[],""default_unstable"":null,""generics"":{""params"":[],""where_predicates"":[]},""type"":{""resolved_path"":{""args"":null,""path"":""arbi_anafis::ArbiInt""}}}"
arbi_anafis::ArbiInt	&arbi_anafis::ArbiInt	trait	core::ops::bit::Shl<u64>	method	shl	src/int/api/ops/shift.rs	349	[]	"[{""other"":""#[allow(clippy :: as_conversions, clippy :: cast_possible_truncation, reason =\n\""shift trait impls normalize counts to usize; checked conversions panic instead of truncating on narrow targets\"")]""},{""other"":""#[attr = Inline(Hint)]""},{""other"":""#[attr = TrackCaller]""}]"	"{""generics"":{""params"":[],""where_predicates"":[]},""header"":{""abi"":""Rust"",""is_async"":false,""is_const"":false,""is_unsafe"":false},""sig"":{""inputs"":[[""self"",{""generic"":""Self""}],[""shift"",{""primitive"":""u64""}]],""is_c_variadic"":false,""output"":{""qualified_path"":{""args"":null,""name"":""Output"",""self_type"":{""generic"":""Self""},""trait"":{""args"":null,""path"":""core::ops::bit::Shl""}}}}}"
arbi_anafis::ArbiInt	&arbi_anafis::ArbiInt	trait	core::ops::bit::Shl<u64>	trait_impl	Shl	src/int/api/ops/shift.rs	349	[]	[]	"{""generics"":{""params"":[],""where_predicates"":[]},""is_negative"":false,""is_unsafe"":false,""provided_trait_methods"":[]}"
arbi_anafis::ArbiInt	&arbi_anafis::ArbiInt	trait	core::ops::bit::Shl<u8>	assoc_type	Output	src/int/api/ops/shift.rs	349	[]	[]	"{""bounds"":[],""default_unstable"":null,""generics"":{""params"":[],""where_predicates"":[]},""type"":{""resolved_path"":{""args"":null,""path"":""arbi_anafis::ArbiInt""}}}"
arbi_anafis::ArbiInt	&arbi_anafis::ArbiInt	trait	core::ops::bit::Shl<u8>	method	shl	src/int/api/ops/shift.rs	349	[]	"[{""other"":""#[allow(clippy :: as_conversions, clippy :: cast_possible_truncation, reason =\n\""shift trait impls normalize counts to usize; checked conversions panic instead of truncating on narrow targets\"")]""},{""other"":""#[attr = Inline(Hint)]""},{""other"":""#[attr = TrackCaller]""}]"	"{""generics"":{""params"":[],""where_predicates"":[]},""header"":{""abi"":""Rust"",""is_async"":false,""is_const"":false,""is_unsafe"":false},""sig"":{""inputs"":[[""self"",{""generic"":""Self""}],[""shift"",{""primitive"":""u8""}]],""is_c_variadic"":false,""output"":{""qualified_path"":{""args"":null,""name"":""Output"",""self_type"":{""generic"":""Self""},""trait"":{""args"":null,""path"":""core::ops::bit::Shl""}}}}}"
arbi_anafis::ArbiInt	&arbi_anafis::ArbiInt	trait	core::ops::bit::Shl<u8>	trait_impl	Shl	src/int/api/ops/shift.rs	349	[]	[]	"{""generics"":{""params"":[],""where_predicates"":[]},""is_negative"":false,""is_unsafe"":false,""provided_trait_methods"":[]}"
arbi_anafis::ArbiInt	&arbi_anafis::ArbiInt	trait	core::ops::bit::Shl<usize>	assoc_type	Output	src/int/api/ops/shift.rs	349	[]	[]	"{""bounds"":[],""default_unstable"":null,""generics"":{""params"":[],""where_predicates"":[]},""type"":{""resolved_path"":{""args"":null,""path"":""arbi_anafis::ArbiInt""}}}"
arbi_anafis::ArbiInt	&arbi_anafis::ArbiInt	trait	core::ops::bit::Shl<usize>	method	shl	src/int/api/ops/shift.rs	349	[]	"[{""other"":""#[allow(clippy :: as_conversions, clippy :: cast_possible_truncation, reason =\n\""shift trait impls normalize counts to usize; checked conversions panic instead of truncating on narrow targets\"")]""},{""other"":""#[attr = Inline(Hint)]""},{""other"":""#[attr = TrackCaller]""}]"	"{""generics"":{""params"":[],""where_predicates"":[]},""header"":{""abi"":""Rust"",""is_async"":false,""is_const"":false,""is_unsafe"":false},""sig"":{""inputs"":[[""self"",{""generic"":""Self""}],[""shift"",{""primitive"":""usize""}]],""is_c_variadic"":false,""output"":{""qualified_path"":{""args"":null,""name"":""Output"",""self_type"":{""generic"":""Self""},""trait"":{""args"":null,""path"":""core::ops::bit::Shl""}}}}}"
arbi_anafis::ArbiInt	&arbi_anafis::ArbiInt	trait	core::ops::bit::Shl<usize>	trait_impl	Shl	src/int/api/ops/shift.rs	349	[]	[]	"{""generics"":{""params"":[],""where_predicates"":[]},""is_negative"":false,""is_unsafe"":false,""provided_trait_methods"":[]}"
arbi_anafis::ArbiInt	&arbi_anafis::ArbiInt	trait	core::ops::bit::Shr<i128>	assoc_type	Output	src/int/api/ops/shift.rs	350	[]	[]	"{""bounds"":[],""default_unstable"":null,""generics"":{""params"":[],""where_predicates"":[]},""type"":{""resolved_path"":{""args"":null,""path"":""arbi_anafis::ArbiInt""}}}"
arbi_anafis::ArbiInt	&arbi_anafis::ArbiInt	trait	core::ops::bit::Shr<i128>	method	shr	src/int/api/ops/shift.rs	350	[]	"[{""other"":""#[allow(clippy :: as_conversions, clippy :: cast_possible_truncation, reason =\n\""shift trait impls normalize counts to usize; checked conversions panic instead of truncating on narrow targets\"")]""},{""other"":""#[attr = Inline(Hint)]""},{""other"":""#[attr = TrackCaller]""}]"	"{""generics"":{""params"":[],""where_predicates"":[]},""header"":{""abi"":""Rust"",""is_async"":false,""is_const"":false,""is_unsafe"":false},""sig"":{""inputs"":[[""self"",{""generic"":""Self""}],[""shift"",{""primitive"":""i128""}]],""is_c_variadic"":false,""output"":{""qualified_path"":{""args"":null,""name"":""Output"",""self_type"":{""generic"":""Self""},""trait"":{""args"":null,""path"":""core::ops::bit::Shr""}}}}}"
arbi_anafis::ArbiInt	&arbi_anafis::ArbiInt	trait	core::ops::bit::Shr<i128>	trait_impl	Shr	src/int/api/ops/shift.rs	350	[]	[]	"{""generics"":{""params"":[],""where_predicates"":[]},""is_negative"":false,""is_unsafe"":false,""provided_trait_methods"":[]}"
arbi_anafis::ArbiInt	&arbi_anafis::ArbiInt	trait	core::ops::bit::Shr<i16>	assoc_type	Output	src/int/api/ops/shift.rs	350	[]	[]	"{""bounds"":[],""default_unstable"":null,""generics"":{""params"":[],""where_predicates"":[]},""type"":{""resolved_path"":{""args"":null,""path"":""arbi_anafis::ArbiInt""}}}"
arbi_anafis::ArbiInt	&arbi_anafis::ArbiInt	trait	core::ops::bit::Shr<i16>	method	shr	src/int/api/ops/shift.rs	350	[]	"[{""other"":""#[allow(clippy :: as_conversions, clippy :: cast_possible_truncation, reason =\n\""shift trait impls normalize counts to usize; checked conversions panic instead of truncating on narrow targets\"")]""},{""other"":""#[attr = Inline(Hint)]""},{""other"":""#[attr = TrackCaller]""}]"	"{""generics"":{""params"":[],""where_predicates"":[]},""header"":{""abi"":""Rust"",""is_async"":false,""is_const"":false,""is_unsafe"":false},""sig"":{""inputs"":[[""self"",{""generic"":""Self""}],[""shift"",{""primitive"":""i16""}]],""is_c_variadic"":false,""output"":{""qualified_path"":{""args"":null,""name"":""Output"",""self_type"":{""generic"":""Self""},""trait"":{""args"":null,""path"":""core::ops::bit::Shr""}}}}}"
arbi_anafis::ArbiInt	&arbi_anafis::ArbiInt	trait	core::ops::bit::Shr<i16>	trait_impl	Shr	src/int/api/ops/shift.rs	350	[]	[]	"{""generics"":{""params"":[],""where_predicates"":[]},""is_negative"":false,""is_unsafe"":false,""provided_trait_methods"":[]}"
arbi_anafis::ArbiInt	&arbi_anafis::ArbiInt	trait	core::ops::bit::Shr<i32>	assoc_type	Output	src/int/api/ops/shift.rs	350	[]	[]	"{""bounds"":[],""default_unstable"":null,""generics"":{""params"":[],""where_predicates"":[]},""type"":{""resolved_path"":{""args"":null,""path"":""arbi_anafis::ArbiInt""}}}"
arbi_anafis::ArbiInt	&arbi_anafis::ArbiInt	trait	core::ops::bit::Shr<i32>	method	shr	src/int/api/ops/shift.rs	350	[]	"[{""other"":""#[allow(clippy :: as_conversions, clippy :: cast_possible_truncation, reason =\n\""shift trait impls normalize counts to usize; checked conversions panic instead of truncating on narrow targets\"")]""},{""other"":""#[attr = Inline(Hint)]""},{""other"":""#[attr = TrackCaller]""}]"	"{""generics"":{""params"":[],""where_predicates"":[]},""header"":{""abi"":""Rust"",""is_async"":false,""is_const"":false,""is_unsafe"":false},""sig"":{""inputs"":[[""self"",{""generic"":""Self""}],[""shift"",{""primitive"":""i32""}]],""is_c_variadic"":false,""output"":{""qualified_path"":{""args"":null,""name"":""Output"",""self_type"":{""generic"":""Self""},""trait"":{""args"":null,""path"":""core::ops::bit::Shr""}}}}}"
arbi_anafis::ArbiInt	&arbi_anafis::ArbiInt	trait	core::ops::bit::Shr<i32>	trait_impl	Shr	src/int/api/ops/shift.rs	350	[]	[]	"{""generics"":{""params"":[],""where_predicates"":[]},""is_negative"":false,""is_unsafe"":false,""provided_trait_methods"":[]}"
arbi_anafis::ArbiInt	&arbi_anafis::ArbiInt	trait	core::ops::bit::Shr<i64>	assoc_type	Output	src/int/api/ops/shift.rs	350	[]	[]	"{""bounds"":[],""default_unstable"":null,""generics"":{""params"":[],""where_predicates"":[]},""type"":{""resolved_path"":{""args"":null,""path"":""arbi_anafis::ArbiInt""}}}"
arbi_anafis::ArbiInt	&arbi_anafis::ArbiInt	trait	core::ops::bit::Shr<i64>	method	shr	src/int/api/ops/shift.rs	350	[]	"[{""other"":""#[allow(clippy :: as_conversions, clippy :: cast_possible_truncation, reason =\n\""shift trait impls normalize counts to usize; checked conversions panic instead of truncating on narrow targets\"")]""},{""other"":""#[attr = Inline(Hint)]""},{""other"":""#[attr = TrackCaller]""}]"	"{""generics"":{""params"":[],""where_predicates"":[]},""header"":{""abi"":""Rust"",""is_async"":false,""is_const"":false,""is_unsafe"":false},""sig"":{""inputs"":[[""self"",{""generic"":""Self""}],[""shift"",{""primitive"":""i64""}]],""is_c_variadic"":false,""output"":{""qualified_path"":{""args"":null,""name"":""Output"",""self_type"":{""generic"":""Self""},""trait"":{""args"":null,""path"":""core::ops::bit::Shr""}}}}}"
arbi_anafis::ArbiInt	&arbi_anafis::ArbiInt	trait	core::ops::bit::Shr<i64>	trait_impl	Shr	src/int/api/ops/shift.rs	350	[]	[]	"{""generics"":{""params"":[],""where_predicates"":[]},""is_negative"":false,""is_unsafe"":false,""provided_trait_methods"":[]}"
arbi_anafis::ArbiInt	&arbi_anafis::ArbiInt	trait	core::ops::bit::Shr<i8>	assoc_type	Output	src/int/api/ops/shift.rs	350	[]	[]	"{""bounds"":[],""default_unstable"":null,""generics"":{""params"":[],""where_predicates"":[]},""type"":{""resolved_path"":{""args"":null,""path"":""arbi_anafis::ArbiInt""}}}"
arbi_anafis::ArbiInt	&arbi_anafis::ArbiInt	trait	core::ops::bit::Shr<i8>	method	shr	src/int/api/ops/shift.rs	350	[]	"[{""other"":""#[allow(clippy :: as_conversions, clippy :: cast_possible_truncation, reason =\n\""shift trait impls normalize counts to usize; checked conversions panic instead of truncating on narrow targets\"")]""},{""other"":""#[attr = Inline(Hint)]""},{""other"":""#[attr = TrackCaller]""}]"	"{""generics"":{""params"":[],""where_predicates"":[]},""header"":{""abi"":""Rust"",""is_async"":false,""is_const"":false,""is_unsafe"":false},""sig"":{""inputs"":[[""self"",{""generic"":""Self""}],[""shift"",{""primitive"":""i8""}]],""is_c_variadic"":false,""output"":{""qualified_path"":{""args"":null,""name"":""Output"",""self_type"":{""generic"":""Self""},""trait"":{""args"":null,""path"":""core::ops::bit::Shr""}}}}}"
arbi_anafis::ArbiInt	&arbi_anafis::ArbiInt	trait	core::ops::bit::Shr<i8>	trait_impl	Shr	src/int/api/ops/shift.rs	350	[]	[]	"{""generics"":{""params"":[],""where_predicates"":[]},""is_negative"":false,""is_unsafe"":false,""provided_trait_methods"":[]}"
arbi_anafis::ArbiInt	&arbi_anafis::ArbiInt	trait	core::ops::bit::Shr<isize>	assoc_type	Output	src/int/api/ops/shift.rs	350	[]	[]	"{""bounds"":[],""default_unstable"":null,""generics"":{""params"":[],""where_predicates"":[]},""type"":{""resolved_path"":{""args"":null,""path"":""arbi_anafis::ArbiInt""}}}"
arbi_anafis::ArbiInt	&arbi_anafis::ArbiInt	trait	core::ops::bit::Shr<isize>	method	shr	src/int/api/ops/shift.rs	350	[]	"[{""other"":""#[allow(clippy :: as_conversions, clippy :: cast_possible_truncation, reason =\n\""shift trait impls normalize counts to usize; checked conversions panic instead of truncating on narrow targets\"")]""},{""other"":""#[attr = Inline(Hint)]""},{""other"":""#[attr = TrackCaller]""}]"	"{""generics"":{""params"":[],""where_predicates"":[]},""header"":{""abi"":""Rust"",""is_async"":false,""is_const"":false,""is_unsafe"":false},""sig"":{""inputs"":[[""self"",{""generic"":""Self""}],[""shift"",{""primitive"":""isize""}]],""is_c_variadic"":false,""output"":{""qualified_path"":{""args"":null,""name"":""Output"",""self_type"":{""generic"":""Self""},""trait"":{""args"":null,""path"":""core::ops::bit::Shr""}}}}}"
arbi_anafis::ArbiInt	&arbi_anafis::ArbiInt	trait	core::ops::bit::Shr<isize>	trait_impl	Shr	src/int/api/ops/shift.rs	350	[]	[]	"{""generics"":{""params"":[],""where_predicates"":[]},""is_negative"":false,""is_unsafe"":false,""provided_trait_methods"":[]}"
arbi_anafis::ArbiInt	&arbi_anafis::ArbiInt	trait	core::ops::bit::Shr<u128>	assoc_type	Output	src/int/api/ops/shift.rs	350	[]	[]	"{""bounds"":[],""default_unstable"":null,""generics"":{""params"":[],""where_predicates"":[]},""type"":{""resolved_path"":{""args"":null,""path"":""arbi_anafis::ArbiInt""}}}"
arbi_anafis::ArbiInt	&arbi_anafis::ArbiInt	trait	core::ops::bit::Shr<u128>	method	shr	src/int/api/ops/shift.rs	350	[]	"[{""other"":""#[allow(clippy :: as_conversions, clippy :: cast_possible_truncation, reason =\n\""shift trait impls normalize counts to usize; checked conversions panic instead of truncating on narrow targets\"")]""},{""other"":""#[attr = Inline(Hint)]""},{""other"":""#[attr = TrackCaller]""}]"	"{""generics"":{""params"":[],""where_predicates"":[]},""header"":{""abi"":""Rust"",""is_async"":false,""is_const"":false,""is_unsafe"":false},""sig"":{""inputs"":[[""self"",{""generic"":""Self""}],[""shift"",{""primitive"":""u128""}]],""is_c_variadic"":false,""output"":{""qualified_path"":{""args"":null,""name"":""Output"",""self_type"":{""generic"":""Self""},""trait"":{""args"":null,""path"":""core::ops::bit::Shr""}}}}}"
arbi_anafis::ArbiInt	&arbi_anafis::ArbiInt	trait	core::ops::bit::Shr<u128>	trait_impl	Shr	src/int/api/ops/shift.rs	350	[]	[]	"{""generics"":{""params"":[],""where_predicates"":[]},""is_negative"":false,""is_unsafe"":false,""provided_trait_methods"":[]}"
arbi_anafis::ArbiInt	&arbi_anafis::ArbiInt	trait	core::ops::bit::Shr<u16>	assoc_type	Output	src/int/api/ops/shift.rs	350	[]	[]	"{""bounds"":[],""default_unstable"":null,""generics"":{""params"":[],""where_predicates"":[]},""type"":{""resolved_path"":{""args"":null,""path"":""arbi_anafis::ArbiInt""}}}"
arbi_anafis::ArbiInt	&arbi_anafis::ArbiInt	trait	core::ops::bit::Shr<u16>	method	shr	src/int/api/ops/shift.rs	350	[]	"[{""other"":""#[allow(clippy :: as_conversions, clippy :: cast_possible_truncation, reason =\n\""shift trait impls normalize counts to usize; checked conversions panic instead of truncating on narrow targets\"")]""},{""other"":""#[attr = Inline(Hint)]""},{""other"":""#[attr = TrackCaller]""}]"	"{""generics"":{""params"":[],""where_predicates"":[]},""header"":{""abi"":""Rust"",""is_async"":false,""is_const"":false,""is_unsafe"":false},""sig"":{""inputs"":[[""self"",{""generic"":""Self""}],[""shift"",{""primitive"":""u16""}]],""is_c_variadic"":false,""output"":{""qualified_path"":{""args"":null,""name"":""Output"",""self_type"":{""generic"":""Self""},""trait"":{""args"":null,""path"":""core::ops::bit::Shr""}}}}}"
arbi_anafis::ArbiInt	&arbi_anafis::ArbiInt	trait	core::ops::bit::Shr<u16>	trait_impl	Shr	src/int/api/ops/shift.rs	350	[]	[]	"{""generics"":{""params"":[],""where_predicates"":[]},""is_negative"":false,""is_unsafe"":false,""provided_trait_methods"":[]}"
arbi_anafis::ArbiInt	&arbi_anafis::ArbiInt	trait	core::ops::bit::Shr<u32>	assoc_type	Output	src/int/api/ops/shift.rs	350	[]	[]	"{""bounds"":[],""default_unstable"":null,""generics"":{""params"":[],""where_predicates"":[]},""type"":{""resolved_path"":{""args"":null,""path"":""arbi_anafis::ArbiInt""}}}"
arbi_anafis::ArbiInt	&arbi_anafis::ArbiInt	trait	core::ops::bit::Shr<u32>	method	shr	src/int/api/ops/shift.rs	350	[]	"[{""other"":""#[allow(clippy :: as_conversions, clippy :: cast_possible_truncation, reason =\n\""shift trait impls normalize counts to usize; checked conversions panic instead of truncating on narrow targets\"")]""},{""other"":""#[attr = Inline(Hint)]""},{""other"":""#[attr = TrackCaller]""}]"	"{""generics"":{""params"":[],""where_predicates"":[]},""header"":{""abi"":""Rust"",""is_async"":false,""is_const"":false,""is_unsafe"":false},""sig"":{""inputs"":[[""self"",{""generic"":""Self""}],[""shift"",{""primitive"":""u32""}]],""is_c_variadic"":false,""output"":{""qualified_path"":{""args"":null,""name"":""Output"",""self_type"":{""generic"":""Self""},""trait"":{""args"":null,""path"":""core::ops::bit::Shr""}}}}}"
arbi_anafis::ArbiInt	&arbi_anafis::ArbiInt	trait	core::ops::bit::Shr<u32>	trait_impl	Shr	src/int/api/ops/shift.rs	350	[]	[]	"{""generics"":{""params"":[],""where_predicates"":[]},""is_negative"":false,""is_unsafe"":false,""provided_trait_methods"":[]}"
arbi_anafis::ArbiInt	&arbi_anafis::ArbiInt	trait	core::ops::bit::Shr<u64>	assoc_type	Output	src/int/api/ops/shift.rs	350	[]	[]	"{""bounds"":[],""default_unstable"":null,""generics"":{""params"":[],""where_predicates"":[]},""type"":{""resolved_path"":{""args"":null,""path"":""arbi_anafis::ArbiInt""}}}"
arbi_anafis::ArbiInt	&arbi_anafis::ArbiInt	trait	core::ops::bit::Shr<u64>	method	shr	src/int/api/ops/shift.rs	350	[]	"[{""other"":""#[allow(clippy :: as_conversions, clippy :: cast_possible_truncation, reason =\n\""shift trait impls normalize counts to usize; checked conversions panic instead of truncating on narrow targets\"")]""},{""other"":""#[attr = Inline(Hint)]""},{""other"":""#[attr = TrackCaller]""}]"	"{""generics"":{""params"":[],""where_predicates"":[]},""header"":{""abi"":""Rust"",""is_async"":false,""is_const"":false,""is_unsafe"":false},""sig"":{""inputs"":[[""self"",{""generic"":""Self""}],[""shift"",{""primitive"":""u64""}]],""is_c_variadic"":false,""output"":{""qualified_path"":{""args"":null,""name"":""Output"",""self_type"":{""generic"":""Self""},""trait"":{""args"":null,""path"":""core::ops::bit::Shr""}}}}}"
arbi_anafis::ArbiInt	&arbi_anafis::ArbiInt	trait	core::ops::bit::Shr<u64>	trait_impl	Shr	src/int/api/ops/shift.rs	350	[]	[]	"{""generics"":{""params"":[],""where_predicates"":[]},""is_negative"":false,""is_unsafe"":false,""provided_trait_methods"":[]}"
arbi_anafis::ArbiInt	&arbi_anafis::ArbiInt	trait	core::ops::bit::Shr<u8>	assoc_type	Output	src/int/api/ops/shift.rs	350	[]	[]	"{""bounds"":[],""default_unstable"":null,""generics"":{""params"":[],""where_predicates"":[]},""type"":{""resolved_path"":{""args"":null,""path"":""arbi_anafis::ArbiInt""}}}"
arbi_anafis::ArbiInt	&arbi_anafis::ArbiInt	trait	core::ops::bit::Shr<u8>	method	shr	src/int/api/ops/shift.rs	350	[]	"[{""other"":""#[allow(clippy :: as_conversions, clippy :: cast_possible_truncation, reason =\n\""shift trait impls normalize counts to usize; checked conversions panic instead of truncating on narrow targets\"")]""},{""other"":""#[attr = Inline(Hint)]""},{""other"":""#[attr = TrackCaller]""}]"	"{""generics"":{""params"":[],""where_predicates"":[]},""header"":{""abi"":""Rust"",""is_async"":false,""is_const"":false,""is_unsafe"":false},""sig"":{""inputs"":[[""self"",{""generic"":""Self""}],[""shift"",{""primitive"":""u8""}]],""is_c_variadic"":false,""output"":{""qualified_path"":{""args"":null,""name"":""Output"",""self_type"":{""generic"":""Self""},""trait"":{""args"":null,""path"":""core::ops::bit::Shr""}}}}}"
arbi_anafis::ArbiInt	&arbi_anafis::ArbiInt	trait	core::ops::bit::Shr<u8>	trait_impl	Shr	src/int/api/ops/shift.rs	350	[]	[]	"{""generics"":{""params"":[],""where_predicates"":[]},""is_negative"":false,""is_unsafe"":false,""provided_trait_methods"":[]}"
arbi_anafis::ArbiInt	&arbi_anafis::ArbiInt	trait	core::ops::bit::Shr<usize>	assoc_type	Output	src/int/api/ops/shift.rs	350	[]	[]	"{""bounds"":[],""default_unstable"":null,""generics"":{""params"":[],""where_predicates"":[]},""type"":{""resolved_path"":{""args"":null,""path"":""arbi_anafis::ArbiInt""}}}"
arbi_anafis::ArbiInt	&arbi_anafis::ArbiInt	trait	core::ops::bit::Shr<usize>	method	shr	src/int/api/ops/shift.rs	350	[]	"[{""other"":""#[allow(clippy :: as_conversions, clippy :: cast_possible_truncation, reason =\n\""shift trait impls normalize counts to usize; checked conversions panic instead of truncating on narrow targets\"")]""},{""other"":""#[attr = Inline(Hint)]""},{""other"":""#[attr = TrackCaller]""}]"	"{""generics"":{""params"":[],""where_predicates"":[]},""header"":{""abi"":""Rust"",""is_async"":false,""is_const"":false,""is_unsafe"":false},""sig"":{""inputs"":[[""self"",{""generic"":""Self""}],[""shift"",{""primitive"":""usize""}]],""is_c_variadic"":false,""output"":{""qualified_path"":{""args"":null,""name"":""Output"",""self_type"":{""generic"":""Self""},""trait"":{""args"":null,""path"":""core::ops::bit::Shr""}}}}}"
arbi_anafis::ArbiInt	&arbi_anafis::ArbiInt	trait	core::ops::bit::Shr<usize>	trait_impl	Shr	src/int/api/ops/shift.rs	350	[]	[]	"{""generics"":{""params"":[],""where_predicates"":[]},""is_negative"":false,""is_unsafe"":false,""provided_trait_methods"":[]}"
arbi_anafis::ArbiInt	arbi_anafis::ArbiInt	inherent		associated_function	factorial	src/int/api/int/theory/arithmetic.rs	45	[]	"[{""must_use"":{""reason"":null}},{""other"":""#[attr = TrackCaller]""}]"	"{""generics"":{""params"":[],""where_predicates"":[]},""header"":{""abi"":""Rust"",""is_async"":false,""is_const"":false,""is_unsafe"":false},""sig"":{""inputs"":[[""n"",{""primitive"":""u32""}],[""precision"",{""resolved_path"":{""args"":null,""path"":""arbi_anafis::Precision""}}]],""is_c_variadic"":false,""output"":{""generic"":""Self""}}}"
arbi_anafis::ArbiInt	arbi_anafis::ArbiInt	inherent		associated_function	from_be_bytes	src/int/api/int/convert.rs	271	[]	"[{""must_use"":{""reason"":null}}]"	"{""generics"":{""params"":[],""where_predicates"":[]},""header"":{""abi"":""Rust"",""is_async"":false,""is_const"":false,""is_unsafe"":false},""sig"":{""inputs"":[[""bytes"",{""borrowed_ref"":{""is_mutable"":false,""lifetime"":null,""type"":{""slice"":{""primitive"":""u8""}}}}]],""is_c_variadic"":false,""output"":{""generic"":""Self""}}}"
arbi_anafis::ArbiInt	arbi_anafis::ArbiInt	inherent		associated_function	from_le_bytes	src/int/api/int/convert.rs	238	[]	"[{""must_use"":{""reason"":null}}]"	"{""generics"":{""params"":[],""where_predicates"":[]},""header"":{""abi"":""Rust"",""is_async"":false,""is_const"":false,""is_unsafe"":false},""sig"":{""inputs"":[[""bytes"",{""borrowed_ref"":{""is_mutable"":false,""lifetime"":null,""type"":{""slice"":{""primitive"":""u8""}}}}]],""is_c_variadic"":false,""output"":{""generic"":""Self""}}}"
arbi_anafis::ArbiInt	arbi_anafis::ArbiInt	inherent		associated_function	from_str_radix	src/int/api/int/convert.rs	140	[]	"[{""other"":""#[allow(clippy::same_name_method, reason =\n\""Provided as an inherent method for convenience without needing to import num_traits\"")]""}]"	"{""generics"":{""params"":[],""where_predicates"":[]},""header"":{""abi"":""Rust"",""is_async"":false,""is_const"":false,""is_unsafe"":false},""sig"":{""inputs"":[[""str"",{""borrowed_ref"":{""is_mutable"":false,""lifetime"":null,""type"":{""primitive"":""str""}}}],[""radix"",{""primitive"":""u32""}]],""is_c_variadic"":false,""output"":{""resolved_path"":{""args"":{""angle_bracketed"":{""args"":[{""type"":{""generic"":""Self""}},{""type"":{""resolved_path"":{""args"":null,""path"":""arbi_anafis::ParseArbiIntError""}}}],""constraints"":[]}},""path"":""core::result::Result""}}}}"
arbi_anafis::ArbiInt	arbi_anafis::ArbiInt	inherent		associated_function	max_for_precision	src/int/api/int/constructors.rs	81	[]	"[{""must_use"":{""reason"":null}}]"	"{""generics"":{""params"":[],""where_predicates"":[]},""header"":{""abi"":""Rust"",""is_async"":false,""is_const"":false,""is_unsafe"":false},""sig"":{""inputs"":[[""bits"",{""primitive"":""usize""}]],""is_c_variadic"":false,""output"":{""generic"":""Self""}}}"
arbi_anafis::ArbiInt	arbi_anafis::ArbiInt	inherent		associated_function	min_for_precision	src/int/api/int/constructors.rs	100	[]	"[{""must_use"":{""reason"":null}}]"	"{""generics"":{""params"":[],""where_predicates"":[]},""header"":{""abi"":""Rust"",""is_async"":false,""is_const"":false,""is_unsafe"":false},""sig"":{""inputs"":[[""bits"",{""primitive"":""usize""}]],""is_c_variadic"":false,""output"":{""generic"":""Self""}}}"
arbi_anafis::ArbiInt	arbi_anafis::ArbiInt	inherent		associated_function	minus_one	src/int/api/int/constructors.rs	63	[]	"[{""must_use"":{""reason"":null}}]"	"{""generics"":{""params"":[],""where_predicates"":[]},""header"":{""abi"":""Rust"",""is_async"":false,""is_const"":false,""is_unsafe"":false},""sig"":{""inputs"":[],""is_c_variadic"":false,""output"":{""generic"":""Self""}}}"
arbi_anafis::ArbiInt	arbi_anafis::ArbiInt	inherent		associated_function	new	src/int/api/int/constructors.rs	54	[]	"[{""must_use"":{""reason"":null}}]"	"{""generics"":{""params"":[{""kind"":{""type"":{""bounds"":[],""default"":null,""is_synthetic"":false}},""name"":""T""}],""where_predicates"":[{""bound_predicate"":{""bounds"":[{""trait_bound"":{""generic_params"":[],""modifier"":""none"",""trait"":{""args"":{""angle_bracketed"":{""args"":[{""type"":{""generic"":""T""}}],""constraints"":[]}},""path"":""core::convert::From""}}}],""generic_params"":[],""type"":{""generic"":""Self""}}}]},""header"":{""abi"":""Rust"",""is_async"":false,""is_const"":false,""is_unsafe"":false},""sig"":{""inputs"":[[""value"",{""generic"":""T""}]],""is_c_variadic"":false,""output"":{""generic"":""Self""}}}"
arbi_anafis::ArbiInt	arbi_anafis::ArbiInt	inherent		associated_function	one	src/int/api/int/constructors.rs	33	[]	"[{""other"":""#[allow(clippy::same_name_method, reason =\n\""Provided as an inherent method for convenience without needing to import num_traits\"")]""},{""must_use"":{""reason"":null}}]"	"{""generics"":{""params"":[],""where_predicates"":[]},""header"":{""abi"":""Rust"",""is_async"":false,""is_const"":false,""is_unsafe"":false},""sig"":{""inputs"":[],""is_c_variadic"":false,""output"":{""generic"":""Self""}}}"
arbi_anafis::ArbiInt	arbi_anafis::ArbiInt	inherent		associated_function	with_capacity	src/int/api/int/constructors.rs	43	[]	"[{""must_use"":{""reason"":null}}]"	"{""generics"":{""params"":[],""where_predicates"":[]},""header"":{""abi"":""Rust"",""is_async"":false,""is_const"":false,""is_unsafe"":false},""sig"":{""inputs"":[[""capacity"",{""primitive"":""usize""}]],""is_c_variadic"":false,""output"":{""generic"":""Self""}}}"
arbi_anafis::ArbiInt	arbi_anafis::ArbiInt	inherent		associated_function	with_precision_checked	src/int/api/int/constructors.rs	128	[]	[]	"{""generics"":{""params"":[{""kind"":{""type"":{""bounds"":[],""default"":null,""is_synthetic"":false}},""name"":""T""}],""where_predicates"":[{""bound_predicate"":{""bounds"":[{""trait_bound"":{""generic_params"":[],""modifier"":""none"",""trait"":{""args"":{""angle_bracketed"":{""args"":[{""type"":{""generic"":""T""}}],""constraints"":[]}},""path"":""core::convert::From""}}}],""generic_params"":[],""type"":{""generic"":""Self""}}}]},""header"":{""abi"":""Rust"",""is_async"":false,""is_const"":false,""is_unsafe"":false},""sig"":{""inputs"":[[""value"",{""generic"":""T""}],[""bits"",{""resolved_path"":{""args"":null,""path"":""arbi_anafis::BoundedPrecision""}}]],""is_c_variadic"":false,""output"":{""resolved_path"":{""args"":{""angle_bracketed"":{""args"":[{""type"":{""generic"":""Self""}},{""type"":{""resolved_path"":{""args"":null,""path"":""arbi_anafis::ArbiError""}}}],""constraints"":[]}},""path"":""core::result::Result""}}}}"
arbi_anafis::ArbiInt	arbi_anafis::ArbiInt	inherent		associated_function	with_precision_saturating	src/int/api/int/constructors.rs	176	[]	"[{""must_use"":{""reason"":null}}]"	"{""generics"":{""params"":[{""kind"":{""type"":{""bounds"":[],""default"":null,""is_synthetic"":false}},""name"":""T""}],""where_predicates"":[{""bound_predicate"":{""bounds"":[{""trait_bound"":{""generic_params"":[],""modifier"":""none"",""trait"":{""args"":{""angle_bracketed"":{""args"":[{""type"":{""generic"":""T""}}],""constraints"":[]}},""path"":""core::convert::From""}}}],""generic_params"":[],""type"":{""generic"":""Self""}}}]},""header"":{""abi"":""Rust"",""is_async"":false,""is_const"":false,""is_unsafe"":false},""sig"":{""inputs"":[[""value"",{""generic"":""T""}],[""bits"",{""resolved_path"":{""args"":null,""path"":""arbi_anafis::BoundedPrecision""}}]],""is_c_variadic"":false,""output"":{""generic"":""Self""}}}"
arbi_anafis::ArbiInt	arbi_anafis::ArbiInt	inherent		associated_function	with_precision_wrapping	src/int/api/int/constructors.rs	149	[]	"[{""must_use"":{""reason"":null}}]"	"{""generics"":{""params"":[{""kind"":{""type"":{""bounds"":[],""default"":null,""is_synthetic"":false}},""name"":""T""}],""where_predicates"":[{""bound_predicate"":{""bounds"":[{""trait_bound"":{""generic_params"":[],""modifier"":""none"",""trait"":{""args"":{""angle_bracketed"":{""args"":[{""type"":{""generic"":""T""}}],""constraints"":[]}},""path"":""core::convert::From""}}}],""generic_params"":[],""type"":{""generic"":""Self""}}}]},""header"":{""abi"":""Rust"",""is_async"":false,""is_const"":false,""is_unsafe"":false},""sig"":{""inputs"":[[""value"",{""generic"":""T""}],[""bits"",{""resolved_path"":{""args"":null,""path"":""arbi_anafis::BoundedPrecision""}}]],""is_c_variadic"":false,""output"":{""generic"":""Self""}}}"
arbi_anafis::ArbiInt	arbi_anafis::ArbiInt	inherent		associated_function	zero	src/int/api/int/constructors.rs	19	[]	"[{""other"":""#[allow(clippy::same_name_method, reason =\n\""Provided as an inherent method for convenience without needing to import num_traits\"")]""},{""must_use"":{""reason"":null}}]"	"{""generics"":{""params"":[],""where_predicates"":[]},""header"":{""abi"":""Rust"",""is_async"":false,""is_const"":false,""is_unsafe"":false},""sig"":{""inputs"":[],""is_c_variadic"":false,""output"":{""generic"":""Self""}}}"
arbi_anafis::ArbiInt	arbi_anafis::ArbiInt	inherent		associated_function	zero_with_precision	src/int/api/int/constructors.rs	116	[]	"[{""must_use"":{""reason"":null}}]"	"{""generics"":{""params"":[],""where_predicates"":[]},""header"":{""abi"":""Rust"",""is_async"":false,""is_const"":true,""is_unsafe"":false},""sig"":{""inputs"":[[""bits"",{""resolved_path"":{""args"":null,""path"":""arbi_anafis::BoundedPrecision""}}]],""is_c_variadic"":false,""output"":{""generic"":""Self""}}}"
arbi_anafis::ArbiInt	arbi_anafis::ArbiInt	inherent		method	abs	src/int/api/int/sign.rs	26	[]	"[{""other"":""#[allow(clippy::same_name_method, reason =\n\""Provided as an inherent method for convenience without needing to import num_traits\"")]""},{""must_use"":{""reason"":null}}]"	"{""generics"":{""params"":[],""where_predicates"":[]},""header"":{""abi"":""Rust"",""is_async"":false,""is_const"":false,""is_unsafe"":false},""sig"":{""inputs"":[[""self"",{""borrowed_ref"":{""is_mutable"":false,""lifetime"":null,""type"":{""generic"":""Self""}}}]],""is_c_variadic"":false,""output"":{""generic"":""Self""}}}"
arbi_anafis::ArbiInt	arbi_anafis::ArbiInt	inherent		method	abs_assign	src/int/api/int/sign.rs	44	[]	[]	"{""generics"":{""params"":[],""where_predicates"":[]},""header"":{""abi"":""Rust"",""is_async"":false,""is_const"":false,""is_unsafe"":false},""sig"":{""inputs"":[[""self"",{""borrowed_ref"":{""is_mutable"":true,""lifetime"":null,""type"":{""generic"":""Self""}}}]],""is_c_variadic"":false,""output"":null}}"
arbi_anafis::ArbiInt	arbi_anafis::ArbiInt	inherent		method	abs_diff	src/int/api/int/math/bounded.rs	286	[]	"[{""must_use"":{""reason"":null}}]"	"{""generics"":{""params"":[],""where_predicates"":[]},""header"":{""abi"":""Rust"",""is_async"":false,""is_const"":false,""is_unsafe"":false},""sig"":{""inputs"":[[""self"",{""borrowed_ref"":{""is_mutable"":false,""lifetime"":null,""type"":{""generic"":""Self""}}}],[""other"",{""borrowed_ref"":{""is_mutable"":false,""lifetime"":null,""type"":{""generic"":""Self""}}}]],""is_c_variadic"":false,""output"":{""resolved_path"":{""args"":null,""path"":""arbi_anafis::ArbiUint""}}}}"
arbi_anafis::ArbiInt	arbi_anafis::ArbiInt	inherent		method	abs_sub	src/int/api/int/sign.rs	74	[]	"[{""other"":""#[allow(clippy::same_name_method, reason =\n\""Provided as an inherent method for convenience without needing to import num_traits\"")]""},{""must_use"":{""reason"":null}}]"	"{""generics"":{""params"":[],""where_predicates"":[]},""header"":{""abi"":""Rust"",""is_async"":false,""is_const"":false,""is_unsafe"":false},""sig"":{""inputs"":[[""self"",{""borrowed_ref"":{""is_mutable"":false,""lifetime"":null,""type"":{""generic"":""Self""}}}],[""other"",{""borrowed_ref"":{""is_mutable"":false,""lifetime"":null,""type"":{""generic"":""Self""}}}]],""is_c_variadic"":false,""output"":{""generic"":""Self""}}}"
arbi_anafis::ArbiInt	arbi_anafis::ArbiInt	inherent		method	add_mod	src/int/api/int/theory/modular.rs	8	[]	"[{""must_use"":{""reason"":null}}]"	"{""generics"":{""params"":[],""where_predicates"":[]},""header"":{""abi"":""Rust"",""is_async"":false,""is_const"":false,""is_unsafe"":false},""sig"":{""inputs"":[[""self"",{""borrowed_ref"":{""is_mutable"":false,""lifetime"":null,""type"":{""generic"":""Self""}}}],[""other"",{""borrowed_ref"":{""is_mutable"":false,""lifetime"":null,""type"":{""generic"":""Self""}}}],[""modulus"",{""borrowed_ref"":{""is_mutable"":false,""lifetime"":null,""type"":{""generic"":""Self""}}}]],""is_c_variadic"":false,""output"":{""resolved_path"":{""args"":{""angle_bracketed"":{""args"":[{""type"":{""generic"":""Self""}}],""constraints"":[]}},""path"":""core::option::Option""}}}}"
arbi_anafis::ArbiInt	arbi_anafis::ArbiInt	inherent		method	as_debug_verbose	src/int/api/int/capacity.rs	54	[]	"[{""must_use"":{""reason"":null}}]"	"{""generics"":{""params"":[],""where_predicates"":[]},""header"":{""abi"":""Rust"",""is_async"":false,""is_const"":true,""is_unsafe"":false},""sig"":{""inputs"":[[""self"",{""borrowed_ref"":{""is_mutable"":false,""lifetime"":null,""type"":{""generic"":""Self""}}}]],""is_c_variadic"":false,""output"":{""resolved_path"":{""args"":{""angle_bracketed"":{""args"":[{""lifetime"":""'_""},{""type"":{""generic"":""Self""}}],""constraints"":[]}},""path"":""arbi_anafis::DebugVerbose""}}}}"
arbi_anafis::ArbiInt	arbi_anafis::ArbiInt	inherent		method	assign_add	src/int/api/int/math/assignment.rs	19	[]	"[{""other"":""#[allow(clippy::inline_always, reason =\n\""Hot arithmetic entry point critical for in-place assignment peak performance\"")]""},{""other"":""#[attr = TrackCaller]""},{""other"":""#[attr = Inline(Always)]""}]"	"{""generics"":{""params"":[],""where_predicates"":[]},""header"":{""abi"":""Rust"",""is_async"":false,""is_const"":false,""is_unsafe"":false},""sig"":{""inputs"":[[""self"",{""borrowed_ref"":{""is_mutable"":true,""lifetime"":null,""type"":{""generic"":""Self""}}}],[""a"",{""borrowed_ref"":{""is_mutable"":false,""lifetime"":null,""type"":{""generic"":""Self""}}}],[""b"",{""borrowed_ref"":{""is_mutable"":false,""lifetime"":null,""type"":{""generic"":""Self""}}}]],""is_c_variadic"":false,""output"":null}}"
arbi_anafis::ArbiInt	arbi_anafis::ArbiInt	inherent		method	assign_mul	src/int/api/int/math/assignment.rs	49	[]	"[{""other"":""#[allow(clippy::inline_always, reason =\n\""Hot arithmetic entry point critical for in-place assignment peak performance\"")]""},{""other"":""#[attr = TrackCaller]""},{""other"":""#[attr = Inline(Always)]""}]"	"{""generics"":{""params"":[],""where_predicates"":[]},""header"":{""abi"":""Rust"",""is_async"":false,""is_const"":false,""is_unsafe"":false},""sig"":{""inputs"":[[""self"",{""borrowed_ref"":{""is_mutable"":true,""lifetime"":null,""type"":{""generic"":""Self""}}}],[""a"",{""borrowed_ref"":{""is_mutable"":false,""lifetime"":null,""type"":{""generic"":""Self""}}}],[""b"",{""borrowed_ref"":{""is_mutable"":false,""lifetime"":null,""type"":{""generic"":""Self""}}}]],""is_c_variadic"":false,""output"":null}}"
arbi_anafis::ArbiInt	arbi_anafis::ArbiInt	inherent		method	assign_square	src/int/api/int/math/assignment.rs	70	[]	"[{""other"":""#[allow(clippy::inline_always, reason =\n\""Hot arithmetic entry point critical for in-place assignment peak performance\"")]""},{""other"":""#[attr = TrackCaller]""},{""other"":""#[attr = Inline(Always)]""}]"	"{""generics"":{""params"":[],""where_predicates"":[]},""header"":{""abi"":""Rust"",""is_async"":false,""is_const"":false,""is_unsafe"":false},""sig"":{""inputs"":[[""self"",{""borrowed_ref"":{""is_mutable"":true,""lifetime"":null,""type"":{""generic"":""Self""}}}],[""a"",{""borrowed_ref"":{""is_mutable"":false,""lifetime"":null,""type"":{""generic"":""Self""}}}]],""is_c_variadic"":false,""output"":null}}"
arbi_anafis::ArbiInt	arbi_anafis::ArbiInt	inherent		method	assign_sub	src/int/api/int/math/assignment.rs	90	[]	"[{""other"":""#[allow(clippy::inline_always, reason =\n\""Hot arithmetic entry point critical for in-place assignment peak performance\"")]""},{""other"":""#[attr = TrackCaller]""},{""other"":""#[attr = Inline(Always)]""}]"	"{""generics"":{""params"":[],""where_predicates"":[]},""header"":{""abi"":""Rust"",""is_async"":false,""is_const"":false,""is_unsafe"":false},""sig"":{""inputs"":[[""self"",{""borrowed_ref"":{""is_mutable"":true,""lifetime"":null,""type"":{""generic"":""Self""}}}],[""a"",{""borrowed_ref"":{""is_mutable"":false,""lifetime"":null,""type"":{""generic"":""Self""}}}],[""b"",{""borrowed_ref"":{""is_mutable"":false,""lifetime"":null,""type"":{""generic"":""Self""}}}]],""is_c_variadic"":false,""output"":null}}"
arbi_anafis::ArbiInt	arbi_anafis::ArbiInt	inherent		method	barrett_reduce	src/int/api/int/theory/modular.rs	162	[]	"[{""must_use"":{""reason"":null}}]"	"{""generics"":{""params"":[],""where_predicates"":[]},""header"":{""abi"":""Rust"",""is_async"":false,""is_const"":false,""is_unsafe"":false},""sig"":{""inputs"":[[""self"",{""borrowed_ref"":{""is_mutable"":false,""lifetime"":null,""type"":{""generic"":""Self""}}}],[""modulus"",{""borrowed_ref"":{""is_mutable"":false,""lifetime"":null,""type"":{""generic"":""Self""}}}]],""is_c_variadic"":false,""output"":{""resolved_path"":{""args"":{""angle_bracketed"":{""args"":[{""type"":{""generic"":""Self""}}],""constraints"":[]}},""path"":""core::option::Option""}}}}"
arbi_anafis::ArbiInt	arbi_anafis::ArbiInt	inherent		method	bit_range	src/int/api/int/bitwise.rs	275	[]	"[{""must_use"":{""reason"":null}}]"	"{""generics"":{""params"":[],""where_predicates"":[]},""header"":{""abi"":""Rust"",""is_async"":false,""is_const"":false,""is_unsafe"":false},""sig"":{""inputs"":[[""self"",{""borrowed_ref"":{""is_mutable"":false,""lifetime"":null,""type"":{""generic"":""Self""}}}],[""from"",{""primitive"":""usize""}],[""to"",{""primitive"":""usize""}]],""is_c_variadic"":false,""output"":{""generic"":""Self""}}}"
arbi_anafis::ArbiInt	arbi_anafis::ArbiInt	inherent		method	capacity	src/int/api/int/capacity.rs	47	[]	"[{""must_use"":{""reason"":null}}]"	"{""generics"":{""params"":[],""where_predicates"":[]},""header"":{""abi"":""Rust"",""is_async"":false,""is_const"":true,""is_unsafe"":false},""sig"":{""inputs"":[[""self"",{""borrowed_ref"":{""is_mutable"":false,""lifetime"":null,""type"":{""generic"":""Self""}}}]],""is_c_variadic"":false,""output"":{""primitive"":""usize""}}}"
arbi_anafis::ArbiInt	arbi_anafis::ArbiInt	inherent		method	checked_abs	src/int/api/int/sign.rs	53	[]	"[{""must_use"":{""reason"":null}}]"	"{""generics"":{""params"":[],""where_predicates"":[]},""header"":{""abi"":""Rust"",""is_async"":false,""is_const"":false,""is_unsafe"":false},""sig"":{""inputs"":[[""self"",{""borrowed_ref"":{""is_mutable"":false,""lifetime"":null,""type"":{""generic"":""Self""}}}]],""is_c_variadic"":false,""output"":{""resolved_path"":{""args"":{""angle_bracketed"":{""args"":[{""type"":{""generic"":""Self""}}],""constraints"":[]}},""path"":""core::option::Option""}}}}"
arbi_anafis::ArbiInt	arbi_anafis::ArbiInt	inherent		method	checked_add	src/int/api/int/math/checked.rs	14	[]	"[{""must_use"":{""reason"":null}}]"	"{""generics"":{""params"":[],""where_predicates"":[]},""header"":{""abi"":""Rust"",""is_async"":false,""is_const"":false,""is_unsafe"":false},""sig"":{""inputs"":[[""self"",{""borrowed_ref"":{""is_mutable"":false,""lifetime"":null,""type"":{""generic"":""Self""}}}],[""rhs"",{""borrowed_ref"":{""is_mutable"":false,""lifetime"":null,""type"":{""generic"":""Self""}}}]],""is_c_variadic"":false,""output"":{""resolved_path"":{""args"":{""angle_bracketed"":{""args"":[{""type"":{""generic"":""Self""}}],""constraints"":[]}},""path"":""core::option::Option""}}}}"
arbi_anafis::ArbiInt	arbi_anafis::ArbiInt	inherent		method	checked_div	src/int/api/int/math/checked.rs	35	[]	"[{""must_use"":{""reason"":null}}]"	"{""generics"":{""params"":[],""where_predicates"":[]},""header"":{""abi"":""Rust"",""is_async"":false,""is_const"":false,""is_unsafe"":false},""sig"":{""inputs"":[[""self"",{""borrowed_ref"":{""is_mutable"":false,""lifetime"":null,""type"":{""generic"":""Self""}}}],[""rhs"",{""borrowed_ref"":{""is_mutable"":false,""lifetime"":null,""type"":{""generic"":""Self""}}}]],""is_c_variadic"":false,""output"":{""resolved_path"":{""args"":{""angle_bracketed"":{""args"":[{""type"":{""generic"":""Self""}}],""constraints"":[]}},""path"":""core::option::Option""}}}}"
arbi_anafis::ArbiInt	arbi_anafis::ArbiInt	inherent		method	checked_div_ceil	src/int/api/int/math/division.rs	199	[]	"[{""must_use"":{""reason"":null}}]"	"{""generics"":{""params"":[],""where_predicates"":[]},""header"":{""abi"":""Rust"",""is_async"":false,""is_const"":false,""is_unsafe"":false},""sig"":{""inputs"":[[""self"",{""borrowed_ref"":{""is_mutable"":false,""lifetime"":null,""type"":{""generic"":""Self""}}}],[""rhs"",{""borrowed_ref"":{""is_mutable"":false,""lifetime"":null,""type"":{""generic"":""Self""}}}]],""is_c_variadic"":false,""output"":{""resolved_path"":{""args"":{""angle_bracketed"":{""args"":[{""type"":{""generic"":""Self""}}],""constraints"":[]}},""path"":""core::option::Option""}}}}"
arbi_anafis::ArbiInt	arbi_anafis::ArbiInt	inherent		method	checked_div_euclid	src/int/api/int/math/division.rs	109	[]	"[{""must_use"":{""reason"":null}}]"	"{""generics"":{""params"":[],""where_predicates"":[]},""header"":{""abi"":""Rust"",""is_async"":false,""is_const"":false,""is_unsafe"":false},""sig"":{""inputs"":[[""self"",{""borrowed_ref"":{""is_mutable"":false,""lifetime"":null,""type"":{""generic"":""Self""}}}],[""rhs"",{""borrowed_ref"":{""is_mutable"":false,""lifetime"":null,""type"":{""generic"":""Self""}}}]],""is_c_variadic"":false,""output"":{""resolved_path"":{""args"":{""angle_bracketed"":{""args"":[{""type"":{""generic"":""Self""}}],""constraints"":[]}},""path"":""core::option::Option""}}}}"
arbi_anafis::ArbiInt	arbi_anafis::ArbiInt	inherent		method	checked_div_floor	src/int/api/int/math/division.rs	157	[]	"[{""must_use"":{""reason"":null}}]"	"{""generics"":{""params"":[],""where_predicates"":[]},""header"":{""abi"":""Rust"",""is_async"":false,""is_const"":false,""is_unsafe"":false},""sig"":{""inputs"":[[""self"",{""borrowed_ref"":{""is_mutable"":false,""lifetime"":null,""type"":{""generic"":""Self""}}}],[""rhs"",{""borrowed_ref"":{""is_mutable"":false,""lifetime"":null,""type"":{""generic"":""Self""}}}]],""is_c_variadic"":false,""output"":{""resolved_path"":{""args"":{""angle_bracketed"":{""args"":[{""type"":{""generic"":""Self""}}],""constraints"":[]}},""path"":""core::option::Option""}}}}"
arbi_anafis::ArbiInt	arbi_anafis::ArbiInt	inherent		method	checked_div_trunc	src/int/api/int/math/division.rs	61	[]	"[{""must_use"":{""reason"":null}}]"	"{""generics"":{""params"":[],""where_predicates"":[]},""header"":{""abi"":""Rust"",""is_async"":false,""is_const"":false,""is_unsafe"":false},""sig"":{""inputs"":[[""self"",{""borrowed_ref"":{""is_mutable"":false,""lifetime"":null,""type"":{""generic"":""Self""}}}],[""rhs"",{""borrowed_ref"":{""is_mutable"":false,""lifetime"":null,""type"":{""generic"":""Self""}}}]],""is_c_variadic"":false,""output"":{""resolved_path"":{""args"":{""angle_bracketed"":{""args"":[{""type"":{""generic"":""Self""}}],""constraints"":[]}},""path"":""core::option::Option""}}}}"
arbi_anafis::ArbiInt	arbi_anafis::ArbiInt	inherent		method	checked_isqrt	src/int/api/int/theory/roots.rs	8	[]	"[{""must_use"":{""reason"":null}}]"	"{""generics"":{""params"":[],""where_predicates"":[]},""header"":{""abi"":""Rust"",""is_async"":false,""is_const"":false,""is_unsafe"":false},""sig"":{""inputs"":[[""self"",{""borrowed_ref"":{""is_mutable"":false,""lifetime"":null,""type"":{""generic"":""Self""}}}]],""is_c_variadic"":false,""output"":{""resolved_path"":{""args"":{""angle_bracketed"":{""args"":[{""type"":{""generic"":""Self""}}],""constraints"":[]}},""path"":""core::option::Option""}}}}"
arbi_anafis::ArbiInt	arbi_anafis::ArbiInt	inherent		method	checked_mod_floor	src/int/api/int/math/division.rs	174	[]	"[{""must_use"":{""reason"":null}}]"	"{""generics"":{""params"":[],""where_predicates"":[]},""header"":{""abi"":""Rust"",""is_async"":false,""is_const"":false,""is_unsafe"":false},""sig"":{""inputs"":[[""self"",{""borrowed_ref"":{""is_mutable"":false,""lifetime"":null,""type"":{""generic"":""Self""}}}],[""rhs"",{""borrowed_ref"":{""is_mutable"":false,""lifetime"":null,""type"":{""generic"":""Self""}}}]],""is_c_variadic"":false,""output"":{""resolved_path"":{""args"":{""angle_bracketed"":{""args"":[{""type"":{""generic"":""Self""}}],""constraints"":[]}},""path"":""core::option::Option""}}}}"
arbi_anafis::ArbiInt	arbi_anafis::ArbiInt	inherent		method	checked_mul	src/int/api/int/math/checked.rs	28	[]	"[{""must_use"":{""reason"":null}}]"	"{""generics"":{""params"":[],""where_predicates"":[]},""header"":{""abi"":""Rust"",""is_async"":false,""is_const"":false,""is_unsafe"":false},""sig"":{""inputs"":[[""self"",{""borrowed_ref"":{""is_mutable"":false,""lifetime"":null,""type"":{""generic"":""Self""}}}],[""rhs"",{""borrowed_ref"":{""is_mutable"":false,""lifetime"":null,""type"":{""generic"":""Self""}}}]],""is_c_variadic"":false,""output"":{""resolved_path"":{""args"":{""angle_bracketed"":{""args"":[{""type"":{""generic"":""Self""}}],""constraints"":[]}},""path"":""core::option::Option""}}}}"
arbi_anafis::ArbiInt	arbi_anafis::ArbiInt	inherent		method	checked_next_power_of_two	src/int/api/int/properties.rs	106	[]	"[{""must_use"":{""reason"":null}}]"	"{""generics"":{""params"":[],""where_predicates"":[]},""header"":{""abi"":""Rust"",""is_async"":false,""is_const"":false,""is_unsafe"":false},""sig"":{""inputs"":[[""self"",{""borrowed_ref"":{""is_mutable"":false,""lifetime"":null,""type"":{""generic"":""Self""}}}]],""is_c_variadic"":false,""output"":{""resolved_path"":{""args"":{""angle_bracketed"":{""args"":[{""type"":{""generic"":""Self""}}],""constraints"":[]}},""path"":""core::option::Option""}}}}"
arbi_anafis::ArbiInt	arbi_anafis::ArbiInt	inherent		method	checked_pow	src/int/api/int/theory/powers.rs	21	[]	"[{""must_use"":{""reason"":null}}]"	"{""generics"":{""params"":[],""where_predicates"":[]},""header"":{""abi"":""Rust"",""is_async"":false,""is_const"":false,""is_unsafe"":false},""sig"":{""inputs"":[[""self"",{""borrowed_ref"":{""is_mutable"":false,""lifetime"":null,""type"":{""generic"":""Self""}}}],[""exp"",{""primitive"":""u32""}]],""is_c_variadic"":false,""output"":{""resolved_path"":{""args"":{""angle_bracketed"":{""args"":[{""type"":{""generic"":""Self""}}],""constraints"":[]}},""path"":""core::option::Option""}}}}"
arbi_anafis::ArbiInt	arbi_anafis::ArbiInt	inherent		method	checked_rem	src/int/api/int/math/checked.rs	42	[]	"[{""must_use"":{""reason"":null}}]"	"{""generics"":{""params"":[],""where_predicates"":[]},""header"":{""abi"":""Rust"",""is_async"":false,""is_const"":false,""is_unsafe"":false},""sig"":{""inputs"":[[""self"",{""borrowed_ref"":{""is_mutable"":false,""lifetime"":null,""type"":{""generic"":""Self""}}}],[""rhs"",{""borrowed_ref"":{""is_mutable"":false,""lifetime"":null,""type"":{""generic"":""Self""}}}]],""is_c_variadic"":false,""output"":{""resolved_path"":{""args"":{""angle_bracketed"":{""args"":[{""type"":{""generic"":""Self""}}],""constraints"":[]}},""path"":""core::option::Option""}}}}"
arbi_anafis::ArbiInt	arbi_anafis::ArbiInt	inherent		method	checked_rem_euclid	src/int/api/int/math/division.rs	126	[]	"[{""must_use"":{""reason"":null}}]"	"{""generics"":{""params"":[],""where_predicates"":[]},""header"":{""abi"":""Rust"",""is_async"":false,""is_const"":false,""is_unsafe"":false},""sig"":{""inputs"":[[""self"",{""borrowed_ref"":{""is_mutable"":false,""lifetime"":null,""type"":{""generic"":""Self""}}}],[""rhs"",{""borrowed_ref"":{""is_mutable"":false,""lifetime"":null,""type"":{""generic"":""Self""}}}]],""is_c_variadic"":false,""output"":{""resolved_path"":{""args"":{""angle_bracketed"":{""args"":[{""type"":{""generic"":""Self""}}],""constraints"":[]}},""path"":""core::option::Option""}}}}"
arbi_anafis::ArbiInt	arbi_anafis::ArbiInt	inherent		method	checked_rem_trunc	src/int/api/int/math/division.rs	76	[]	"[{""must_use"":{""reason"":null}}]"	"{""generics"":{""params"":[],""where_predicates"":[]},""header"":{""abi"":""Rust"",""is_async"":false,""is_const"":false,""is_unsafe"":false},""sig"":{""inputs"":[[""self"",{""borrowed_ref"":{""is_mutable"":false,""lifetime"":null,""type"":{""generic"":""Self""}}}],[""rhs"",{""borrowed_ref"":{""is_mutable"":false,""lifetime"":null,""type"":{""generic"":""Self""}}}]],""is_c_variadic"":false,""output"":{""resolved_path"":{""args"":{""angle_bracketed"":{""args"":[{""type"":{""generic"":""Self""}}],""constraints"":[]}},""path"":""core::option::Option""}}}}"
arbi_anafis::ArbiInt	arbi_anafis::ArbiInt	inherent		method	checked_shl	src/int/api/int/shift.rs	16	[]	"[{""must_use"":{""reason"":null}}]"	"{""generics"":{""params"":[],""where_predicates"":[]},""header"":{""abi"":""Rust"",""is_async"":false,""is_const"":false,""is_unsafe"":false},""sig"":{""inputs"":[[""self"",{""borrowed_ref"":{""is_mutable"":false,""lifetime"":null,""type"":{""generic"":""Self""}}}],[""shift"",{""primitive"":""usize""}]],""is_c_variadic"":false,""output"":{""resolved_path"":{""args"":{""angle_bracketed"":{""args"":[{""type"":{""generic"":""Self""}}],""constraints"":[]}},""path"":""core::option::Option""}}}}"
arbi_anafis::ArbiInt	arbi_anafis::ArbiInt	inherent		method	checked_sub	src/int/api/int/math/checked.rs	21	[]	"[{""must_use"":{""reason"":null}}]"	"{""generics"":{""params"":[],""where_predicates"":[]},""header"":{""abi"":""Rust"",""is_async"":false,""is_const"":false,""is_unsafe"":false},""sig"":{""inputs"":[[""self"",{""borrowed_ref"":{""is_mutable"":false,""lifetime"":null,""type"":{""generic"":""Self""}}}],[""rhs"",{""borrowed_ref"":{""is_mutable"":false,""lifetime"":null,""type"":{""generic"":""Self""}}}]],""is_c_variadic"":false,""output"":{""resolved_path"":{""args"":{""angle_bracketed"":{""args"":[{""type"":{""generic"":""Self""}}],""constraints"":[]}},""path"":""core::option::Option""}}}}"
arbi_anafis::ArbiInt	arbi_anafis::ArbiInt	inherent		method	clamp	src/int/api/int/properties.rs	207	[]	"[{""other"":""#[allow(clippy::same_name_method, reason =\n\""Inherent method mirrors num_traits trait for ergonomic access without trait import\"")]""},{""other"":""#[attr = Inline(Hint)]""},{""must_use"":{""reason"":null}}]"	"{""generics"":{""params"":[],""where_predicates"":[]},""header"":{""abi"":""Rust"",""is_async"":false,""is_const"":false,""is_unsafe"":false},""sig"":{""inputs"":[[""self"",{""borrowed_ref"":{""is_mutable"":false,""lifetime"":null,""type"":{""generic"":""Self""}}}],[""min"",{""borrowed_ref"":{""is_mutable"":false,""lifetime"":null,""type"":{""generic"":""Self""}}}],[""max"",{""borrowed_ref"":{""is_mutable"":false,""lifetime"":null,""type"":{""generic"":""Self""}}}]],""is_c_variadic"":false,""output"":{""generic"":""Self""}}}"
arbi_anafis::ArbiInt	arbi_anafis::ArbiInt	inherent		method	clear_bit	src/int/api/int/bitwise.rs	193	[]	"[{""must_use"":{""reason"":null}}]"	"{""generics"":{""params"":[],""where_predicates"":[]},""header"":{""abi"":""Rust"",""is_async"":false,""is_const"":false,""is_unsafe"":false},""sig"":{""inputs"":[[""self"",{""borrowed_ref"":{""is_mutable"":false,""lifetime"":null,""type"":{""generic"":""Self""}}}],[""bit"",{""primitive"":""usize""}]],""is_c_variadic"":false,""output"":{""generic"":""Self""}}}"
arbi_anafis::ArbiInt	arbi_anafis::ArbiInt	inherent		method	count_ones	src/int/api/int/bitwise.rs	326	[]	"[{""must_use"":{""reason"":null}}]"	"{""generics"":{""params"":[],""where_predicates"":[]},""header"":{""abi"":""Rust"",""is_async"":false,""is_const"":false,""is_unsafe"":false},""sig"":{""inputs"":[[""self"",{""borrowed_ref"":{""is_mutable"":false,""lifetime"":null,""type"":{""generic"":""Self""}}}]],""is_c_variadic"":false,""output"":{""resolved_path"":{""args"":{""angle_bracketed"":{""args"":[{""type"":{""primitive"":""usize""}}],""constraints"":[]}},""path"":""core::option::Option""}}}}"
arbi_anafis::ArbiInt	arbi_anafis::ArbiInt	inherent		method	count_zeros	src/int/api/int/bitwise.rs	103	[]	"[{""must_use"":{""reason"":null}}]"	"{""generics"":{""params"":[],""where_predicates"":[]},""header"":{""abi"":""Rust"",""is_async"":false,""is_const"":false,""is_unsafe"":false},""sig"":{""inputs"":[[""self"",{""borrowed_ref"":{""is_mutable"":false,""lifetime"":null,""type"":{""generic"":""Self""}}}]],""is_c_variadic"":false,""output"":{""resolved_path"":{""args"":{""angle_bracketed"":{""args"":[{""type"":{""primitive"":""usize""}}],""constraints"":[]}},""path"":""core::option::Option""}}}}"
arbi_anafis::ArbiInt	arbi_anafis::ArbiInt	inherent		method	div_ceil	src/int/api/int/math/division.rs	187	[]	"[{""must_use"":{""reason"":null}}]"	"{""generics"":{""params"":[],""where_predicates"":[]},""header"":{""abi"":""Rust"",""is_async"":false,""is_const"":false,""is_unsafe"":false},""sig"":{""inputs"":[[""self"",{""borrowed_ref"":{""is_mutable"":false,""lifetime"":null,""type"":{""generic"":""Self""}}}],[""rhs"",{""borrowed_ref"":{""is_mutable"":false,""lifetime"":null,""type"":{""generic"":""Self""}}}]],""is_c_variadic"":false,""output"":{""generic"":""Self""}}}"
arbi_anafis::ArbiInt	arbi_anafis::ArbiInt	inherent		method	div_euclid	src/int/api/int/math/division.rs	101	[]	"[{""must_use"":{""reason"":null}}]"	"{""generics"":{""params"":[],""where_predicates"":[]},""header"":{""abi"":""Rust"",""is_async"":false,""is_const"":false,""is_unsafe"":false},""sig"":{""inputs"":[[""self"",{""borrowed_ref"":{""is_mutable"":false,""lifetime"":null,""type"":{""generic"":""Self""}}}],[""rhs"",{""borrowed_ref"":{""is_mutable"":false,""lifetime"":null,""type"":{""generic"":""Self""}}}]],""is_c_variadic"":false,""output"":{""generic"":""Self""}}}"
arbi_anafis::ArbiInt	arbi_anafis::ArbiInt	inherent		method	div_floor	src/int/api/int/math/division.rs	149	[]	"[{""must_use"":{""reason"":null}}]"	"{""generics"":{""params"":[],""where_predicates"":[]},""header"":{""abi"":""Rust"",""is_async"":false,""is_const"":false,""is_unsafe"":false},""sig"":{""inputs"":[[""self"",{""borrowed_ref"":{""is_mutable"":false,""lifetime"":null,""type"":{""generic"":""Self""}}}],[""rhs"",{""borrowed_ref"":{""is_mutable"":false,""lifetime"":null,""type"":{""generic"":""Self""}}}]],""is_c_variadic"":false,""output"":{""generic"":""Self""}}}"
arbi_anafis::ArbiInt	arbi_anafis::ArbiInt	inherent		method	div_rem	src/int/api/int/math/division.rs	10	[]	"[{""must_use"":{""reason"":null}}]"	"{""generics"":{""params"":[],""where_predicates"":[]},""header"":{""abi"":""Rust"",""is_async"":false,""is_const"":false,""is_unsafe"":false},""sig"":{""inputs"":[[""self"",{""borrowed_ref"":{""is_mutable"":false,""lifetime"":null,""type"":{""generic"":""Self""}}}],[""rhs"",{""borrowed_ref"":{""is_mutable"":false,""lifetime"":null,""type"":{""generic"":""Self""}}}]],""is_c_variadic"":false,""output"":{""resolved_path"":{""args"":{""angle_bracketed"":{""args"":[{""type"":{""tuple"":[{""generic"":""Self""},{""generic"":""Self""}]}}],""constraints"":[]}},""path"":""core::option::Option""}}}}"
arbi_anafis::ArbiInt	arbi_anafis::ArbiInt	inherent		method	div_rem_euclid	src/int/api/int/math/division.rs	82	[]	"[{""must_use"":{""reason"":null}}]"	"{""generics"":{""params"":[],""where_predicates"":[]},""header"":{""abi"":""Rust"",""is_async"":false,""is_const"":false,""is_unsafe"":false},""sig"":{""inputs"":[[""self"",{""borrowed_ref"":{""is_mutable"":false,""lifetime"":null,""type"":{""generic"":""Self""}}}],[""rhs"",{""borrowed_ref"":{""is_mutable"":false,""lifetime"":null,""type"":{""generic"":""Self""}}}]],""is_c_variadic"":false,""output"":{""resolved_path"":{""args"":{""angle_bracketed"":{""args"":[{""type"":{""tuple"":[{""generic"":""Self""},{""generic"":""Self""}]}}],""constraints"":[]}},""path"":""core::option::Option""}}}}"
arbi_anafis::ArbiInt	arbi_anafis::ArbiInt	inherent		method	div_rem_floor	src/int/api/int/math/division.rs	135	[]	"[{""must_use"":{""reason"":null}}]"	"{""generics"":{""params"":[],""where_predicates"":[]},""header"":{""abi"":""Rust"",""is_async"":false,""is_const"":false,""is_unsafe"":false},""sig"":{""inputs"":[[""self"",{""borrowed_ref"":{""is_mutable"":false,""lifetime"":null,""type"":{""generic"":""Self""}}}],[""rhs"",{""borrowed_ref"":{""is_mutable"":false,""lifetime"":null,""type"":{""generic"":""Self""}}}]],""is_c_variadic"":false,""output"":{""resolved_path"":{""args"":{""angle_bracketed"":{""args"":[{""type"":{""tuple"":[{""generic"":""Self""},{""generic"":""Self""}]}}],""constraints"":[]}},""path"":""core::option::Option""}}}}"
arbi_anafis::ArbiInt	arbi_anafis::ArbiInt	inherent		method	div_trunc	src/int/api/int/math/division.rs	48	[]	"[{""must_use"":{""reason"":null}}]"	"{""generics"":{""params"":[],""where_predicates"":[]},""header"":{""abi"":""Rust"",""is_async"":false,""is_const"":false,""is_unsafe"":false},""sig"":{""inputs"":[[""self"",{""borrowed_ref"":{""is_mutable"":false,""lifetime"":null,""type"":{""generic"":""Self""}}}],[""rhs"",{""borrowed_ref"":{""is_mutable"":false,""lifetime"":null,""type"":{""generic"":""Self""}}}]],""is_c_variadic"":false,""output"":{""generic"":""Self""}}}"
arbi_anafis::ArbiInt	arbi_anafis::ArbiInt	inherent		method	euler_phi	src/int/api/int/theory/arithmetic.rs	10	[]	"[{""must_use"":{""reason"":null}}]"	"{""generics"":{""params"":[],""where_predicates"":[]},""header"":{""abi"":""Rust"",""is_async"":false,""is_const"":false,""is_unsafe"":false},""sig"":{""inputs"":[[""self"",{""borrowed_ref"":{""is_mutable"":false,""lifetime"":null,""type"":{""generic"":""Self""}}}]],""is_c_variadic"":false,""output"":{""resolved_path"":{""args"":{""angle_bracketed"":{""args"":[{""type"":{""generic"":""Self""}}],""constraints"":[]}},""path"":""core::option::Option""}}}}"
arbi_anafis::ArbiInt	arbi_anafis::ArbiInt	inherent		method	extended_gcd	src/int/api/int/theory/gcd.rs	94	[]	"[{""must_use"":{""reason"":null}}]"	"{""generics"":{""params"":[],""where_predicates"":[]},""header"":{""abi"":""Rust"",""is_async"":false,""is_const"":false,""is_unsafe"":false},""sig"":{""inputs"":[[""self"",{""borrowed_ref"":{""is_mutable"":false,""lifetime"":null,""type"":{""generic"":""Self""}}}],[""other"",{""borrowed_ref"":{""is_mutable"":false,""lifetime"":null,""type"":{""generic"":""Self""}}}]],""is_c_variadic"":false,""output"":{""resolved_path"":{""args"":{""angle_bracketed"":{""args"":[{""type"":{""tuple"":[{""generic"":""Self""},{""generic"":""Self""},{""generic"":""Self""}]}}],""constraints"":[]}},""path"":""core::option::Option""}}}}"
arbi_anafis::ArbiInt	arbi_anafis::ArbiInt	inherent		method	find_first_set_bit	src/int/api/int/bitwise.rs	205	[]	"[{""must_use"":{""reason"":null}}]"	"{""generics"":{""params"":[],""where_predicates"":[]},""header"":{""abi"":""Rust"",""is_async"":false,""is_const"":false,""is_unsafe"":false},""sig"":{""inputs"":[[""self"",{""borrowed_ref"":{""is_mutable"":false,""lifetime"":null,""type"":{""generic"":""Self""}}}]],""is_c_variadic"":false,""output"":{""resolved_path"":{""args"":{""angle_bracketed"":{""args"":[{""type"":{""primitive"":""usize""}}],""constraints"":[]}},""path"":""core::option::Option""}}}}"
arbi_anafis::ArbiInt	arbi_anafis::ArbiInt	inherent		method	find_first_zero_bit	src/int/api/int/bitwise.rs	232	[]	"[{""must_use"":{""reason"":null}}]"	"{""generics"":{""params"":[],""where_predicates"":[]},""header"":{""abi"":""Rust"",""is_async"":false,""is_const"":false,""is_unsafe"":false},""sig"":{""inputs"":[[""self"",{""borrowed_ref"":{""is_mutable"":false,""lifetime"":null,""type"":{""generic"":""Self""}}}]],""is_c_variadic"":false,""output"":{""resolved_path"":{""args"":{""angle_bracketed"":{""args"":[{""type"":{""primitive"":""usize""}}],""constraints"":[]}},""path"":""core::option::Option""}}}}"
arbi_anafis::ArbiInt	arbi_anafis::ArbiInt	inherent		method	find_next_set_bit	src/int/api/int/bitwise.rs	211	[]	"[{""must_use"":{""reason"":null}}]"	"{""generics"":{""params"":[],""where_predicates"":[]},""header"":{""abi"":""Rust"",""is_async"":false,""is_const"":false,""is_unsafe"":false},""sig"":{""inputs"":[[""self"",{""borrowed_ref"":{""is_mutable"":false,""lifetime"":null,""type"":{""generic"":""Self""}}}],[""from"",{""primitive"":""usize""}]],""is_c_variadic"":false,""output"":{""resolved_path"":{""args"":{""angle_bracketed"":{""args"":[{""type"":{""primitive"":""usize""}}],""constraints"":[]}},""path"":""core::option::Option""}}}}"
arbi_anafis::ArbiInt	arbi_anafis::ArbiInt	inherent		method	find_next_zero_bit	src/int/api/int/bitwise.rs	251	[]	"[{""must_use"":{""reason"":null}}]"	"{""generics"":{""params"":[],""where_predicates"":[]},""header"":{""abi"":""Rust"",""is_async"":false,""is_const"":false,""is_unsafe"":false},""sig"":{""inputs"":[[""self"",{""borrowed_ref"":{""is_mutable"":false,""lifetime"":null,""type"":{""generic"":""Self""}}}],[""from"",{""primitive"":""usize""}]],""is_c_variadic"":false,""output"":{""primitive"":""usize""}}}"
arbi_anafis::ArbiInt	arbi_anafis::ArbiInt	inherent		method	gcd	src/int/api/int/theory/gcd.rs	14	[]	"[{""must_use"":{""reason"":null}},{""other"":""#[attr = TrackCaller]""}]"	"{""generics"":{""params"":[],""where_predicates"":[]},""header"":{""abi"":""Rust"",""is_async"":false,""is_const"":false,""is_unsafe"":false},""sig"":{""inputs"":[[""self"",{""borrowed_ref"":{""is_mutable"":false,""lifetime"":null,""type"":{""generic"":""Self""}}}],[""other"",{""borrowed_ref"":{""is_mutable"":false,""lifetime"":null,""type"":{""generic"":""Self""}}}]],""is_c_variadic"":false,""output"":{""generic"":""Self""}}}"
arbi_anafis::ArbiInt	arbi_anafis::ArbiInt	inherent		method	gcd_lcm	src/int/api/int/theory/gcd.rs	32	[]	"[{""must_use"":{""reason"":null}}]"	"{""generics"":{""params"":[],""where_predicates"":[]},""header"":{""abi"":""Rust"",""is_async"":false,""is_const"":false,""is_unsafe"":false},""sig"":{""inputs"":[[""self"",{""borrowed_ref"":{""is_mutable"":false,""lifetime"":null,""type"":{""generic"":""Self""}}}],[""other"",{""borrowed_ref"":{""is_mutable"":false,""lifetime"":null,""type"":{""generic"":""Self""}}}]],""is_c_variadic"":false,""output"":{""resolved_path"":{""args"":{""angle_bracketed"":{""args"":[{""type"":{""tuple"":[{""generic"":""Self""},{""generic"":""Self""}]}}],""constraints"":[]}},""path"":""core::option::Option""}}}}"
arbi_anafis::ArbiInt	arbi_anafis::ArbiInt	inherent		method	get_bit	src/int/api/int/bitwise.rs	111	[]	"[{""must_use"":{""reason"":null}}]"	"{""generics"":{""params"":[],""where_predicates"":[]},""header"":{""abi"":""Rust"",""is_async"":false,""is_const"":false,""is_unsafe"":false},""sig"":{""inputs"":[[""self"",{""borrowed_ref"":{""is_mutable"":false,""lifetime"":null,""type"":{""generic"":""Self""}}}],[""bit"",{""primitive"":""usize""}]],""is_c_variadic"":false,""output"":{""primitive"":""bool""}}}"
arbi_anafis::ArbiInt	arbi_anafis::ArbiInt	inherent		method	invert	src/int/api/int/theory/modular.rs	98	[]	"[{""must_use"":{""reason"":null}}]"	"{""generics"":{""params"":[],""where_predicates"":[]},""header"":{""abi"":""Rust"",""is_async"":false,""is_const"":false,""is_unsafe"":false},""sig"":{""inputs"":[[""self"",{""borrowed_ref"":{""is_mutable"":false,""lifetime"":null,""type"":{""generic"":""Self""}}}],[""modulus"",{""borrowed_ref"":{""is_mutable"":false,""lifetime"":null,""type"":{""generic"":""Self""}}}]],""is_c_variadic"":false,""output"":{""resolved_path"":{""args"":{""angle_bracketed"":{""args"":[{""type"":{""generic"":""Self""}}],""constraints"":[]}},""path"":""core::option::Option""}}}}"
arbi_anafis::ArbiInt	arbi_anafis::ArbiInt	inherent		method	is_coprime	src/int/api/int/theory/gcd.rs	84	[]	"[{""must_use"":{""reason"":null}}]"	"{""generics"":{""params"":[],""where_predicates"":[]},""header"":{""abi"":""Rust"",""is_async"":false,""is_const"":false,""is_unsafe"":false},""sig"":{""inputs"":[[""self"",{""borrowed_ref"":{""is_mutable"":false,""lifetime"":null,""type"":{""generic"":""Self""}}}],[""other"",{""borrowed_ref"":{""is_mutable"":false,""lifetime"":null,""type"":{""generic"":""Self""}}}]],""is_c_variadic"":false,""output"":{""primitive"":""bool""}}}"
arbi_anafis::ArbiInt	arbi_anafis::ArbiInt	inherent		method	is_divisible_by	src/int/api/int/math/division.rs	31	[]	"[{""must_use"":{""reason"":null}}]"	"{""generics"":{""params"":[],""where_predicates"":[]},""header"":{""abi"":""Rust"",""is_async"":false,""is_const"":false,""is_unsafe"":false},""sig"":{""inputs"":[[""self"",{""borrowed_ref"":{""is_mutable"":false,""lifetime"":null,""type"":{""generic"":""Self""}}}],[""other"",{""borrowed_ref"":{""is_mutable"":false,""lifetime"":null,""type"":{""generic"":""Self""}}}]],""is_c_variadic"":false,""output"":{""primitive"":""bool""}}}"
arbi_anafis::ArbiInt	arbi_anafis::ArbiInt	inherent		method	is_divisor_of	src/int/api/int/math/division.rs	39	[]	"[{""must_use"":{""reason"":null}}]"	"{""generics"":{""params"":[],""where_predicates"":[]},""header"":{""abi"":""Rust"",""is_async"":false,""is_const"":false,""is_unsafe"":false},""sig"":{""inputs"":[[""self"",{""borrowed_ref"":{""is_mutable"":false,""lifetime"":null,""type"":{""generic"":""Self""}}}],[""other"",{""borrowed_ref"":{""is_mutable"":false,""lifetime"":null,""type"":{""generic"":""Self""}}}]],""is_c_variadic"":false,""output"":{""primitive"":""bool""}}}"
arbi_anafis::ArbiInt	arbi_anafis::ArbiInt	inherent		method	is_even	src/int/api/int/properties.rs	63	[]	"[{""other"":""#[attr = Inline(Hint)]""},{""must_use"":{""reason"":null}}]"	"{""generics"":{""params"":[],""where_predicates"":[]},""header"":{""abi"":""Rust"",""is_async"":false,""is_const"":false,""is_unsafe"":false},""sig"":{""inputs"":[[""self"",{""borrowed_ref"":{""is_mutable"":false,""lifetime"":null,""type"":{""generic"":""Self""}}}]],""is_c_variadic"":false,""output"":{""primitive"":""bool""}}}"
arbi_anafis::ArbiInt	arbi_anafis::ArbiInt	inherent		method	is_minus_one	src/int/api/int/properties.rs	45	[]	"[{""other"":""#[attr = Inline(Hint)]""},{""must_use"":{""reason"":null}}]"	"{""generics"":{""params"":[],""where_predicates"":[]},""header"":{""abi"":""Rust"",""is_async"":false,""is_const"":false,""is_unsafe"":false},""sig"":{""inputs"":[[""self"",{""borrowed_ref"":{""is_mutable"":false,""lifetime"":null,""type"":{""generic"":""Self""}}}]],""is_c_variadic"":false,""output"":{""primitive"":""bool""}}}"
arbi_anafis::ArbiInt	arbi_anafis::ArbiInt	inherent		method	is_negative	src/int/api/int/properties.rs	38	[]	"[{""other"":""#[allow(clippy::same_name_method, reason =\n\""Inherent method mirrors num_traits trait for ergonomic access without trait import\"")]""},{""other"":""#[attr = Inline(Hint)]""},{""must_use"":{""reason"":null}}]"	"{""generics"":{""params"":[],""where_predicates"":[]},""header"":{""abi"":""Rust"",""is_async"":false,""is_const"":false,""is_unsafe"":false},""sig"":{""inputs"":[[""self"",{""borrowed_ref"":{""is_mutable"":false,""lifetime"":null,""type"":{""generic"":""Self""}}}]],""is_c_variadic"":false,""output"":{""primitive"":""bool""}}}"
arbi_anafis::ArbiInt	arbi_anafis::ArbiInt	inherent		method	is_odd	src/int/api/int/properties.rs	70	[]	"[{""other"":""#[attr = Inline(Hint)]""},{""must_use"":{""reason"":null}}]"	"{""generics"":{""params"":[],""where_predicates"":[]},""header"":{""abi"":""Rust"",""is_async"":false,""is_const"":false,""is_unsafe"":false},""sig"":{""inputs"":[[""self"",{""borrowed_ref"":{""is_mutable"":false,""lifetime"":null,""type"":{""generic"":""Self""}}}]],""is_c_variadic"":false,""output"":{""primitive"":""bool""}}}"
arbi_anafis::ArbiInt	arbi_anafis::ArbiInt	inherent		method	is_one	src/int/api/int/properties.rs	56	[]	"[{""other"":""#[allow(clippy::same_name_method, reason =\n\""Inherent method mirrors num_traits trait for ergonomic access without trait import\"")]""},{""other"":""#[attr = Inline(Hint)]""},{""must_use"":{""reason"":null}}]"	"{""generics"":{""params"":[],""where_predicates"":[]},""header"":{""abi"":""Rust"",""is_async"":false,""is_const"":false,""is_unsafe"":false},""sig"":{""inputs"":[[""self"",{""borrowed_ref"":{""is_mutable"":false,""lifetime"":null,""type"":{""generic"":""Self""}}}]],""is_c_variadic"":false,""output"":{""primitive"":""bool""}}}"
arbi_anafis::ArbiInt	arbi_anafis::ArbiInt	inherent		method	is_perfect_square	src/int/api/int/theory/roots.rs	65	[]	"[{""must_use"":{""reason"":null}}]"	"{""generics"":{""params"":[],""where_predicates"":[]},""header"":{""abi"":""Rust"",""is_async"":false,""is_const"":false,""is_unsafe"":false},""sig"":{""inputs"":[[""self"",{""borrowed_ref"":{""is_mutable"":false,""lifetime"":null,""type"":{""generic"":""Self""}}}]],""is_c_variadic"":false,""output"":{""primitive"":""bool""}}}"
arbi_anafis::ArbiInt	arbi_anafis::ArbiInt	inherent		method	is_positive	src/int/api/int/properties.rs	27	[]	"[{""other"":""#[allow(clippy::same_name_method, reason =\n\""Inherent method mirrors num_traits trait for ergonomic access without trait import\"")]""},{""other"":""#[attr = Inline(Hint)]""},{""must_use"":{""reason"":null}}]"	"{""generics"":{""params"":[],""where_predicates"":[]},""header"":{""abi"":""Rust"",""is_async"":false,""is_const"":false,""is_unsafe"":false},""sig"":{""inputs"":[[""self"",{""borrowed_ref"":{""is_mutable"":false,""lifetime"":null,""type"":{""generic"":""Self""}}}]],""is_c_variadic"":false,""output"":{""primitive"":""bool""}}}"
arbi_anafis::ArbiInt	arbi_anafis::ArbiInt	inherent		method	is_power_of_two	src/int/api/int/properties.rs	77	[]	"[{""other"":""#[attr = Inline(Hint)]""},{""must_use"":{""reason"":null}}]"	"{""generics"":{""params"":[],""where_predicates"":[]},""header"":{""abi"":""Rust"",""is_async"":false,""is_const"":false,""is_unsafe"":false},""sig"":{""inputs"":[[""self"",{""borrowed_ref"":{""is_mutable"":false,""lifetime"":null,""type"":{""generic"":""Self""}}}]],""is_c_variadic"":false,""output"":{""primitive"":""bool""}}}"
arbi_anafis::ArbiInt	arbi_anafis::ArbiInt	inherent		method	is_prime	src/int/api/int/theory/primes.rs	8	[]	"[{""must_use"":{""reason"":null}}]"	"{""generics"":{""params"":[],""where_predicates"":[]},""header"":{""abi"":""Rust"",""is_async"":false,""is_const"":false,""is_unsafe"":false},""sig"":{""inputs"":[[""self"",{""borrowed_ref"":{""is_mutable"":false,""lifetime"":null,""type"":{""generic"":""Self""}}}]],""is_c_variadic"":false,""output"":{""primitive"":""bool""}}}"
arbi_anafis::ArbiInt	arbi_anafis::ArbiInt	inherent		method	is_probably_prime	src/int/api/int/theory/primes.rs	14	[]	"[{""must_use"":{""reason"":null}}]"	"{""generics"":{""params"":[],""where_predicates"":[]},""header"":{""abi"":""Rust"",""is_async"":false,""is_const"":false,""is_unsafe"":false},""sig"":{""inputs"":[[""self"",{""borrowed_ref"":{""is_mutable"":false,""lifetime"":null,""type"":{""generic"":""Self""}}}],[""k"",{""primitive"":""u32""}]],""is_c_variadic"":false,""output"":{""primitive"":""bool""}}}"
arbi_anafis::ArbiInt	arbi_anafis::ArbiInt	inherent		method	is_zero	src/int/api/int/properties.rs	13	[]	"[{""other"":""#[allow(clippy::same_name_method, reason =\n\""Inherent method mirrors num_traits trait for ergonomic access without trait import\"")]""},{""other"":""#[attr = Inline(Hint)]""},{""must_use"":{""reason"":null}}]"	"{""generics"":{""params"":[],""where_predicates"":[]},""header"":{""abi"":""Rust"",""is_async"":false,""is_const"":false,""is_unsafe"":false},""sig"":{""inputs"":[[""self"",{""borrowed_ref"":{""is_mutable"":false,""lifetime"":null,""type"":{""generic"":""Self""}}}]],""is_c_variadic"":false,""output"":{""primitive"":""bool""}}}"
arbi_anafis::ArbiInt	arbi_anafis::ArbiInt	inherent		method	jacobi_symbol	src/int/api/int/theory/arithmetic.rs	31	[]	"[{""must_use"":{""reason"":null}}]"	"{""generics"":{""params"":[],""where_predicates"":[]},""header"":{""abi"":""Rust"",""is_async"":false,""is_const"":false,""is_unsafe"":false},""sig"":{""inputs"":[[""self"",{""borrowed_ref"":{""is_mutable"":false,""lifetime"":null,""type"":{""generic"":""Self""}}}],[""other"",{""borrowed_ref"":{""is_mutable"":false,""lifetime"":null,""type"":{""generic"":""Self""}}}]],""is_c_variadic"":false,""output"":{""resolved_path"":{""args"":{""angle_bracketed"":{""args"":[{""type"":{""primitive"":""i8""}}],""constraints"":[]}},""path"":""core::option::Option""}}}}"
arbi_anafis::ArbiInt	arbi_anafis::ArbiInt	inherent		method	lcm	src/int/api/int/theory/gcd.rs	64	[]	"[{""must_use"":{""reason"":null}}]"	"{""generics"":{""params"":[],""where_predicates"":[]},""header"":{""abi"":""Rust"",""is_async"":false,""is_const"":false,""is_unsafe"":false},""sig"":{""inputs"":[[""self"",{""borrowed_ref"":{""is_mutable"":false,""lifetime"":null,""type"":{""generic"":""Self""}}}],[""other"",{""borrowed_ref"":{""is_mutable"":false,""lifetime"":null,""type"":{""generic"":""Self""}}}]],""is_c_variadic"":false,""output"":{""resolved_path"":{""args"":{""angle_bracketed"":{""args"":[{""type"":{""generic"":""Self""}}],""constraints"":[]}},""path"":""core::option::Option""}}}}"
arbi_anafis::ArbiInt	arbi_anafis::ArbiInt	inherent		method	leading_ones	src/int/api/int/bitwise.rs	95	[]	"[{""must_use"":{""reason"":null}}]"	"{""generics"":{""params"":[],""where_predicates"":[]},""header"":{""abi"":""Rust"",""is_async"":false,""is_const"":false,""is_unsafe"":false},""sig"":{""inputs"":[[""self"",{""borrowed_ref"":{""is_mutable"":false,""lifetime"":null,""type"":{""generic"":""Self""}}}]],""is_c_variadic"":false,""output"":{""resolved_path"":{""args"":{""angle_bracketed"":{""args"":[{""type"":{""primitive"":""usize""}}],""constraints"":[]}},""path"":""core::option::Option""}}}}"
arbi_anafis::ArbiInt	arbi_anafis::ArbiInt	inherent		method	leading_zeros	src/int/api/int/bitwise.rs	87	[]	"[{""must_use"":{""reason"":null}}]"	"{""generics"":{""params"":[],""where_predicates"":[]},""header"":{""abi"":""Rust"",""is_async"":false,""is_const"":false,""is_unsafe"":false},""sig"":{""inputs"":[[""self"",{""borrowed_ref"":{""is_mutable"":false,""lifetime"":null,""type"":{""generic"":""Self""}}}]],""is_c_variadic"":false,""output"":{""resolved_path"":{""args"":{""angle_bracketed"":{""args"":[{""type"":{""primitive"":""usize""}}],""constraints"":[]}},""path"":""core::option::Option""}}}}"
arbi_anafis::ArbiInt	arbi_anafis::ArbiInt	inherent		method	max	src/int/api/int/properties.rs	185	[]	"[{""other"":""#[allow(clippy::same_name_method, reason =\n\""Inherent method mirrors num_traits trait for ergonomic access without trait import\"")]""},{""other"":""#[attr = Inline(Hint)]""},{""must_use"":{""reason"":null}}]"	"{""generics"":{""params"":[],""where_predicates"":[]},""header"":{""abi"":""Rust"",""is_async"":false,""is_const"":false,""is_unsafe"":false},""sig"":{""inputs"":[[""self"",{""borrowed_ref"":{""is_mutable"":false,""lifetime"":null,""type"":{""generic"":""Self""}}}],[""other"",{""borrowed_ref"":{""is_mutable"":false,""lifetime"":null,""type"":{""generic"":""Self""}}}]],""is_c_variadic"":false,""output"":{""generic"":""Self""}}}"
arbi_anafis::ArbiInt	arbi_anafis::ArbiInt	inherent		method	midpoint	src/int/api/int/math/combined.rs	34	[]	"[{""must_use"":{""reason"":null}}]"	"{""generics"":{""params"":[],""where_predicates"":[]},""header"":{""abi"":""Rust"",""is_async"":false,""is_const"":false,""is_unsafe"":false},""sig"":{""inputs"":[[""self"",{""borrowed_ref"":{""is_mutable"":false,""lifetime"":null,""type"":{""generic"":""Self""}}}],[""other"",{""borrowed_ref"":{""is_mutable"":false,""lifetime"":null,""type"":{""generic"":""Self""}}}]],""is_c_variadic"":false,""output"":{""generic"":""Self""}}}"
arbi_anafis::ArbiInt	arbi_anafis::ArbiInt	inherent		method	min	src/int/api/int/properties.rs	163	[]	"[{""other"":""#[allow(clippy::same_name_method, reason =\n\""Inherent method mirrors num_traits trait for ergonomic access without trait import\"")]""},{""other"":""#[attr = Inline(Hint)]""},{""must_use"":{""reason"":null}}]"	"{""generics"":{""params"":[],""where_predicates"":[]},""header"":{""abi"":""Rust"",""is_async"":false,""is_const"":false,""is_unsafe"":false},""sig"":{""inputs"":[[""self"",{""borrowed_ref"":{""is_mutable"":false,""lifetime"":null,""type"":{""generic"":""Self""}}}],[""other"",{""borrowed_ref"":{""is_mutable"":false,""lifetime"":null,""type"":{""generic"":""Self""}}}]],""is_c_variadic"":false,""output"":{""generic"":""Self""}}}"
arbi_anafis::ArbiInt	arbi_anafis::ArbiInt	inherent		method	mod_floor	src/int/api/int/math/division.rs	166	[]	"[{""must_use"":{""reason"":null}}]"	"{""generics"":{""params"":[],""where_predicates"":[]},""header"":{""abi"":""Rust"",""is_async"":false,""is_const"":false,""is_unsafe"":false},""sig"":{""inputs"":[[""self"",{""borrowed_ref"":{""is_mutable"":false,""lifetime"":null,""type"":{""generic"":""Self""}}}],[""rhs"",{""borrowed_ref"":{""is_mutable"":false,""lifetime"":null,""type"":{""generic"":""Self""}}}]],""is_c_variadic"":false,""output"":{""generic"":""Self""}}}"
arbi_anafis::ArbiInt	arbi_anafis::ArbiInt	inherent		method	montgomery_mul	src/int/api/int/theory/modular.rs	137	[]	"[{""must_use"":{""reason"":null}}]"	"{""generics"":{""params"":[],""where_predicates"":[]},""header"":{""abi"":""Rust"",""is_async"":false,""is_const"":false,""is_unsafe"":false},""sig"":{""inputs"":[[""self"",{""borrowed_ref"":{""is_mutable"":false,""lifetime"":null,""type"":{""generic"":""Self""}}}],[""other"",{""borrowed_ref"":{""is_mutable"":false,""lifetime"":null,""type"":{""generic"":""Self""}}}],[""modulus"",{""borrowed_ref"":{""is_mutable"":false,""lifetime"":null,""type"":{""generic"":""Self""}}}]],""is_c_variadic"":false,""output"":{""resolved_path"":{""args"":{""angle_bracketed"":{""args"":[{""type"":{""generic"":""Self""}}],""constraints"":[]}},""path"":""core::option::Option""}}}}"
arbi_anafis::ArbiInt	arbi_anafis::ArbiInt	inherent		method	mul_add	src/int/api/int/math/combined.rs	15	[]	"[{""must_use"":{""reason"":null}},{""other"":""#[attr = TrackCaller]""}]"	"{""generics"":{""params"":[],""where_predicates"":[]},""header"":{""abi"":""Rust"",""is_async"":false,""is_const"":false,""is_unsafe"":false},""sig"":{""inputs"":[[""self"",{""borrowed_ref"":{""is_mutable"":false,""lifetime"":null,""type"":{""generic"":""Self""}}}],[""a"",{""borrowed_ref"":{""is_mutable"":false,""lifetime"":null,""type"":{""generic"":""Self""}}}],[""b"",{""borrowed_ref"":{""is_mutable"":false,""lifetime"":null,""type"":{""generic"":""Self""}}}]],""is_c_variadic"":false,""output"":{""generic"":""Self""}}}"
arbi_anafis::ArbiInt	arbi_anafis::ArbiInt	inherent		method	mul_mod	src/int/api/int/theory/modular.rs	50	[]	"[{""must_use"":{""reason"":null}}]"	"{""generics"":{""params"":[],""where_predicates"":[]},""header"":{""abi"":""Rust"",""is_async"":false,""is_const"":false,""is_unsafe"":false},""sig"":{""inputs"":[[""self"",{""borrowed_ref"":{""is_mutable"":false,""lifetime"":null,""type"":{""generic"":""Self""}}}],[""other"",{""borrowed_ref"":{""is_mutable"":false,""lifetime"":null,""type"":{""generic"":""Self""}}}],[""modulus"",{""borrowed_ref"":{""is_mutable"":false,""lifetime"":null,""type"":{""generic"":""Self""}}}]],""is_c_variadic"":false,""output"":{""resolved_path"":{""args"":{""angle_bracketed"":{""args"":[{""type"":{""generic"":""Self""}}],""constraints"":[]}},""path"":""core::option::Option""}}}}"
arbi_anafis::ArbiInt	arbi_anafis::ArbiInt	inherent		method	next_prime	src/int/api/int/theory/primes.rs	23	[]	"[{""must_use"":{""reason"":null}}]"	"{""generics"":{""params"":[],""where_predicates"":[]},""header"":{""abi"":""Rust"",""is_async"":false,""is_const"":false,""is_unsafe"":false},""sig"":{""inputs"":[[""self"",{""borrowed_ref"":{""is_mutable"":false,""lifetime"":null,""type"":{""generic"":""Self""}}}]],""is_c_variadic"":false,""output"":{""resolved_path"":{""args"":{""angle_bracketed"":{""args"":[{""type"":{""generic"":""Self""}}],""constraints"":[]}},""path"":""core::option::Option""}}}}"
arbi_anafis::ArbiInt	arbi_anafis::ArbiInt	inherent		method	not_with_width	src/int/api/int/bitwise.rs	65	[]	"[{""must_use"":{""reason"":null}}]"	"{""generics"":{""params"":[],""where_predicates"":[]},""header"":{""abi"":""Rust"",""is_async"":false,""is_const"":false,""is_unsafe"":false},""sig"":{""inputs"":[[""self"",{""borrowed_ref"":{""is_mutable"":false,""lifetime"":null,""type"":{""generic"":""Self""}}}],[""width"",{""primitive"":""usize""}]],""is_c_variadic"":false,""output"":{""resolved_path"":{""args"":{""angle_bracketed"":{""args"":[{""type"":{""generic"":""Self""}}],""constraints"":[]}},""path"":""core::option::Option""}}}}"
arbi_anafis::ArbiInt	arbi_anafis::ArbiInt	inherent		method	nth_root	src/int/api/int/theory/roots.rs	48	[]	"[{""must_use"":{""reason"":null}}]"	"{""generics"":{""params"":[],""where_predicates"":[]},""header"":{""abi"":""Rust"",""is_async"":false,""is_const"":false,""is_unsafe"":false},""sig"":{""inputs"":[[""self"",{""borrowed_ref"":{""is_mutable"":false,""lifetime"":null,""type"":{""generic"":""Self""}}}],[""n"",{""primitive"":""u32""}]],""is_c_variadic"":false,""output"":{""resolved_path"":{""args"":{""angle_bracketed"":{""args"":[{""type"":{""generic"":""Self""}}],""constraints"":[]}},""path"":""core::option::Option""}}}}"
arbi_anafis::ArbiInt	arbi_anafis::ArbiInt	inherent		method	overflowing_add	src/int/api/int/math/bounded.rs	116	[]	"[{""must_use"":{""reason"":null}}]"	"{""generics"":{""params"":[],""where_predicates"":[]},""header"":{""abi"":""Rust"",""is_async"":false,""is_const"":false,""is_unsafe"":false},""sig"":{""inputs"":[[""self"",{""borrowed_ref"":{""is_mutable"":false,""lifetime"":null,""type"":{""generic"":""Self""}}}],[""rhs"",{""borrowed_ref"":{""is_mutable"":false,""lifetime"":null,""type"":{""generic"":""Self""}}}]],""is_c_variadic"":false,""output"":{""tuple"":[{""generic"":""Self""},{""primitive"":""bool""}]}}}"
arbi_anafis::ArbiInt	arbi_anafis::ArbiInt	inherent		method	overflowing_div	src/int/api/int/math/bounded.rs	176	[]	"[{""must_use"":{""reason"":null}}]"	"{""generics"":{""params"":[],""where_predicates"":[]},""header"":{""abi"":""Rust"",""is_async"":false,""is_const"":false,""is_unsafe"":false},""sig"":{""inputs"":[[""self"",{""borrowed_ref"":{""is_mutable"":false,""lifetime"":null,""type"":{""generic"":""Self""}}}],[""rhs"",{""borrowed_ref"":{""is_mutable"":false,""lifetime"":null,""type"":{""generic"":""Self""}}}]],""is_c_variadic"":false,""output"":{""tuple"":[{""generic"":""Self""},{""primitive"":""bool""}]}}}"
arbi_anafis::ArbiInt	arbi_anafis::ArbiInt	inherent		method	overflowing_mul	src/int/api/int/math/bounded.rs	156	[]	"[{""must_use"":{""reason"":null}}]"	"{""generics"":{""params"":[],""where_predicates"":[]},""header"":{""abi"":""Rust"",""is_async"":false,""is_const"":false,""is_unsafe"":false},""sig"":{""inputs"":[[""self"",{""borrowed_ref"":{""is_mutable"":false,""lifetime"":null,""type"":{""generic"":""Self""}}}],[""rhs"",{""borrowed_ref"":{""is_mutable"":false,""lifetime"":null,""type"":{""generic"":""Self""}}}]],""is_c_variadic"":false,""output"":{""tuple"":[{""generic"":""Self""},{""primitive"":""bool""}]}}}"
arbi_anafis::ArbiInt	arbi_anafis::ArbiInt	inherent		method	overflowing_rem	src/int/api/int/math/bounded.rs	206	[]	"[{""must_use"":{""reason"":null}}]"	"{""generics"":{""params"":[],""where_predicates"":[]},""header"":{""abi"":""Rust"",""is_async"":false,""is_const"":false,""is_unsafe"":false},""sig"":{""inputs"":[[""self"",{""borrowed_ref"":{""is_mutable"":false,""lifetime"":null,""type"":{""generic"":""Self""}}}],[""rhs"",{""borrowed_ref"":{""is_mutable"":false,""lifetime"":null,""type"":{""generic"":""Self""}}}]],""is_c_variadic"":false,""output"":{""tuple"":[{""generic"":""Self""},{""primitive"":""bool""}]}}}"
arbi_anafis::ArbiInt	arbi_anafis::ArbiInt	inherent		method	overflowing_shl	src/int/api/int/shift.rs	45	[]	"[{""must_use"":{""reason"":null}}]"	"{""generics"":{""params"":[],""where_predicates"":[]},""header"":{""abi"":""Rust"",""is_async"":false,""is_const"":false,""is_unsafe"":false},""sig"":{""inputs"":[[""self"",{""borrowed_ref"":{""is_mutable"":false,""lifetime"":null,""type"":{""generic"":""Self""}}}],[""shift"",{""primitive"":""usize""}]],""is_c_variadic"":false,""output"":{""tuple"":[{""generic"":""Self""},{""primitive"":""bool""}]}}}"
arbi_anafis::ArbiInt	arbi_anafis::ArbiInt	inherent		method	overflowing_sub	src/int/api/int/math/bounded.rs	136	[]	"[{""must_use"":{""reason"":null}}]"	"{""generics"":{""params"":[],""where_predicates"":[]},""header"":{""abi"":""Rust"",""is_async"":false,""is_const"":false,""is_unsafe"":false},""sig"":{""inputs"":[[""self"",{""borrowed_ref"":{""is_mutable"":false,""lifetime"":null,""type"":{""generic"":""Self""}}}],[""rhs"",{""borrowed_ref"":{""is_mutable"":false,""lifetime"":null,""type"":{""generic"":""Self""}}}]],""is_c_variadic"":false,""output"":{""tuple"":[{""generic"":""Self""},{""primitive"":""bool""}]}}}"
arbi_anafis::ArbiInt	arbi_anafis::ArbiInt	inherent		method	pow	src/int/api/int/theory/powers.rs	14	[]	"[{""must_use"":{""reason"":null}},{""other"":""#[attr = TrackCaller]""}]"	"{""generics"":{""params"":[],""where_predicates"":[]},""header"":{""abi"":""Rust"",""is_async"":false,""is_const"":false,""is_unsafe"":false},""sig"":{""inputs"":[[""self"",{""borrowed_ref"":{""is_mutable"":false,""lifetime"":null,""type"":{""generic"":""Self""}}}],[""exp"",{""primitive"":""u32""}]],""is_c_variadic"":false,""output"":{""generic"":""Self""}}}"
arbi_anafis::ArbiInt	arbi_anafis::ArbiInt	inherent		method	pow_mod	src/int/api/int/theory/modular.rs	72	[]	"[{""must_use"":{""reason"":null}}]"	"{""generics"":{""params"":[],""where_predicates"":[]},""header"":{""abi"":""Rust"",""is_async"":false,""is_const"":false,""is_unsafe"":false},""sig"":{""inputs"":[[""self"",{""borrowed_ref"":{""is_mutable"":false,""lifetime"":null,""type"":{""generic"":""Self""}}}],[""exp"",{""borrowed_ref"":{""is_mutable"":false,""lifetime"":null,""type"":{""generic"":""Self""}}}],[""modulus"",{""borrowed_ref"":{""is_mutable"":false,""lifetime"":null,""type"":{""generic"":""Self""}}}]],""is_c_variadic"":false,""output"":{""resolved_path"":{""args"":{""angle_bracketed"":{""args"":[{""type"":{""generic"":""Self""}}],""constraints"":[]}},""path"":""core::option::Option""}}}}"
arbi_anafis::ArbiInt	arbi_anafis::ArbiInt	inherent		method	rem_euclid	src/int/api/int/math/division.rs	118	[]	"[{""must_use"":{""reason"":null}}]"	"{""generics"":{""params"":[],""where_predicates"":[]},""header"":{""abi"":""Rust"",""is_async"":false,""is_const"":false,""is_unsafe"":false},""sig"":{""inputs"":[[""self"",{""borrowed_ref"":{""is_mutable"":false,""lifetime"":null,""type"":{""generic"":""Self""}}}],[""rhs"",{""borrowed_ref"":{""is_mutable"":false,""lifetime"":null,""type"":{""generic"":""Self""}}}]],""is_c_variadic"":false,""output"":{""generic"":""Self""}}}"
arbi_anafis::ArbiInt	arbi_anafis::ArbiInt	inherent		method	rem_trunc	src/int/api/int/math/division.rs	70	[]	"[{""must_use"":{""reason"":null}}]"	"{""generics"":{""params"":[],""where_predicates"":[]},""header"":{""abi"":""Rust"",""is_async"":false,""is_const"":false,""is_unsafe"":false},""sig"":{""inputs"":[[""self"",{""borrowed_ref"":{""is_mutable"":false,""lifetime"":null,""type"":{""generic"":""Self""}}}],[""rhs"",{""borrowed_ref"":{""is_mutable"":false,""lifetime"":null,""type"":{""generic"":""Self""}}}]],""is_c_variadic"":false,""output"":{""generic"":""Self""}}}"
arbi_anafis::ArbiInt	arbi_anafis::ArbiInt	inherent		method	reserve	src/int/api/int/capacity.rs	31	[]	[]	"{""generics"":{""params"":[],""where_predicates"":[]},""header"":{""abi"":""Rust"",""is_async"":false,""is_const"":false,""is_unsafe"":false},""sig"":{""inputs"":[[""self"",{""borrowed_ref"":{""is_mutable"":true,""lifetime"":null,""type"":{""generic"":""Self""}}}],[""additional"",{""primitive"":""usize""}]],""is_c_variadic"":false,""output"":null}}"
arbi_anafis::ArbiInt	arbi_anafis::ArbiInt	inherent		method	reserve_exact	src/int/api/int/capacity.rs	36	[]	[]	"{""generics"":{""params"":[],""where_predicates"":[]},""header"":{""abi"":""Rust"",""is_async"":false,""is_const"":false,""is_unsafe"":false},""sig"":{""inputs"":[[""self"",{""borrowed_ref"":{""is_mutable"":true,""lifetime"":null,""type"":{""generic"":""Self""}}}],[""additional"",{""primitive"":""usize""}]],""is_c_variadic"":false,""output"":null}}"
arbi_anafis::ArbiInt	arbi_anafis::ArbiInt	inherent		method	reverse_bits	src/int/api/int/bitwise.rs	50	[]	"[{""must_use"":{""reason"":null}}]"	"{""generics"":{""params"":[],""where_predicates"":[]},""header"":{""abi"":""Rust"",""is_async"":false,""is_const"":false,""is_unsafe"":false},""sig"":{""inputs"":[[""self"",{""borrowed_ref"":{""is_mutable"":false,""lifetime"":null,""type"":{""generic"":""Self""}}}],[""width"",{""primitive"":""usize""}]],""is_c_variadic"":false,""output"":{""resolved_path"":{""args"":{""angle_bracketed"":{""args"":[{""type"":{""generic"":""Self""}}],""constraints"":[]}},""path"":""core::option::Option""}}}}"
arbi_anafis::ArbiInt	arbi_anafis::ArbiInt	inherent		method	rotate_left	src/int/api/int/bitwise.rs	30	[]	"[{""must_use"":{""reason"":null}}]"	"{""generics"":{""params"":[],""where_predicates"":[]},""header"":{""abi"":""Rust"",""is_async"":false,""is_const"":false,""is_unsafe"":false},""sig"":{""inputs"":[[""self"",{""borrowed_ref"":{""is_mutable"":false,""lifetime"":null,""type"":{""generic"":""Self""}}}],[""n"",{""primitive"":""u32""}],[""width"",{""primitive"":""usize""}]],""is_c_variadic"":false,""output"":{""resolved_path"":{""args"":{""angle_bracketed"":{""args"":[{""type"":{""generic"":""Self""}}],""constraints"":[]}},""path"":""core::option::Option""}}}}"
arbi_anafis::ArbiInt	arbi_anafis::ArbiInt	inherent		method	rotate_right	src/int/api/int/bitwise.rs	40	[]	"[{""must_use"":{""reason"":null}}]"	"{""generics"":{""params"":[],""where_predicates"":[]},""header"":{""abi"":""Rust"",""is_async"":false,""is_const"":false,""is_unsafe"":false},""sig"":{""inputs"":[[""self"",{""borrowed_ref"":{""is_mutable"":false,""lifetime"":null,""type"":{""generic"":""Self""}}}],[""n"",{""primitive"":""u32""}],[""width"",{""primitive"":""usize""}]],""is_c_variadic"":false,""output"":{""resolved_path"":{""args"":{""angle_bracketed"":{""args"":[{""type"":{""generic"":""Self""}}],""constraints"":[]}},""path"":""core::option::Option""}}}}"
arbi_anafis::ArbiInt	arbi_anafis::ArbiInt	inherent		method	saturating_add	src/int/api/int/math/bounded.rs	241	[]	"[{""must_use"":{""reason"":null}}]"	"{""generics"":{""params"":[],""where_predicates"":[]},""header"":{""abi"":""Rust"",""is_async"":false,""is_const"":false,""is_unsafe"":false},""sig"":{""inputs"":[[""self"",{""borrowed_ref"":{""is_mutable"":false,""lifetime"":null,""type"":{""generic"":""Self""}}}],[""rhs"",{""borrowed_ref"":{""is_mutable"":false,""lifetime"":null,""type"":{""generic"":""Self""}}}]],""is_c_variadic"":false,""output"":{""generic"":""Self""}}}"
arbi_anafis::ArbiInt	arbi_anafis::ArbiInt	inherent		method	saturating_div	src/int/api/int/math/bounded.rs	339	[]	"[{""must_use"":{""reason"":null}}]"	"{""generics"":{""params"":[],""where_predicates"":[]},""header"":{""abi"":""Rust"",""is_async"":false,""is_const"":false,""is_unsafe"":false},""sig"":{""inputs"":[[""self"",{""borrowed_ref"":{""is_mutable"":false,""lifetime"":null,""type"":{""generic"":""Self""}}}],[""rhs"",{""borrowed_ref"":{""is_mutable"":false,""lifetime"":null,""type"":{""generic"":""Self""}}}]],""is_c_variadic"":false,""output"":{""generic"":""Self""}}}"
arbi_anafis::ArbiInt	arbi_anafis::ArbiInt	inherent		method	saturating_mul	src/int/api/int/math/bounded.rs	317	[]	"[{""must_use"":{""reason"":null}}]"	"{""generics"":{""params"":[],""where_predicates"":[]},""header"":{""abi"":""Rust"",""is_async"":false,""is_const"":false,""is_unsafe"":false},""sig"":{""inputs"":[[""self"",{""borrowed_ref"":{""is_mutable"":false,""lifetime"":null,""type"":{""generic"":""Self""}}}],[""rhs"",{""borrowed_ref"":{""is_mutable"":false,""lifetime"":null,""type"":{""generic"":""Self""}}}]],""is_c_variadic"":false,""output"":{""generic"":""Self""}}}"
arbi_anafis::ArbiInt	arbi_anafis::ArbiInt	inherent		method	saturating_rem	src/int/api/int/math/bounded.rs	366	[]	"[{""must_use"":{""reason"":null}}]"	"{""generics"":{""params"":[],""where_predicates"":[]},""header"":{""abi"":""Rust"",""is_async"":false,""is_const"":false,""is_unsafe"":false},""sig"":{""inputs"":[[""self"",{""borrowed_ref"":{""is_mutable"":false,""lifetime"":null,""type"":{""generic"":""Self""}}}],[""rhs"",{""borrowed_ref"":{""is_mutable"":false,""lifetime"":null,""type"":{""generic"":""Self""}}}]],""is_c_variadic"":false,""output"":{""generic"":""Self""}}}"
arbi_anafis::ArbiInt	arbi_anafis::ArbiInt	inherent		method	saturating_shl	src/int/api/int/shift.rs	68	[]	"[{""must_use"":{""reason"":null}}]"	"{""generics"":{""params"":[],""where_predicates"":[]},""header"":{""abi"":""Rust"",""is_async"":false,""is_const"":false,""is_unsafe"":false},""sig"":{""inputs"":[[""self"",{""borrowed_ref"":{""is_mutable"":false,""lifetime"":null,""type"":{""generic"":""Self""}}}],[""shift"",{""primitive"":""usize""}]],""is_c_variadic"":false,""output"":{""generic"":""Self""}}}"
arbi_anafis::ArbiInt	arbi_anafis::ArbiInt	inherent		method	saturating_sub	src/int/api/int/math/bounded.rs	264	[]	"[{""must_use"":{""reason"":null}}]"	"{""generics"":{""params"":[],""where_predicates"":[]},""header"":{""abi"":""Rust"",""is_async"":false,""is_const"":false,""is_unsafe"":false},""sig"":{""inputs"":[[""self"",{""borrowed_ref"":{""is_mutable"":false,""lifetime"":null,""type"":{""generic"":""Self""}}}],[""rhs"",{""borrowed_ref"":{""is_mutable"":false,""lifetime"":null,""type"":{""generic"":""Self""}}}]],""is_c_variadic"":false,""output"":{""generic"":""Self""}}}"
arbi_anafis::ArbiInt	arbi_anafis::ArbiInt	inherent		method	set_bit	src/int/api/int/bitwise.rs	187	[]	"[{""must_use"":{""reason"":null}}]"	"{""generics"":{""params"":[],""where_predicates"":[]},""header"":{""abi"":""Rust"",""is_async"":false,""is_const"":false,""is_unsafe"":false},""sig"":{""inputs"":[[""self"",{""borrowed_ref"":{""is_mutable"":false,""lifetime"":null,""type"":{""generic"":""Self""}}}],[""bit"",{""primitive"":""usize""}]],""is_c_variadic"":false,""output"":{""generic"":""Self""}}}"
arbi_anafis::ArbiInt	arbi_anafis::ArbiInt	inherent		method	set_bit_to	src/int/api/int/bitwise.rs	131	[]	"[{""must_use"":{""reason"":null}}]"	"{""generics"":{""params"":[],""where_predicates"":[]},""header"":{""abi"":""Rust"",""is_async"":false,""is_const"":false,""is_unsafe"":false},""sig"":{""inputs"":[[""self"",{""borrowed_ref"":{""is_mutable"":false,""lifetime"":null,""type"":{""generic"":""Self""}}}],[""bit"",{""primitive"":""usize""}],[""value"",{""primitive"":""bool""}]],""is_c_variadic"":false,""output"":{""generic"":""Self""}}}"
arbi_anafis::ArbiInt	arbi_anafis::ArbiInt	inherent		method	shrink_to_fit	src/int/api/int/capacity.rs	41	[]	[]	"{""generics"":{""params"":[],""where_predicates"":[]},""header"":{""abi"":""Rust"",""is_async"":false,""is_const"":false,""is_unsafe"":false},""sig"":{""inputs"":[[""self"",{""borrowed_ref"":{""is_mutable"":true,""lifetime"":null,""type"":{""generic"":""Self""}}}]],""is_c_variadic"":false,""output"":null}}"
arbi_anafis::ArbiInt	arbi_anafis::ArbiInt	inherent		method	significant_bits	src/int/api/int/properties.rs	85	[]	"[{""other"":""#[attr = Inline(Hint)]""},{""must_use"":{""reason"":null}}]"	"{""generics"":{""params"":[],""where_predicates"":[]},""header"":{""abi"":""Rust"",""is_async"":false,""is_const"":false,""is_unsafe"":false},""sig"":{""inputs"":[[""self"",{""borrowed_ref"":{""is_mutable"":false,""lifetime"":null,""type"":{""generic"":""Self""}}}]],""is_c_variadic"":false,""output"":{""primitive"":""usize""}}}"
arbi_anafis::ArbiInt	arbi_anafis::ArbiInt	inherent		method	signum	src/int/api/int/sign.rs	94	[]	"[{""other"":""#[allow(clippy::same_name_method, reason =\n\""Provided as an inherent method for convenience without needing to import num_traits\"")]""},{""must_use"":{""reason"":null}}]"	"{""generics"":{""params"":[],""where_predicates"":[]},""header"":{""abi"":""Rust"",""is_async"":false,""is_const"":false,""is_unsafe"":false},""sig"":{""inputs"":[[""self"",{""borrowed_ref"":{""is_mutable"":false,""lifetime"":null,""type"":{""generic"":""Self""}}}]],""is_c_variadic"":false,""output"":{""generic"":""Self""}}}"
arbi_anafis::ArbiInt	arbi_anafis::ArbiInt	inherent		method	sqrt_rem	src/int/api/int/theory/roots.rs	25	[]	"[{""must_use"":{""reason"":null}}]"	"{""generics"":{""params"":[],""where_predicates"":[]},""header"":{""abi"":""Rust"",""is_async"":false,""is_const"":false,""is_unsafe"":false},""sig"":{""inputs"":[[""self"",{""borrowed_ref"":{""is_mutable"":false,""lifetime"":null,""type"":{""generic"":""Self""}}}]],""is_c_variadic"":false,""output"":{""resolved_path"":{""args"":{""angle_bracketed"":{""args"":[{""type"":{""tuple"":[{""generic"":""Self""},{""generic"":""Self""}]}}],""constraints"":[]}},""path"":""core::option::Option""}}}}"
arbi_anafis::ArbiInt	arbi_anafis::ArbiInt	inherent		method	square	src/int/api/int/theory/modular.rs	123	[]	"[{""must_use"":{""reason"":null}},{""other"":""#[attr = TrackCaller]""}]"	"{""generics"":{""params"":[],""where_predicates"":[]},""header"":{""abi"":""Rust"",""is_async"":false,""is_const"":false,""is_unsafe"":false},""sig"":{""inputs"":[[""self"",{""borrowed_ref"":{""is_mutable"":false,""lifetime"":null,""type"":{""generic"":""Self""}}}]],""is_c_variadic"":false,""output"":{""generic"":""Self""}}}"
arbi_anafis::ArbiInt	arbi_anafis::ArbiInt	inherent		method	strict_add	src/int/api/int/math/checked.rs	172	[]	"[{""must_use"":{""reason"":null}}]"	"{""generics"":{""params"":[],""where_predicates"":[]},""header"":{""abi"":""Rust"",""is_async"":false,""is_const"":false,""is_unsafe"":false},""sig"":{""inputs"":[[""self"",{""borrowed_ref"":{""is_mutable"":false,""lifetime"":null,""type"":{""generic"":""Self""}}}],[""rhs"",{""borrowed_ref"":{""is_mutable"":false,""lifetime"":null,""type"":{""generic"":""Self""}}}]],""is_c_variadic"":false,""output"":{""generic"":""Self""}}}"
arbi_anafis::ArbiInt	arbi_anafis::ArbiInt	inherent		method	strict_div	src/int/api/int/math/checked.rs	203	[]	"[{""must_use"":{""reason"":null}}]"	"{""generics"":{""params"":[],""where_predicates"":[]},""header"":{""abi"":""Rust"",""is_async"":false,""is_const"":false,""is_unsafe"":false},""sig"":{""inputs"":[[""self"",{""borrowed_ref"":{""is_mutable"":false,""lifetime"":null,""type"":{""generic"":""Self""}}}],[""rhs"",{""borrowed_ref"":{""is_mutable"":false,""lifetime"":null,""type"":{""generic"":""Self""}}}]],""is_c_variadic"":false,""output"":{""generic"":""Self""}}}"
arbi_anafis::ArbiInt	arbi_anafis::ArbiInt	inherent		method	strict_mul	src/int/api/int/math/checked.rs	192	[]	"[{""must_use"":{""reason"":null}}]"	"{""generics"":{""params"":[],""where_predicates"":[]},""header"":{""abi"":""Rust"",""is_async"":false,""is_const"":false,""is_unsafe"":false},""sig"":{""inputs"":[[""self"",{""borrowed_ref"":{""is_mutable"":false,""lifetime"":null,""type"":{""generic"":""Self""}}}],[""rhs"",{""borrowed_ref"":{""is_mutable"":false,""lifetime"":null,""type"":{""generic"":""Self""}}}]],""is_c_variadic"":false,""output"":{""generic"":""Self""}}}"
arbi_anafis::ArbiInt	arbi_anafis::ArbiInt	inherent		method	strict_rem	src/int/api/int/math/checked.rs	214	[]	"[{""must_use"":{""reason"":null}}]"	"{""generics"":{""params"":[],""where_predicates"":[]},""header"":{""abi"":""Rust"",""is_async"":false,""is_const"":false,""is_unsafe"":false},""sig"":{""inputs"":[[""self"",{""borrowed_ref"":{""is_mutable"":false,""lifetime"":null,""type"":{""generic"":""Self""}}}],[""rhs"",{""borrowed_ref"":{""is_mutable"":false,""lifetime"":null,""type"":{""generic"":""Self""}}}]],""is_c_variadic"":false,""output"":{""generic"":""Self""}}}"
arbi_anafis::ArbiInt	arbi_anafis::ArbiInt	inherent		method	strict_sub	src/int/api/int/math/checked.rs	182	[]	"[{""must_use"":{""reason"":null}}]"	"{""generics"":{""params"":[],""where_predicates"":[]},""header"":{""abi"":""Rust"",""is_async"":false,""is_const"":false,""is_unsafe"":false},""sig"":{""inputs"":[[""self"",{""borrowed_ref"":{""is_mutable"":false,""lifetime"":null,""type"":{""generic"":""Self""}}}],[""rhs"",{""borrowed_ref"":{""is_mutable"":false,""lifetime"":null,""type"":{""generic"":""Self""}}}]],""is_c_variadic"":false,""output"":{""generic"":""Self""}}}"
arbi_anafis::ArbiInt	arbi_anafis::ArbiInt	inherent		method	sub_mod	src/int/api/int/theory/modular.rs	29	[]	"[{""must_use"":{""reason"":null}}]"	"{""generics"":{""params"":[],""where_predicates"":[]},""header"":{""abi"":""Rust"",""is_async"":false,""is_const"":false,""is_unsafe"":false},""sig"":{""inputs"":[[""self"",{""borrowed_ref"":{""is_mutable"":false,""lifetime"":null,""type"":{""generic"":""Self""}}}],[""other"",{""borrowed_ref"":{""is_mutable"":false,""lifetime"":null,""type"":{""generic"":""Self""}}}],[""modulus"",{""borrowed_ref"":{""is_mutable"":false,""lifetime"":null,""type"":{""generic"":""Self""}}}]],""is_c_variadic"":false,""output"":{""resolved_path"":{""args"":{""angle_bracketed"":{""args"":[{""type"":{""generic"":""Self""}}],""constraints"":[]}},""path"":""core::option::Option""}}}}"
arbi_anafis::ArbiInt	arbi_anafis::ArbiInt	inherent		method	swap	src/int/api/int/capacity.rs	59	[]	[]	"{""generics"":{""params"":[],""where_predicates"":[]},""header"":{""abi"":""Rust"",""is_async"":false,""is_const"":true,""is_unsafe"":false},""sig"":{""inputs"":[[""self"",{""borrowed_ref"":{""is_mutable"":true,""lifetime"":null,""type"":{""generic"":""Self""}}}],[""other"",{""borrowed_ref"":{""is_mutable"":true,""lifetime"":null,""type"":{""generic"":""Self""}}}]],""is_c_variadic"":false,""output"":null}}"
arbi_anafis::ArbiInt	arbi_anafis::ArbiInt	inherent		method	swap_bytes	src/int/api/int/bitwise.rs	340	[]	"[{""must_use"":{""reason"":null}}]"	"{""generics"":{""params"":[],""where_predicates"":[]},""header"":{""abi"":""Rust"",""is_async"":false,""is_const"":false,""is_unsafe"":false},""sig"":{""inputs"":[[""self"",{""borrowed_ref"":{""is_mutable"":false,""lifetime"":null,""type"":{""generic"":""Self""}}}]],""is_c_variadic"":false,""output"":{""resolved_path"":{""args"":{""angle_bracketed"":{""args"":[{""type"":{""generic"":""Self""}}],""constraints"":[]}},""path"":""core::option::Option""}}}}"
arbi_anafis::ArbiInt	arbi_anafis::ArbiInt	inherent		method	test_bit	src/int/api/int/bitwise.rs	181	[]	"[{""must_use"":{""reason"":null}}]"	"{""generics"":{""params"":[],""where_predicates"":[]},""header"":{""abi"":""Rust"",""is_async"":false,""is_const"":false,""is_unsafe"":false},""sig"":{""inputs"":[[""self"",{""borrowed_ref"":{""is_mutable"":false,""lifetime"":null,""type"":{""generic"":""Self""}}}],[""bit"",{""primitive"":""usize""}]],""is_c_variadic"":false,""output"":{""primitive"":""bool""}}}"
arbi_anafis::ArbiInt	arbi_anafis::ArbiInt	inherent		method	to_be_bytes	src/int/api/int/convert.rs	215	[]	"[{""must_use"":{""reason"":null}}]"	"{""generics"":{""params"":[],""where_predicates"":[]},""header"":{""abi"":""Rust"",""is_async"":false,""is_const"":false,""is_unsafe"":false},""sig"":{""inputs"":[[""self"",{""borrowed_ref"":{""is_mutable"":false,""lifetime"":null,""type"":{""generic"":""Self""}}}]],""is_c_variadic"":false,""output"":{""resolved_path"":{""args"":{""angle_bracketed"":{""args"":[{""type"":{""primitive"":""u8""}}],""constraints"":[]}},""path"":""alloc::vec::Vec""}}}}"
arbi_anafis::ArbiInt	arbi_anafis::ArbiInt	inherent		method	to_f32	src/int/api/int/convert.rs	123	[]	"[{""other"":""#[allow(clippy::same_name_method, reason =\n\""Provided as an inherent method for convenience without needing to import num_traits\"")]""},{""must_use"":{""reason"":null}}]"	"{""generics"":{""params"":[],""where_predicates"":[]},""header"":{""abi"":""Rust"",""is_async"":false,""is_const"":false,""is_unsafe"":false},""sig"":{""inputs"":[[""self"",{""borrowed_ref"":{""is_mutable"":false,""lifetime"":null,""type"":{""generic"":""Self""}}}]],""is_c_variadic"":false,""output"":{""resolved_path"":{""args"":{""angle_bracketed"":{""args"":[{""type"":{""primitive"":""f32""}}],""constraints"":[]}},""path"":""core::option::Option""}}}}"
arbi_anafis::ArbiInt	arbi_anafis::ArbiInt	inherent		method	to_f64	src/int/api/int/convert.rs	109	[]	"[{""other"":""#[allow(clippy::same_name_method, reason =\n\""Provided as an inherent method for convenience without needing to import num_traits\"")]""},{""must_use"":{""reason"":null}}]"	"{""generics"":{""params"":[],""where_predicates"":[]},""header"":{""abi"":""Rust"",""is_async"":false,""is_const"":false,""is_unsafe"":false},""sig"":{""inputs"":[[""self"",{""borrowed_ref"":{""is_mutable"":false,""lifetime"":null,""type"":{""generic"":""Self""}}}]],""is_c_variadic"":false,""output"":{""resolved_path"":{""args"":{""angle_bracketed"":{""args"":[{""type"":{""primitive"":""f64""}}],""constraints"":[]}},""path"":""core::option::Option""}}}}"
arbi_anafis::ArbiInt	arbi_anafis::ArbiInt	inherent		method	to_i128	src/int/api/int/convert.rs	75	[]	"[{""other"":""#[allow(clippy::same_name_method, reason =\n\""Provided as an inherent method for convenience without needing to import num_traits\"")]""},{""must_use"":{""reason"":null}}]"	"{""generics"":{""params"":[],""where_predicates"":[]},""header"":{""abi"":""Rust"",""is_async"":false,""is_const"":false,""is_unsafe"":false},""sig"":{""inputs"":[[""self"",{""borrowed_ref"":{""is_mutable"":false,""lifetime"":null,""type"":{""generic"":""Self""}}}]],""is_c_variadic"":false,""output"":{""resolved_path"":{""args"":{""angle_bracketed"":{""args"":[{""type"":{""primitive"":""i128""}}],""constraints"":[]}},""path"":""core::option::Option""}}}}"
arbi_anafis::ArbiInt	arbi_anafis::ArbiInt	inherent		method	to_i64	src/int/api/int/convert.rs	58	[]	"[{""other"":""#[allow(clippy::same_name_method, reason =\n\""Provided as an inherent method for convenience without needing to import num_traits\"")]""},{""must_use"":{""reason"":null}}]"	"{""generics"":{""params"":[],""where_predicates"":[]},""header"":{""abi"":""Rust"",""is_async"":false,""is_const"":false,""is_unsafe"":false},""sig"":{""inputs"":[[""self"",{""borrowed_ref"":{""is_mutable"":false,""lifetime"":null,""type"":{""generic"":""Self""}}}]],""is_c_variadic"":false,""output"":{""resolved_path"":{""args"":{""angle_bracketed"":{""args"":[{""type"":{""primitive"":""i64""}}],""constraints"":[]}},""path"":""core::option::Option""}}}}"
arbi_anafis::ArbiInt	arbi_anafis::ArbiInt	inherent		method	to_isize	src/int/api/int/convert.rs	92	[]	"[{""other"":""#[allow(clippy::same_name_method, reason =\n\""Provided as an inherent method for convenience without needing to import num_traits\"")]""},{""must_use"":{""reason"":null}}]"	"{""generics"":{""params"":[],""where_predicates"":[]},""header"":{""abi"":""Rust"",""is_async"":false,""is_const"":false,""is_unsafe"":false},""sig"":{""inputs"":[[""self"",{""borrowed_ref"":{""is_mutable"":false,""lifetime"":null,""type"":{""generic"":""Self""}}}]],""is_c_variadic"":false,""output"":{""resolved_path"":{""args"":{""angle_bracketed"":{""args"":[{""type"":{""primitive"":""isize""}}],""constraints"":[]}},""path"":""core::option::Option""}}}}"
arbi_anafis::ArbiInt	arbi_anafis::ArbiInt	inherent		method	to_le_bytes	src/int/api/int/convert.rs	196	[]	"[{""must_use"":{""reason"":null}}]"	"{""generics"":{""params"":[],""where_predicates"":[]},""header"":{""abi"":""Rust"",""is_async"":false,""is_const"":false,""is_unsafe"":false},""sig"":{""inputs"":[[""self"",{""borrowed_ref"":{""is_mutable"":false,""lifetime"":null,""type"":{""generic"":""Self""}}}]],""is_c_variadic"":false,""output"":{""resolved_path"":{""args"":{""angle_bracketed"":{""args"":[{""type"":{""primitive"":""u8""}}],""constraints"":[]}},""path"":""alloc::vec::Vec""}}}}"
arbi_anafis::ArbiInt	arbi_anafis::ArbiInt	inherent		method	to_string_radix	src/int/api/int/convert.rs	181	[]	"[{""must_use"":{""reason"":null}},{""other"":""#[attr = TrackCaller]""}]"	"{""generics"":{""params"":[],""where_predicates"":[]},""header"":{""abi"":""Rust"",""is_async"":false,""is_const"":false,""is_unsafe"":false},""sig"":{""inputs"":[[""self"",{""borrowed_ref"":{""is_mutable"":false,""lifetime"":null,""type"":{""generic"":""Self""}}}],[""radix"",{""primitive"":""u32""}]],""is_c_variadic"":false,""output"":{""resolved_path"":{""args"":null,""path"":""alloc::string::String""}}}}"
arbi_anafis::ArbiInt	arbi_anafis::ArbiInt	inherent		method	to_u128	src/int/api/int/convert.rs	30	[]	"[{""other"":""#[allow(clippy::same_name_method, reason =\n\""Provided as an inherent method for convenience without needing to import num_traits\"")]""},{""must_use"":{""reason"":null}}]"	"{""generics"":{""params"":[],""where_predicates"":[]},""header"":{""abi"":""Rust"",""is_async"":false,""is_const"":false,""is_unsafe"":false},""sig"":{""inputs"":[[""self"",{""borrowed_ref"":{""is_mutable"":false,""lifetime"":null,""type"":{""generic"":""Self""}}}]],""is_c_variadic"":false,""output"":{""resolved_path"":{""args"":{""angle_bracketed"":{""args"":[{""type"":{""primitive"":""u128""}}],""constraints"":[]}},""path"":""core::option::Option""}}}}"
arbi_anafis::ArbiInt	arbi_anafis::ArbiInt	inherent		method	to_u64	src/int/api/int/convert.rs	16	[]	"[{""other"":""#[allow(clippy::same_name_method, reason =\n\""Provided as an inherent method for convenience without needing to import num_traits\"")]""},{""must_use"":{""reason"":null}}]"	"{""generics"":{""params"":[],""where_predicates"":[]},""header"":{""abi"":""Rust"",""is_async"":false,""is_const"":false,""is_unsafe"":false},""sig"":{""inputs"":[[""self"",{""borrowed_ref"":{""is_mutable"":false,""lifetime"":null,""type"":{""generic"":""Self""}}}]],""is_c_variadic"":false,""output"":{""resolved_path"":{""args"":{""angle_bracketed"":{""args"":[{""type"":{""primitive"":""u64""}}],""constraints"":[]}},""path"":""core::option::Option""}}}}"
arbi_anafis::ArbiInt	arbi_anafis::ArbiInt	inherent		method	to_usize	src/int/api/int/convert.rs	44	[]	"[{""other"":""#[allow(clippy::same_name_method, reason =\n\""Provided as an inherent method for convenience without needing to import num_traits\"")]""},{""must_use"":{""reason"":null}}]"	"{""generics"":{""params"":[],""where_predicates"":[]},""header"":{""abi"":""Rust"",""is_async"":false,""is_const"":false,""is_unsafe"":false},""sig"":{""inputs"":[[""self"",{""borrowed_ref"":{""is_mutable"":false,""lifetime"":null,""type"":{""generic"":""Self""}}}]],""is_c_variadic"":false,""output"":{""resolved_path"":{""args"":{""angle_bracketed"":{""args"":[{""type"":{""primitive"":""usize""}}],""constraints"":[]}},""path"":""core::option::Option""}}}}"
arbi_anafis::ArbiInt	arbi_anafis::ArbiInt	inherent		method	toggle_bit	src/int/api/int/bitwise.rs	199	[]	"[{""must_use"":{""reason"":null}}]"	"{""generics"":{""params"":[],""where_predicates"":[]},""header"":{""abi"":""Rust"",""is_async"":false,""is_const"":false,""is_unsafe"":false},""sig"":{""inputs"":[[""self"",{""borrowed_ref"":{""is_mutable"":false,""lifetime"":null,""type"":{""generic"":""Self""}}}],[""bit"",{""primitive"":""usize""}]],""is_c_variadic"":false,""output"":{""generic"":""Self""}}}"
arbi_anafis::ArbiInt	arbi_anafis::ArbiInt	inherent		method	trailing_ones	src/int/api/int/bitwise.rs	312	[]	"[{""must_use"":{""reason"":null}}]"	"{""generics"":{""params"":[],""where_predicates"":[]},""header"":{""abi"":""Rust"",""is_async"":false,""is_const"":false,""is_unsafe"":false},""sig"":{""inputs"":[[""self"",{""borrowed_ref"":{""is_mutable"":false,""lifetime"":null,""type"":{""generic"":""Self""}}}]],""is_c_variadic"":false,""output"":{""resolved_path"":{""args"":{""angle_bracketed"":{""args"":[{""type"":{""primitive"":""usize""}}],""constraints"":[]}},""path"":""core::option::Option""}}}}"
arbi_anafis::ArbiInt	arbi_anafis::ArbiInt	inherent		method	trailing_zeros	src/int/api/int/bitwise.rs	305	[]	"[{""must_use"":{""reason"":null}}]"	"{""generics"":{""params"":[],""where_predicates"":[]},""header"":{""abi"":""Rust"",""is_async"":false,""is_const"":false,""is_unsafe"":false},""sig"":{""inputs"":[[""self"",{""borrowed_ref"":{""is_mutable"":false,""lifetime"":null,""type"":{""generic"":""Self""}}}]],""is_c_variadic"":false,""output"":{""primitive"":""usize""}}}"
arbi_anafis::ArbiInt	arbi_anafis::ArbiInt	inherent		method	try_add	src/int/api/int/math/checked.rs	54	[]	[]	"{""generics"":{""params"":[],""where_predicates"":[]},""header"":{""abi"":""Rust"",""is_async"":false,""is_const"":false,""is_unsafe"":false},""sig"":{""inputs"":[[""self"",{""borrowed_ref"":{""is_mutable"":false,""lifetime"":null,""type"":{""generic"":""Self""}}}],[""rhs"",{""borrowed_ref"":{""is_mutable"":false,""lifetime"":null,""type"":{""generic"":""Self""}}}]],""is_c_variadic"":false,""output"":{""resolved_path"":{""args"":{""angle_bracketed"":{""args"":[{""type"":{""generic"":""Self""}},{""type"":{""resolved_path"":{""args"":null,""path"":""arbi_anafis::ArbiError""}}}],""constraints"":[]}},""path"":""core::result::Result""}}}}"
arbi_anafis::ArbiInt	arbi_anafis::ArbiInt	inherent		method	try_div	src/int/api/int/math/checked.rs	116	[]	[]	"{""generics"":{""params"":[],""where_predicates"":[]},""header"":{""abi"":""Rust"",""is_async"":false,""is_const"":false,""is_unsafe"":false},""sig"":{""inputs"":[[""self"",{""borrowed_ref"":{""is_mutable"":false,""lifetime"":null,""type"":{""generic"":""Self""}}}],[""rhs"",{""borrowed_ref"":{""is_mutable"":false,""lifetime"":null,""type"":{""generic"":""Self""}}}]],""is_c_variadic"":false,""output"":{""resolved_path"":{""args"":{""angle_bracketed"":{""args"":[{""type"":{""generic"":""Self""}},{""type"":{""resolved_path"":{""args"":null,""path"":""arbi_anafis::ArbiError""}}}],""constraints"":[]}},""path"":""core::result::Result""}}}}"
arbi_anafis::ArbiInt	arbi_anafis::ArbiInt	inherent		method	try_mul	src/int/api/int/math/checked.rs	94	[]	[]	"{""generics"":{""params"":[],""where_predicates"":[]},""header"":{""abi"":""Rust"",""is_async"":false,""is_const"":false,""is_unsafe"":false},""sig"":{""inputs"":[[""self"",{""borrowed_ref"":{""is_mutable"":false,""lifetime"":null,""type"":{""generic"":""Self""}}}],[""rhs"",{""borrowed_ref"":{""is_mutable"":false,""lifetime"":null,""type"":{""generic"":""Self""}}}]],""is_c_variadic"":false,""output"":{""resolved_path"":{""args"":{""angle_bracketed"":{""args"":[{""type"":{""generic"":""Self""}},{""type"":{""resolved_path"":{""args"":null,""path"":""arbi_anafis::ArbiError""}}}],""constraints"":[]}},""path"":""core::result::Result""}}}}"
arbi_anafis::ArbiInt	arbi_anafis::ArbiInt	inherent		method	try_not	src/int/api/int/bitwise.rs	77	[]	[]	"{""generics"":{""params"":[],""where_predicates"":[]},""header"":{""abi"":""Rust"",""is_async"":false,""is_const"":false,""is_unsafe"":false},""sig"":{""inputs"":[[""self"",{""borrowed_ref"":{""is_mutable"":false,""lifetime"":null,""type"":{""generic"":""Self""}}}]],""is_c_variadic"":false,""output"":{""resolved_path"":{""args"":{""angle_bracketed"":{""args"":[{""type"":{""generic"":""Self""}},{""type"":{""resolved_path"":{""args"":null,""path"":""arbi_anafis::ArbiError""}}}],""constraints"":[]}},""path"":""core::result::Result""}}}}"
arbi_anafis::ArbiInt	arbi_anafis::ArbiInt	inherent		method	try_pow	src/int/api/int/theory/powers.rs	29	[]	[]	"{""generics"":{""params"":[],""where_predicates"":[]},""header"":{""abi"":""Rust"",""is_async"":false,""is_const"":false,""is_unsafe"":false},""sig"":{""inputs"":[[""self"",{""borrowed_ref"":{""is_mutable"":false,""lifetime"":null,""type"":{""generic"":""Self""}}}],[""exp"",{""primitive"":""u32""}]],""is_c_variadic"":false,""output"":{""resolved_path"":{""args"":{""angle_bracketed"":{""args"":[{""type"":{""generic"":""Self""}},{""type"":{""resolved_path"":{""args"":null,""path"":""arbi_anafis::ArbiError""}}}],""constraints"":[]}},""path"":""core::result::Result""}}}}"
arbi_anafis::ArbiInt	arbi_anafis::ArbiInt	inherent		method	try_rem	src/int/api/int/math/checked.rs	142	[]	[]	"{""generics"":{""params"":[],""where_predicates"":[]},""header"":{""abi"":""Rust"",""is_async"":false,""is_const"":false,""is_unsafe"":false},""sig"":{""inputs"":[[""self"",{""borrowed_ref"":{""is_mutable"":false,""lifetime"":null,""type"":{""generic"":""Self""}}}],[""rhs"",{""borrowed_ref"":{""is_mutable"":false,""lifetime"":null,""type"":{""generic"":""Self""}}}]],""is_c_variadic"":false,""output"":{""resolved_path"":{""args"":{""angle_bracketed"":{""args"":[{""type"":{""generic"":""Self""}},{""type"":{""resolved_path"":{""args"":null,""path"":""arbi_anafis::ArbiError""}}}],""constraints"":[]}},""path"":""core::result::Result""}}}}"
arbi_anafis::ArbiInt	arbi_anafis::ArbiInt	inherent		method	try_shl	src/int/api/int/shift.rs	91	[]	[]	"{""generics"":{""params"":[],""where_predicates"":[]},""header"":{""abi"":""Rust"",""is_async"":false,""is_const"":false,""is_unsafe"":false},""sig"":{""inputs"":[[""self"",{""borrowed_ref"":{""is_mutable"":false,""lifetime"":null,""type"":{""generic"":""Self""}}}],[""shift"",{""primitive"":""usize""}]],""is_c_variadic"":false,""output"":{""resolved_path"":{""args"":{""angle_bracketed"":{""args"":[{""type"":{""generic"":""Self""}},{""type"":{""resolved_path"":{""args"":null,""path"":""arbi_anafis::ArbiError""}}}],""constraints"":[]}},""path"":""core::result::Result""}}}}"
arbi_anafis::ArbiInt	arbi_anafis::ArbiInt	inherent		method	try_sub	src/int/api/int/math/checked.rs	74	[]	[]	"{""generics"":{""params"":[],""where_predicates"":[]},""header"":{""abi"":""Rust"",""is_async"":false,""is_const"":false,""is_unsafe"":false},""sig"":{""inputs"":[[""self"",{""borrowed_ref"":{""is_mutable"":false,""lifetime"":null,""type"":{""generic"":""Self""}}}],[""rhs"",{""borrowed_ref"":{""is_mutable"":false,""lifetime"":null,""type"":{""generic"":""Self""}}}]],""is_c_variadic"":false,""output"":{""resolved_path"":{""args"":{""angle_bracketed"":{""args"":[{""type"":{""generic"":""Self""}},{""type"":{""resolved_path"":{""args"":null,""path"":""arbi_anafis::ArbiError""}}}],""constraints"":[]}},""path"":""core::result::Result""}}}}"
arbi_anafis::ArbiInt	arbi_anafis::ArbiInt	inherent		method	unsigned_abs	src/int/api/int/properties.rs	95	[]	"[{""other"":""#[allow(clippy::same_name_method, reason =\n\""Inherent method mirrors num_traits trait for ergonomic access without trait import\"")]""},{""must_use"":{""reason"":null}}]"	"{""generics"":{""params"":[],""where_predicates"":[]},""header"":{""abi"":""Rust"",""is_async"":false,""is_const"":false,""is_unsafe"":false},""sig"":{""inputs"":[[""self"",{""borrowed_ref"":{""is_mutable"":false,""lifetime"":null,""type"":{""generic"":""Self""}}}]],""is_c_variadic"":false,""output"":{""resolved_path"":{""args"":null,""path"":""arbi_anafis::ArbiUint""}}}}"
arbi_anafis::ArbiInt	arbi_anafis::ArbiInt	inherent		method	wrapping_add	src/int/api/int/math/bounded.rs	11	[]	"[{""must_use"":{""reason"":null}}]"	"{""generics"":{""params"":[],""where_predicates"":[]},""header"":{""abi"":""Rust"",""is_async"":false,""is_const"":false,""is_unsafe"":false},""sig"":{""inputs"":[[""self"",{""borrowed_ref"":{""is_mutable"":false,""lifetime"":null,""type"":{""generic"":""Self""}}}],[""rhs"",{""borrowed_ref"":{""is_mutable"":false,""lifetime"":null,""type"":{""generic"":""Self""}}}]],""is_c_variadic"":false,""output"":{""generic"":""Self""}}}"
arbi_anafis::ArbiInt	arbi_anafis::ArbiInt	inherent		method	wrapping_div	src/int/api/int/math/bounded.rs	65	[]	"[{""must_use"":{""reason"":null}}]"	"{""generics"":{""params"":[],""where_predicates"":[]},""header"":{""abi"":""Rust"",""is_async"":false,""is_const"":false,""is_unsafe"":false},""sig"":{""inputs"":[[""self"",{""borrowed_ref"":{""is_mutable"":false,""lifetime"":null,""type"":{""generic"":""Self""}}}],[""rhs"",{""borrowed_ref"":{""is_mutable"":false,""lifetime"":null,""type"":{""generic"":""Self""}}}]],""is_c_variadic"":false,""output"":{""generic"":""Self""}}}"
arbi_anafis::ArbiInt	arbi_anafis::ArbiInt	inherent		method	wrapping_mul	src/int/api/int/math/bounded.rs	47	[]	"[{""must_use"":{""reason"":null}}]"	"{""generics"":{""params"":[],""where_predicates"":[]},""header"":{""abi"":""Rust"",""is_async"":false,""is_const"":false,""is_unsafe"":false},""sig"":{""inputs"":[[""self"",{""borrowed_ref"":{""is_mutable"":false,""lifetime"":null,""type"":{""generic"":""Self""}}}],[""rhs"",{""borrowed_ref"":{""is_mutable"":false,""lifetime"":null,""type"":{""generic"":""Self""}}}]],""is_c_variadic"":false,""output"":{""generic"":""Self""}}}"
arbi_anafis::ArbiInt	arbi_anafis::ArbiInt	inherent		method	wrapping_rem	src/int/api/int/math/bounded.rs	92	[]	"[{""must_use"":{""reason"":null}}]"	"{""generics"":{""params"":[],""where_predicates"":[]},""header"":{""abi"":""Rust"",""is_async"":false,""is_const"":false,""is_unsafe"":false},""sig"":{""inputs"":[[""self"",{""borrowed_ref"":{""is_mutable"":false,""lifetime"":null,""type"":{""generic"":""Self""}}}],[""rhs"",{""borrowed_ref"":{""is_mutable"":false,""lifetime"":null,""type"":{""generic"":""Self""}}}]],""is_c_variadic"":false,""output"":{""generic"":""Self""}}}"
arbi_anafis::ArbiInt	arbi_anafis::ArbiInt	inherent		method	wrapping_shl	src/int/api/int/shift.rs	23	[]	"[{""must_use"":{""reason"":null}}]"	"{""generics"":{""params"":[],""where_predicates"":[]},""header"":{""abi"":""Rust"",""is_async"":false,""is_const"":false,""is_unsafe"":false},""sig"":{""inputs"":[[""self"",{""borrowed_ref"":{""is_mutable"":false,""lifetime"":null,""type"":{""generic"":""Self""}}}],[""shift"",{""primitive"":""usize""}]],""is_c_variadic"":false,""output"":{""generic"":""Self""}}}"
arbi_anafis::ArbiInt	arbi_anafis::ArbiInt	inherent		method	wrapping_sub	src/int/api/int/math/bounded.rs	29	[]	"[{""must_use"":{""reason"":null}}]"	"{""generics"":{""params"":[],""where_predicates"":[]},""header"":{""abi"":""Rust"",""is_async"":false,""is_const"":false,""is_unsafe"":false},""sig"":{""inputs"":[[""self"",{""borrowed_ref"":{""is_mutable"":false,""lifetime"":null,""type"":{""generic"":""Self""}}}],[""rhs"",{""borrowed_ref"":{""is_mutable"":false,""lifetime"":null,""type"":{""generic"":""Self""}}}]],""is_c_variadic"":false,""output"":{""generic"":""Self""}}}"
arbi_anafis::ArbiInt	arbi_anafis::ArbiInt	trait	core::clone::Clone	method	clone	src/int/api/types.rs	22	[]	[]	"{""generics"":{""params"":[],""where_predicates"":[]},""header"":{""abi"":""Rust"",""is_async"":false,""is_const"":false,""is_unsafe"":false},""sig"":{""inputs"":[[""self"",{""borrowed_ref"":{""is_mutable"":false,""lifetime"":null,""type"":{""generic"":""Self""}}}]],""is_c_variadic"":false,""output"":{""generic"":""Self""}}}"
arbi_anafis::ArbiInt	arbi_anafis::ArbiInt	trait	core::clone::Clone	method	clone_from	src/int/api/types.rs	29	[]	[]	"{""generics"":{""params"":[],""where_predicates"":[]},""header"":{""abi"":""Rust"",""is_async"":false,""is_const"":false,""is_unsafe"":false},""sig"":{""inputs"":[[""self"",{""borrowed_ref"":{""is_mutable"":true,""lifetime"":null,""type"":{""generic"":""Self""}}}],[""source"",{""borrowed_ref"":{""is_mutable"":false,""lifetime"":null,""type"":{""generic"":""Self""}}}]],""is_c_variadic"":false,""output"":null}}"
arbi_anafis::ArbiInt	arbi_anafis::ArbiInt	trait	core::clone::Clone	trait_impl	Clone	src/int/api/types.rs	21	[]	[]	"{""generics"":{""params"":[],""where_predicates"":[]},""is_negative"":false,""is_unsafe"":false,""provided_trait_methods"":[""clone_from""]}"
arbi_anafis::ArbiInt	arbi_anafis::ArbiInt	trait	core::cmp::Eq	trait_impl	Eq	src/int/api/cmp.rs	17	[]	[]	"{""generics"":{""params"":[],""where_predicates"":[]},""is_negative"":false,""is_unsafe"":false,""provided_trait_methods"":[""assert_fields_are_eq"",""assert_receiver_is_total_eq""]}"
arbi_anafis::ArbiInt	arbi_anafis::ArbiInt	trait	core::cmp::Ord	method	cmp	src/int/api/cmp.rs	34	[]	"[{""other"":""#[attr = Inline(Hint)]""}]"	"{""generics"":{""params"":[],""where_predicates"":[]},""header"":{""abi"":""Rust"",""is_async"":false,""is_const"":false,""is_unsafe"":false},""sig"":{""inputs"":[[""self"",{""borrowed_ref"":{""is_mutable"":false,""lifetime"":null,""type"":{""generic"":""Self""}}}],[""other"",{""borrowed_ref"":{""is_mutable"":false,""lifetime"":null,""type"":{""generic"":""Self""}}}]],""is_c_variadic"":false,""output"":{""resolved_path"":{""args"":null,""path"":""core::cmp::Ordering""}}}}"
arbi_anafis::ArbiInt	arbi_anafis::ArbiInt	trait	core::cmp::Ord	trait_impl	Ord	src/int/api/cmp.rs	32	[]	[]	"{""generics"":{""params"":[],""where_predicates"":[]},""is_negative"":false,""is_unsafe"":false,""provided_trait_methods"":[""clamp"",""max"",""min""]}"
arbi_anafis::ArbiInt	arbi_anafis::ArbiInt	trait	core::cmp::PartialEq	method	eq	src/int/api/cmp.rs	12	[]	"[{""other"":""#[attr = Inline(Hint)]""}]"	"{""generics"":{""params"":[],""where_predicates"":[]},""header"":{""abi"":""Rust"",""is_async"":false,""is_const"":false,""is_unsafe"":false},""sig"":{""inputs"":[[""self"",{""borrowed_ref"":{""is_mutable"":false,""lifetime"":null,""type"":{""generic"":""Self""}}}],[""other"",{""borrowed_ref"":{""is_mutable"":false,""lifetime"":null,""type"":{""generic"":""Self""}}}]],""is_c_variadic"":false,""output"":{""primitive"":""bool""}}}"
arbi_anafis::ArbiInt	arbi_anafis::ArbiInt	trait	core::cmp::PartialEq	trait_impl	PartialEq	src/int/api/cmp.rs	10	[]	[]	"{""generics"":{""params"":[],""where_predicates"":[]},""is_negative"":false,""is_unsafe"":false,""provided_trait_methods"":[""ne""]}"
arbi_anafis::ArbiInt	arbi_anafis::ArbiInt	trait	core::cmp::PartialOrd	method	partial_cmp	src/int/api/cmp.rs	27	[]	"[{""other"":""#[attr = Inline(Hint)]""}]"	"{""generics"":{""params"":[],""where_predicates"":[]},""header"":{""abi"":""Rust"",""is_async"":false,""is_const"":false,""is_unsafe"":false},""sig"":{""inputs"":[[""self"",{""borrowed_ref"":{""is_mutable"":false,""lifetime"":null,""type"":{""generic"":""Self""}}}],[""other"",{""borrowed_ref"":{""is_mutable"":false,""lifetime"":null,""type"":{""generic"":""Self""}}}]],""is_c_variadic"":false,""output"":{""resolved_path"":{""args"":{""angle_bracketed"":{""args"":[{""type"":{""resolved_path"":{""args"":null,""path"":""core::cmp::Ordering""}}}],""constraints"":[]}},""path"":""core::option::Option""}}}}"
arbi_anafis::ArbiInt	arbi_anafis::ArbiInt	trait	core::cmp::PartialOrd	trait_impl	PartialOrd	src/int/api/cmp.rs	25	[]	[]	"{""generics"":{""params"":[],""where_predicates"":[]},""is_negative"":false,""is_unsafe"":false,""provided_trait_methods"":[""__chaining_ge"",""__chaining_gt"",""__chaining_le"",""__chaining_lt"",""ge"",""gt"",""le"",""lt""]}"
arbi_anafis::ArbiInt	arbi_anafis::ArbiInt	trait	core::convert::From<i128>	associated_function	from	src/int/api/convert.rs	210	[]	[]	"{""generics"":{""params"":[],""where_predicates"":[]},""header"":{""abi"":""Rust"",""is_async"":false,""is_const"":false,""is_unsafe"":false},""sig"":{""inputs"":[[""value"",{""primitive"":""i128""}]],""is_c_variadic"":false,""output"":{""generic"":""Self""}}}"
arbi_anafis::ArbiInt	arbi_anafis::ArbiInt	trait	core::convert::From<i128>	trait_impl	From	src/int/api/convert.rs	209	[]	[]	"{""generics"":{""params"":[],""where_predicates"":[]},""is_negative"":false,""is_unsafe"":false,""provided_trait_methods"":[]}"
arbi_anafis::ArbiInt	arbi_anafis::ArbiInt	trait	core::convert::From<i16>	associated_function	from	src/int/api/convert.rs	316	[]	[]	"{""generics"":{""params"":[],""where_predicates"":[]},""header"":{""abi"":""Rust"",""is_async"":false,""is_const"":false,""is_unsafe"":false},""sig"":{""inputs"":[[""value"",{""primitive"":""i16""}]],""is_c_variadic"":false,""output"":{""generic"":""Self""}}}"
arbi_anafis::ArbiInt	arbi_anafis::ArbiInt	trait	core::convert::From<i16>	trait_impl	From	src/int/api/convert.rs	316	[]	[]	"{""generics"":{""params"":[],""where_predicates"":[]},""is_negative"":false,""is_unsafe"":false,""provided_trait_methods"":[]}"
arbi_anafis::ArbiInt	arbi_anafis::ArbiInt	trait	core::convert::From<i32>	associated_function	from	src/int/api/convert.rs	316	[]	[]	"{""generics"":{""params"":[],""where_predicates"":[]},""header"":{""abi"":""Rust"",""is_async"":false,""is_const"":false,""is_unsafe"":false},""sig"":{""inputs"":[[""value"",{""primitive"":""i32""}]],""is_c_variadic"":false,""output"":{""generic"":""Self""}}}"
arbi_anafis::ArbiInt	arbi_anafis::ArbiInt	trait	core::convert::From<i32>	trait_impl	From	src/int/api/convert.rs	316	[]	[]	"{""generics"":{""params"":[],""where_predicates"":[]},""is_negative"":false,""is_unsafe"":false,""provided_trait_methods"":[]}"
arbi_anafis::ArbiInt	arbi_anafis::ArbiInt	trait	core::convert::From<i64>	associated_function	from	src/int/api/convert.rs	316	[]	[]	"{""generics"":{""params"":[],""where_predicates"":[]},""header"":{""abi"":""Rust"",""is_async"":false,""is_const"":false,""is_unsafe"":false},""sig"":{""inputs"":[[""value"",{""primitive"":""i64""}]],""is_c_variadic"":false,""output"":{""generic"":""Self""}}}"
arbi_anafis::ArbiInt	arbi_anafis::ArbiInt	trait	core::convert::From<i64>	trait_impl	From	src/int/api/convert.rs	316	[]	[]	"{""generics"":{""params"":[],""where_predicates"":[]},""is_negative"":false,""is_unsafe"":false,""provided_trait_methods"":[]}"
arbi_anafis::ArbiInt	arbi_anafis::ArbiInt	trait	core::convert::From<i8>	associated_function	from	src/int/api/convert.rs	316	[]	[]	"{""generics"":{""params"":[],""where_predicates"":[]},""header"":{""abi"":""Rust"",""is_async"":false,""is_const"":false,""is_unsafe"":false},""sig"":{""inputs"":[[""value"",{""primitive"":""i8""}]],""is_c_variadic"":false,""output"":{""generic"":""Self""}}}"
arbi_anafis::ArbiInt	arbi_anafis::ArbiInt	trait	core::convert::From<i8>	trait_impl	From	src/int/api/convert.rs	316	[]	[]	"{""generics"":{""params"":[],""where_predicates"":[]},""is_negative"":false,""is_unsafe"":false,""provided_trait_methods"":[]}"
arbi_anafis::ArbiInt	arbi_anafis::ArbiInt	trait	core::convert::From<isize>	associated_function	from	src/int/api/convert.rs	142	[]	[]	"{""generics"":{""params"":[],""where_predicates"":[]},""header"":{""abi"":""Rust"",""is_async"":false,""is_const"":false,""is_unsafe"":false},""sig"":{""inputs"":[[""value"",{""primitive"":""isize""}]],""is_c_variadic"":false,""output"":{""generic"":""Self""}}}"
arbi_anafis::ArbiInt	arbi_anafis::ArbiInt	trait	core::convert::From<isize>	trait_impl	From	src/int/api/convert.rs	141	[]	[]	"{""generics"":{""params"":[],""where_predicates"":[]},""is_negative"":false,""is_unsafe"":false,""provided_trait_methods"":[]}"
arbi_anafis::ArbiInt	arbi_anafis::ArbiInt	trait	core::convert::From<u128>	associated_function	from	src/int/api/convert.rs	175	[]	[]	"{""generics"":{""params"":[],""where_predicates"":[]},""header"":{""abi"":""Rust"",""is_async"":false,""is_const"":false,""is_unsafe"":false},""sig"":{""inputs"":[[""value"",{""primitive"":""u128""}]],""is_c_variadic"":false,""output"":{""generic"":""Self""}}}"
arbi_anafis::ArbiInt	arbi_anafis::ArbiInt	trait	core::convert::From<u128>	trait_impl	From	src/int/api/convert.rs	174	[]	[]	"{""generics"":{""params"":[],""where_predicates"":[]},""is_negative"":false,""is_unsafe"":false,""provided_trait_methods"":[]}"
arbi_anafis::ArbiInt	arbi_anafis::ArbiInt	trait	core::convert::From<u16>	associated_function	from	src/int/api/convert.rs	315	[]	[]	"{""generics"":{""params"":[],""where_predicates"":[]},""header"":{""abi"":""Rust"",""is_async"":false,""is_const"":false,""is_unsafe"":false},""sig"":{""inputs"":[[""value"",{""primitive"":""u16""}]],""is_c_variadic"":false,""output"":{""generic"":""Self""}}}"
arbi_anafis::ArbiInt	arbi_anafis::ArbiInt	trait	core::convert::From<u16>	trait_impl	From	src/int/api/convert.rs	315	[]	[]	"{""generics"":{""params"":[],""where_predicates"":[]},""is_negative"":false,""is_unsafe"":false,""provided_trait_methods"":[]}"
arbi_anafis::ArbiInt	arbi_anafis::ArbiInt	trait	core::convert::From<u32>	associated_function	from	src/int/api/convert.rs	315	[]	[]	"{""generics"":{""params"":[],""where_predicates"":[]},""header"":{""abi"":""Rust"",""is_async"":false,""is_const"":false,""is_unsafe"":false},""sig"":{""inputs"":[[""value"",{""primitive"":""u32""}]],""is_c_variadic"":false,""output"":{""generic"":""Self""}}}"
arbi_anafis::ArbiInt	arbi_anafis::ArbiInt	trait	core::convert::From<u32>	trait_impl	From	src/int/api/convert.rs	315	[]	[]	"{""generics"":{""params"":[],""where_predicates"":[]},""is_negative"":false,""is_unsafe"":false,""provided_trait_methods"":[]}"
arbi_anafis::ArbiInt	arbi_anafis::ArbiInt	trait	core::convert::From<u64>	associated_function	from	src/int/api/convert.rs	315	[]	[]	"{""generics"":{""params"":[],""where_predicates"":[]},""header"":{""abi"":""Rust"",""is_async"":false,""is_const"":false,""is_unsafe"":false},""sig"":{""inputs"":[[""value"",{""primitive"":""u64""}]],""is_c_variadic"":false,""output"":{""generic"":""Self""}}}"
arbi_anafis::ArbiInt	arbi_anafis::ArbiInt	trait	core::convert::From<u64>	trait_impl	From	src/int/api/convert.rs	315	[]	[]	"{""generics"":{""params"":[],""where_predicates"":[]},""is_negative"":false,""is_unsafe"":false,""provided_trait_methods"":[]}"
arbi_anafis::ArbiInt	arbi_anafis::ArbiInt	trait	core::convert::From<u8>	associated_function	from	src/int/api/convert.rs	315	[]	[]	"{""generics"":{""params"":[],""where_predicates"":[]},""header"":{""abi"":""Rust"",""is_async"":false,""is_const"":false,""is_unsafe"":false},""sig"":{""inputs"":[[""value"",{""primitive"":""u8""}]],""is_c_variadic"":false,""output"":{""generic"":""Self""}}}"
arbi_anafis::ArbiInt	arbi_anafis::ArbiInt	trait	core::convert::From<u8>	trait_impl	From	src/int/api/convert.rs	315	[]	[]	"{""generics"":{""params"":[],""where_predicates"":[]},""is_negative"":false,""is_unsafe"":false,""provided_trait_methods"":[]}"
arbi_anafis::ArbiInt	arbi_anafis::ArbiInt	trait	core::convert::From<usize>	associated_function	from	src/int/api/convert.rs	104	[]	[]	"{""generics"":{""params"":[],""where_predicates"":[]},""header"":{""abi"":""Rust"",""is_async"":false,""is_const"":false,""is_unsafe"":false},""sig"":{""inputs"":[[""value"",{""primitive"":""usize""}]],""is_c_variadic"":false,""output"":{""generic"":""Self""}}}"
arbi_anafis::ArbiInt	arbi_anafis::ArbiInt	trait	core::convert::From<usize>	trait_impl	From	src/int/api/convert.rs	103	[]	[]	"{""generics"":{""params"":[],""where_predicates"":[]},""is_negative"":false,""is_unsafe"":false,""provided_trait_methods"":[]}"
arbi_anafis::ArbiInt	arbi_anafis::ArbiInt	trait	core::default::Default	associated_function	default	src/int/api/int/constructors.rs	197	[]	"[{""other"":""#[attr = Inline(Hint)]""}]"	"{""generics"":{""params"":[],""where_predicates"":[]},""header"":{""abi"":""Rust"",""is_async"":false,""is_const"":false,""is_unsafe"":false},""sig"":{""inputs"":[],""is_c_variadic"":false,""output"":{""generic"":""Self""}}}"
arbi_anafis::ArbiInt	arbi_anafis::ArbiInt	trait	core::default::Default	trait_impl	Default	src/int/api/int/constructors.rs	195	[]	[]	"{""generics"":{""params"":[],""where_predicates"":[]},""is_negative"":false,""is_unsafe"":false,""provided_trait_methods"":[]}"
arbi_anafis::ArbiInt	arbi_anafis::ArbiInt	trait	core::fmt::Binary	method	fmt	src/int/api/string.rs	182	[]	[]	"{""generics"":{""params"":[],""where_predicates"":[]},""header"":{""abi"":""Rust"",""is_async"":false,""is_const"":false,""is_unsafe"":false},""sig"":{""inputs"":[[""self"",{""borrowed_ref"":{""is_mutable"":false,""lifetime"":null,""type"":{""generic"":""Self""}}}],[""f"",{""borrowed_ref"":{""is_mutable"":true,""lifetime"":null,""type"":{""resolved_path"":{""args"":{""angle_bracketed"":{""args"":[{""lifetime"":""'_""}],""constraints"":[]}},""path"":""core::fmt::Formatter""}}}}]],""is_c_variadic"":false,""output"":{""resolved_path"":{""args"":null,""path"":""core::fmt::Result""}}}}"
arbi_anafis::ArbiInt	arbi_anafis::ArbiInt	trait	core::fmt::Binary	trait_impl	Binary	src/int/api/string.rs	182	[]	[]	"{""generics"":{""params"":[],""where_predicates"":[]},""is_negative"":false,""is_unsafe"":false,""provided_trait_methods"":[]}"
arbi_anafis::ArbiInt	arbi_anafis::ArbiInt	trait	core::fmt::Debug	method	fmt	src/int/api/string.rs	30	[]	[]	"{""generics"":{""params"":[],""where_predicates"":[]},""header"":{""abi"":""Rust"",""is_async"":false,""is_const"":false,""is_unsafe"":false},""sig"":{""inputs"":[[""self"",{""borrowed_ref"":{""is_mutable"":false,""lifetime"":null,""type"":{""generic"":""Self""}}}],[""f"",{""borrowed_ref"":{""is_mutable"":true,""lifetime"":null,""type"":{""resolved_path"":{""args"":{""angle_bracketed"":{""args"":[{""lifetime"":""'_""}],""constraints"":[]}},""path"":""core::fmt::Formatter""}}}}]],""is_c_variadic"":false,""output"":{""resolved_path"":{""args"":null,""path"":""core::fmt::Result""}}}}"
arbi_anafis::ArbiInt	arbi_anafis::ArbiInt	trait	core::fmt::Debug	trait_impl	Debug	src/int/api/string.rs	29	[]	[]	"{""generics"":{""params"":[],""where_predicates"":[]},""is_negative"":false,""is_unsafe"":false,""provided_trait_methods"":[]}"
arbi_anafis::ArbiInt	arbi_anafis::ArbiInt	trait	core::fmt::Display	method	fmt	src/int/api/string.rs	182	[]	[]	"{""generics"":{""params"":[],""where_predicates"":[]},""header"":{""abi"":""Rust"",""is_async"":false,""is_const"":false,""is_unsafe"":false},""sig"":{""inputs"":[[""self"",{""borrowed_ref"":{""is_mutable"":false,""lifetime"":null,""type"":{""generic"":""Self""}}}],[""f"",{""borrowed_ref"":{""is_mutable"":true,""lifetime"":null,""type"":{""resolved_path"":{""args"":{""angle_bracketed"":{""args"":[{""lifetime"":""'_""}],""constraints"":[]}},""path"":""core::fmt::Formatter""}}}}]],""is_c_variadic"":false,""output"":{""resolved_path"":{""args"":null,""path"":""core::fmt::Result""}}}}"
arbi_anafis::ArbiInt	arbi_anafis::ArbiInt	trait	core::fmt::Display	trait_impl	Display	src/int/api/string.rs	182	[]	[]	"{""generics"":{""params"":[],""where_predicates"":[]},""is_negative"":false,""is_unsafe"":false,""provided_trait_methods"":[]}"
arbi_anafis::ArbiInt	arbi_anafis::ArbiInt	trait	core::fmt::LowerHex	method	fmt	src/int/api/string.rs	182	[]	[]	"{""generics"":{""params"":[],""where_predicates"":[]},""header"":{""abi"":""Rust"",""is_async"":false,""is_const"":false,""is_unsafe"":false},""sig"":{""inputs"":[[""self"",{""borrowed_ref"":{""is_mutable"":false,""lifetime"":null,""type"":{""generic"":""Self""}}}],[""f"",{""borrowed_ref"":{""is_mutable"":true,""lifetime"":null,""type"":{""resolved_path"":{""args"":{""angle_bracketed"":{""args"":[{""lifetime"":""'_""}],""constraints"":[]}},""path"":""core::fmt::Formatter""}}}}]],""is_c_variadic"":false,""output"":{""resolved_path"":{""args"":null,""path"":""core::fmt::Result""}}}}"
arbi_anafis::ArbiInt	arbi_anafis::ArbiInt	trait	core::fmt::LowerHex	trait_impl	LowerHex	src/int/api/string.rs	182	[]	[]	"{""generics"":{""params"":[],""where_predicates"":[]},""is_negative"":false,""is_unsafe"":false,""provided_trait_methods"":[]}"
arbi_anafis::ArbiInt	arbi_anafis::ArbiInt	trait	core::fmt::Octal	method	fmt	src/int/api/string.rs	182	[]	[]	"{""generics"":{""params"":[],""where_predicates"":[]},""header"":{""abi"":""Rust"",""is_async"":false,""is_const"":false,""is_unsafe"":false},""sig"":{""inputs"":[[""self"",{""borrowed_ref"":{""is_mutable"":false,""lifetime"":null,""type"":{""generic"":""Self""}}}],[""f"",{""borrowed_ref"":{""is_mutable"":true,""lifetime"":null,""type"":{""resolved_path"":{""args"":{""angle_bracketed"":{""args"":[{""lifetime"":""'_""}],""constraints"":[]}},""path"":""core::fmt::Formatter""}}}}]],""is_c_variadic"":false,""output"":{""resolved_path"":{""args"":null,""path"":""core::fmt::Result""}}}}"
arbi_anafis::ArbiInt	arbi_anafis::ArbiInt	trait	core::fmt::Octal	trait_impl	Octal	src/int/api/string.rs	182	[]	[]	"{""generics"":{""params"":[],""where_predicates"":[]},""is_negative"":false,""is_unsafe"":false,""provided_trait_methods"":[]}"
arbi_anafis::ArbiInt	arbi_anafis::ArbiInt	trait	core::fmt::UpperHex	method	fmt	src/int/api/string.rs	182	[]	[]	"{""generics"":{""params"":[],""where_predicates"":[]},""header"":{""abi"":""Rust"",""is_async"":false,""is_const"":false,""is_unsafe"":false},""sig"":{""inputs"":[[""self"",{""borrowed_ref"":{""is_mutable"":false,""lifetime"":null,""type"":{""generic"":""Self""}}}],[""f"",{""borrowed_ref"":{""is_mutable"":true,""lifetime"":null,""type"":{""resolved_path"":{""args"":{""angle_bracketed"":{""args"":[{""lifetime"":""'_""}],""constraints"":[]}},""path"":""core::fmt::Formatter""}}}}]],""is_c_variadic"":false,""output"":{""resolved_path"":{""args"":null,""path"":""core::fmt::Result""}}}}"
arbi_anafis::ArbiInt	arbi_anafis::ArbiInt	trait	core::fmt::UpperHex	trait_impl	UpperHex	src/int/api/string.rs	182	[]	[]	"{""generics"":{""params"":[],""where_predicates"":[]},""is_negative"":false,""is_unsafe"":false,""provided_trait_methods"":[]}"
arbi_anafis::ArbiInt	arbi_anafis::ArbiInt	trait	core::hash::Hash	method	hash	src/int/api/cmp.rs	20	[]	[]	"{""generics"":{""params"":[{""kind"":{""type"":{""bounds"":[{""trait_bound"":{""generic_params"":[],""modifier"":""none"",""trait"":{""args"":null,""path"":""core::hash::Hasher""}}}],""default"":null,""is_synthetic"":false}},""name"":""H""}],""where_predicates"":[]},""header"":{""abi"":""Rust"",""is_async"":false,""is_const"":false,""is_unsafe"":false},""sig"":{""inputs"":[[""self"",{""borrowed_ref"":{""is_mutable"":false,""lifetime"":null,""type"":{""generic"":""Self""}}}],[""state"",{""borrowed_ref"":{""is_mutable"":true,""lifetime"":null,""type"":{""generic"":""H""}}}]],""is_c_variadic"":false,""output"":null}}"
arbi_anafis::ArbiInt	arbi_anafis::ArbiInt	trait	core::hash::Hash	trait_impl	Hash	src/int/api/cmp.rs	19	[]	[]	"{""generics"":{""params"":[],""where_predicates"":[]},""is_negative"":false,""is_unsafe"":false,""provided_trait_methods"":[""hash_slice""]}"
arbi_anafis::ArbiInt	arbi_anafis::ArbiInt	trait	core::iter::traits::accum::Product	associated_function	product	src/int/api/iter.rs	33	[]	"[{""other"":""#[attr = Inline(Hint)]""}]"	"{""generics"":{""params"":[{""kind"":{""type"":{""bounds"":[{""trait_bound"":{""generic_params"":[],""modifier"":""none"",""trait"":{""args"":{""angle_bracketed"":{""args"":[],""constraints"":[{""args"":null,""binding"":{""equality"":{""type"":{""generic"":""Self""}}},""name"":""Item""}]}},""path"":""core::iter::traits::iterator::Iterator""}}}],""default"":null,""is_synthetic"":false}},""name"":""I""}],""where_predicates"":[]},""header"":{""abi"":""Rust"",""is_async"":false,""is_const"":false,""is_unsafe"":false},""sig"":{""inputs"":[[""iter"",{""generic"":""I""}]],""is_c_variadic"":false,""output"":{""generic"":""Self""}}}"
arbi_anafis::ArbiInt	arbi_anafis::ArbiInt	trait	core::iter::traits::accum::Product	trait_impl	Product	src/int/api/iter.rs	31	[]	[]	"{""generics"":{""params"":[],""where_predicates"":[]},""is_negative"":false,""is_unsafe"":false,""provided_trait_methods"":[]}"
arbi_anafis::ArbiInt	arbi_anafis::ArbiInt	trait	core::iter::traits::accum::Sum	associated_function	sum	src/int/api/iter.rs	19	[]	"[{""other"":""#[attr = Inline(Hint)]""}]"	"{""generics"":{""params"":[{""kind"":{""type"":{""bounds"":[{""trait_bound"":{""generic_params"":[],""modifier"":""none"",""trait"":{""args"":{""angle_bracketed"":{""args"":[],""constraints"":[{""args"":null,""binding"":{""equality"":{""type"":{""generic"":""Self""}}},""name"":""Item""}]}},""path"":""core::iter::traits::iterator::Iterator""}}}],""default"":null,""is_synthetic"":false}},""name"":""I""}],""where_predicates"":[]},""header"":{""abi"":""Rust"",""is_async"":false,""is_const"":false,""is_unsafe"":false},""sig"":{""inputs"":[[""iter"",{""generic"":""I""}]],""is_c_variadic"":false,""output"":{""generic"":""Self""}}}"
arbi_anafis::ArbiInt	arbi_anafis::ArbiInt	trait	core::iter::traits::accum::Sum	trait_impl	Sum	src/int/api/iter.rs	17	[]	[]	"{""generics"":{""params"":[],""where_predicates"":[]},""is_negative"":false,""is_unsafe"":false,""provided_trait_methods"":[]}"
arbi_anafis::ArbiInt	arbi_anafis::ArbiInt	trait	core::ops::arith::Add	assoc_type	Output	src/int/api/ops/add.rs	143	[]	[]	"{""bounds"":[],""default_unstable"":null,""generics"":{""params"":[],""where_predicates"":[]},""type"":{""resolved_path"":{""args"":null,""path"":""arbi_anafis::ArbiInt""}}}"
arbi_anafis::ArbiInt	arbi_anafis::ArbiInt	trait	core::ops::arith::Add	method	add	src/int/api/ops/add.rs	146	[]	"[{""other"":""#[attr = Inline(Hint)]""},{""other"":""#[attr = TrackCaller]""}]"	"{""generics"":{""params"":[],""where_predicates"":[]},""header"":{""abi"":""Rust"",""is_async"":false,""is_const"":false,""is_unsafe"":false},""sig"":{""inputs"":[[""self"",{""generic"":""Self""}],[""rhs"",{""generic"":""Self""}]],""is_c_variadic"":false,""output"":{""qualified_path"":{""args"":null,""name"":""Output"",""self_type"":{""generic"":""Self""},""trait"":{""args"":null,""path"":""core::ops::arith::Add""}}}}}"
arbi_anafis::ArbiInt	arbi_anafis::ArbiInt	trait	core::ops::arith::Add	trait_impl	Add	src/int/api/ops/add.rs	142	[]	[]	"{""generics"":{""params"":[],""where_predicates"":[]},""is_negative"":false,""is_unsafe"":false,""provided_trait_methods"":[]}"
arbi_anafis::ArbiInt	arbi_anafis::ArbiInt	trait	core::ops::arith::Add<&arbi_anafis::ArbiInt>	assoc_type	Output	src/int/api/ops/add.rs	172	[]	[]	"{""bounds"":[],""default_unstable"":null,""generics"":{""params"":[],""where_predicates"":[]},""type"":{""resolved_path"":{""args"":null,""path"":""arbi_anafis::ArbiInt""}}}"
arbi_anafis::ArbiInt	arbi_anafis::ArbiInt	trait	core::ops::arith::Add<&arbi_anafis::ArbiInt>	method	add	src/int/api/ops/add.rs	175	[]	"[{""other"":""#[attr = Inline(Hint)]""},{""other"":""#[attr = TrackCaller]""}]"	"{""generics"":{""params"":[],""where_predicates"":[]},""header"":{""abi"":""Rust"",""is_async"":false,""is_const"":false,""is_unsafe"":false},""sig"":{""inputs"":[[""self"",{""generic"":""Self""}],[""rhs"",{""borrowed_ref"":{""is_mutable"":false,""lifetime"":null,""type"":{""generic"":""Self""}}}]],""is_c_variadic"":false,""output"":{""qualified_path"":{""args"":null,""name"":""Output"",""self_type"":{""generic"":""Self""},""trait"":{""args"":null,""path"":""core::ops::arith::Add""}}}}}"
arbi_anafis::ArbiInt	arbi_anafis::ArbiInt	trait	core::ops::arith::Add<&arbi_anafis::ArbiInt>	trait_impl	Add	src/int/api/ops/add.rs	171	[]	[]	"{""generics"":{""params"":[],""where_predicates"":[]},""is_negative"":false,""is_unsafe"":false,""provided_trait_methods"":[]}"
arbi_anafis::ArbiInt	arbi_anafis::ArbiInt	trait	core::ops::arith::AddAssign	method	add_assign	src/int/api/ops/add.rs	218	[]	"[{""other"":""#[attr = Inline(Hint)]""},{""other"":""#[attr = TrackCaller]""}]"	"{""generics"":{""params"":[],""where_predicates"":[]},""header"":{""abi"":""Rust"",""is_async"":false,""is_const"":false,""is_unsafe"":false},""sig"":{""inputs"":[[""self"",{""borrowed_ref"":{""is_mutable"":true,""lifetime"":null,""type"":{""generic"":""Self""}}}],[""rhs"",{""generic"":""Self""}]],""is_c_variadic"":false,""output"":null}}"
arbi_anafis::ArbiInt	arbi_anafis::ArbiInt	trait	core::ops::arith::AddAssign	trait_impl	AddAssign	src/int/api/ops/add.rs	215	[]	[]	"{""generics"":{""params"":[],""where_predicates"":[]},""is_negative"":false,""is_unsafe"":false,""provided_trait_methods"":[]}"
arbi_anafis::ArbiInt	arbi_anafis::ArbiInt	trait	core::ops::arith::AddAssign<&arbi_anafis::ArbiInt>	method	add_assign	src/int/api/ops/add.rs	260	[]	"[{""other"":""#[attr = Inline(Hint)]""},{""other"":""#[attr = TrackCaller]""}]"	"{""generics"":{""params"":[],""where_predicates"":[]},""header"":{""abi"":""Rust"",""is_async"":false,""is_const"":false,""is_unsafe"":false},""sig"":{""inputs"":[[""self"",{""borrowed_ref"":{""is_mutable"":true,""lifetime"":null,""type"":{""generic"":""Self""}}}],[""rhs"",{""borrowed_ref"":{""is_mutable"":false,""lifetime"":null,""type"":{""generic"":""Self""}}}]],""is_c_variadic"":false,""output"":null}}"
arbi_anafis::ArbiInt	arbi_anafis::ArbiInt	trait	core::ops::arith::AddAssign<&arbi_anafis::ArbiInt>	trait_impl	AddAssign	src/int/api/ops/add.rs	257	[]	[]	"{""generics"":{""params"":[],""where_predicates"":[]},""is_negative"":false,""is_unsafe"":false,""provided_trait_methods"":[]}"
arbi_anafis::ArbiInt	arbi_anafis::ArbiInt	trait	core::ops::arith::Div	assoc_type	Output	src/int/api/ops/div.rs	174	[]	[]	"{""bounds"":[],""default_unstable"":null,""generics"":{""params"":[],""where_predicates"":[]},""type"":{""resolved_path"":{""args"":null,""path"":""arbi_anafis::ArbiInt""}}}"
arbi_anafis::ArbiInt	arbi_anafis::ArbiInt	trait	core::ops::arith::Div	method	div	src/int/api/ops/div.rs	177	[]	"[{""other"":""#[attr = Inline(Hint)]""},{""other"":""#[attr = TrackCaller]""}]"	"{""generics"":{""params"":[],""where_predicates"":[]},""header"":{""abi"":""Rust"",""is_async"":false,""is_const"":false,""is_unsafe"":false},""sig"":{""inputs"":[[""self"",{""generic"":""Self""}],[""rhs"",{""generic"":""Self""}]],""is_c_variadic"":false,""output"":{""qualified_path"":{""args"":null,""name"":""Output"",""self_type"":{""generic"":""Self""},""trait"":{""args"":null,""path"":""core::ops::arith::Div""}}}}}"
arbi_anafis::ArbiInt	arbi_anafis::ArbiInt	trait	core::ops::arith::Div	trait_impl	Div	src/int/api/ops/div.rs	173	[]	[]	"{""generics"":{""params"":[],""where_predicates"":[]},""is_negative"":false,""is_unsafe"":false,""provided_trait_methods"":[]}"
arbi_anafis::ArbiInt	arbi_anafis::ArbiInt	trait	core::ops::arith::Div<&arbi_anafis::ArbiInt>	assoc_type	Output	src/int/api/ops/div.rs	188	[]	[]	"{""bounds"":[],""default_unstable"":null,""generics"":{""params"":[],""where_predicates"":[]},""type"":{""resolved_path"":{""args"":null,""path"":""arbi_anafis::ArbiInt""}}}"
arbi_anafis::ArbiInt	arbi_anafis::ArbiInt	trait	core::ops::arith::Div<&arbi_anafis::ArbiInt>	method	div	src/int/api/ops/div.rs	191	[]	"[{""other"":""#[attr = Inline(Hint)]""},{""other"":""#[attr = TrackCaller]""}]"	"{""generics"":{""params"":[],""where_predicates"":[]},""header"":{""abi"":""Rust"",""is_async"":false,""is_const"":false,""is_unsafe"":false},""sig"":{""inputs"":[[""self"",{""generic"":""Self""}],[""rhs"",{""borrowed_ref"":{""is_mutable"":false,""lifetime"":null,""type"":{""generic"":""Self""}}}]],""is_c_variadic"":false,""output"":{""qualified_path"":{""args"":null,""name"":""Output"",""self_type"":{""generic"":""Self""},""trait"":{""args"":null,""path"":""core::ops::arith::Div""}}}}}"
arbi_anafis::ArbiInt	arbi_anafis::ArbiInt	trait	core::ops::arith::Div<&arbi_anafis::ArbiInt>	trait_impl	Div	src/int/api/ops/div.rs	187	[]	[]	"{""generics"":{""params"":[],""where_predicates"":[]},""is_negative"":false,""is_unsafe"":false,""provided_trait_methods"":[]}"
arbi_anafis::ArbiInt	arbi_anafis::ArbiInt	trait	core::ops::arith::DivAssign	method	div_assign	src/int/api/ops/div.rs	236	[]	"[{""other"":""#[attr = Inline(Hint)]""},{""other"":""#[attr = TrackCaller]""}]"	"{""generics"":{""params"":[],""where_predicates"":[]},""header"":{""abi"":""Rust"",""is_async"":false,""is_const"":false,""is_unsafe"":false},""sig"":{""inputs"":[[""self"",{""borrowed_ref"":{""is_mutable"":true,""lifetime"":null,""type"":{""generic"":""Self""}}}],[""rhs"",{""generic"":""Self""}]],""is_c_variadic"":false,""output"":null}}"
arbi_anafis::ArbiInt	arbi_anafis::ArbiInt	trait	core::ops::arith::DivAssign	trait_impl	DivAssign	src/int/api/ops/div.rs	233	[]	[]	"{""generics"":{""params"":[],""where_predicates"":[]},""is_negative"":false,""is_unsafe"":false,""provided_trait_methods"":[]}"
arbi_anafis::ArbiInt	arbi_anafis::ArbiInt	trait	core::ops::arith::DivAssign<&arbi_anafis::ArbiInt>	method	div_assign	src/int/api/ops/div.rs	244	[]	"[{""other"":""#[attr = Inline(Hint)]""},{""other"":""#[attr = TrackCaller]""}]"	"{""generics"":{""params"":[],""where_predicates"":[]},""header"":{""abi"":""Rust"",""is_async"":false,""is_const"":false,""is_unsafe"":false},""sig"":{""inputs"":[[""self"",{""borrowed_ref"":{""is_mutable"":true,""lifetime"":null,""type"":{""generic"":""Self""}}}],[""rhs"",{""borrowed_ref"":{""is_mutable"":false,""lifetime"":null,""type"":{""generic"":""Self""}}}]],""is_c_variadic"":false,""output"":null}}"
arbi_anafis::ArbiInt	arbi_anafis::ArbiInt	trait	core::ops::arith::DivAssign<&arbi_anafis::ArbiInt>	trait_impl	DivAssign	src/int/api/ops/div.rs	241	[]	[]	"{""generics"":{""params"":[],""where_predicates"":[]},""is_negative"":false,""is_unsafe"":false,""provided_trait_methods"":[]}"
arbi_anafis::ArbiInt	arbi_anafis::ArbiInt	trait	core::ops::arith::Mul	assoc_type	Output	src/int/api/ops/mul.rs	111	[]	[]	"{""bounds"":[],""default_unstable"":null,""generics"":{""params"":[],""where_predicates"":[]},""type"":{""resolved_path"":{""args"":null,""path"":""arbi_anafis::ArbiInt""}}}"
arbi_anafis::ArbiInt	arbi_anafis::ArbiInt	trait	core::ops::arith::Mul	method	mul	src/int/api/ops/mul.rs	114	[]	"[{""other"":""#[attr = Inline(Hint)]""},{""other"":""#[attr = TrackCaller]""}]"	"{""generics"":{""params"":[],""where_predicates"":[]},""header"":{""abi"":""Rust"",""is_async"":false,""is_const"":false,""is_unsafe"":false},""sig"":{""inputs"":[[""self"",{""generic"":""Self""}],[""rhs"",{""generic"":""Self""}]],""is_c_variadic"":false,""output"":{""qualified_path"":{""args"":null,""name"":""Output"",""self_type"":{""generic"":""Self""},""trait"":{""args"":null,""path"":""core::ops::arith::Mul""}}}}}"
arbi_anafis::ArbiInt	arbi_anafis::ArbiInt	trait	core::ops::arith::Mul	trait_impl	Mul	src/int/api/ops/mul.rs	110	[]	[]	"{""generics"":{""params"":[],""where_predicates"":[]},""is_negative"":false,""is_unsafe"":false,""provided_trait_methods"":[]}"
arbi_anafis::ArbiInt	arbi_anafis::ArbiInt	trait	core::ops::arith::Mul<&arbi_anafis::ArbiInt>	assoc_type	Output	src/int/api/ops/mul.rs	127	[]	[]	"{""bounds"":[],""default_unstable"":null,""generics"":{""params"":[],""where_predicates"":[]},""type"":{""resolved_path"":{""args"":null,""path"":""arbi_anafis::ArbiInt""}}}"
arbi_anafis::ArbiInt	arbi_anafis::ArbiInt	trait	core::ops::arith::Mul<&arbi_anafis::ArbiInt>	method	mul	src/int/api/ops/mul.rs	130	[]	"[{""other"":""#[attr = Inline(Hint)]""},{""other"":""#[attr = TrackCaller]""}]"	"{""generics"":{""params"":[],""where_predicates"":[]},""header"":{""abi"":""Rust"",""is_async"":false,""is_const"":false,""is_unsafe"":false},""sig"":{""inputs"":[[""self"",{""generic"":""Self""}],[""rhs"",{""borrowed_ref"":{""is_mutable"":false,""lifetime"":null,""type"":{""generic"":""Self""}}}]],""is_c_variadic"":false,""output"":{""qualified_path"":{""args"":null,""name"":""Output"",""self_type"":{""generic"":""Self""},""trait"":{""args"":null,""path"":""core::ops::arith::Mul""}}}}}"
arbi_anafis::ArbiInt	arbi_anafis::ArbiInt	trait	core::ops::arith::Mul<&arbi_anafis::ArbiInt>	trait_impl	Mul	src/int/api/ops/mul.rs	126	[]	[]	"{""generics"":{""params"":[],""where_predicates"":[]},""is_negative"":false,""is_unsafe"":false,""provided_trait_methods"":[]}"
arbi_anafis::ArbiInt	arbi_anafis::ArbiInt	trait	core::ops::arith::MulAssign	method	mul_assign	src/int/api/ops/mul.rs	173	[]	"[{""other"":""#[attr = Inline(Hint)]""},{""other"":""#[attr = TrackCaller]""}]"	"{""generics"":{""params"":[],""where_predicates"":[]},""header"":{""abi"":""Rust"",""is_async"":false,""is_const"":false,""is_unsafe"":false},""sig"":{""inputs"":[[""self"",{""borrowed_ref"":{""is_mutable"":true,""lifetime"":null,""type"":{""generic"":""Self""}}}],[""rhs"",{""generic"":""Self""}]],""is_c_variadic"":false,""output"":null}}"
arbi_anafis::ArbiInt	arbi_anafis::ArbiInt	trait	core::ops::arith::MulAssign	trait_impl	MulAssign	src/int/api/ops/mul.rs	170	[]	[]	"{""generics"":{""params"":[],""where_predicates"":[]},""is_negative"":false,""is_unsafe"":false,""provided_trait_methods"":[]}"
arbi_anafis::ArbiInt	arbi_anafis::ArbiInt	trait	core::ops::arith::MulAssign<&arbi_anafis::ArbiInt>	method	mul_assign	src/int/api/ops/mul.rs	195	[]	"[{""other"":""#[attr = Inline(Hint)]""},{""other"":""#[attr = TrackCaller]""}]"	"{""generics"":{""params"":[],""where_predicates"":[]},""header"":{""abi"":""Rust"",""is_async"":false,""is_const"":false,""is_unsafe"":false},""sig"":{""inputs"":[[""self"",{""borrowed_ref"":{""is_mutable"":true,""lifetime"":null,""type"":{""generic"":""Self""}}}],[""rhs"",{""borrowed_ref"":{""is_mutable"":false,""lifetime"":null,""type"":{""generic"":""Self""}}}]],""is_c_variadic"":false,""output"":null}}"
arbi_anafis::ArbiInt	arbi_anafis::ArbiInt	trait	core::ops::arith::MulAssign<&arbi_anafis::ArbiInt>	trait_impl	MulAssign	src/int/api/ops/mul.rs	192	[]	[]	"{""generics"":{""params"":[],""where_predicates"":[]},""is_negative"":false,""is_unsafe"":false,""provided_trait_methods"":[]}"
arbi_anafis::ArbiInt	arbi_anafis::ArbiInt	trait	core::ops::arith::Neg	assoc_type	Output	src/int/api/ops/sub.rs	212	[]	[]	"{""bounds"":[],""default_unstable"":null,""generics"":{""params"":[],""where_predicates"":[]},""type"":{""resolved_path"":{""args"":null,""path"":""arbi_anafis::ArbiInt""}}}"
arbi_anafis::ArbiInt	arbi_anafis::ArbiInt	trait	core::ops::arith::Neg	method	neg	src/int/api/ops/sub.rs	215	[]	"[{""other"":""#[attr = Inline(Hint)]""},{""other"":""#[attr = TrackCaller]""}]"	"{""generics"":{""params"":[],""where_predicates"":[]},""header"":{""abi"":""Rust"",""is_async"":false,""is_const"":false,""is_unsafe"":false},""sig"":{""inputs"":[[""self"",{""generic"":""Self""}]],""is_c_variadic"":false,""output"":{""qualified_path"":{""args"":null,""name"":""Output"",""self_type"":{""generic"":""Self""},""trait"":{""args"":null,""path"":""core::ops::arith::Neg""}}}}}"
arbi_anafis::ArbiInt	arbi_anafis::ArbiInt	trait	core::ops::arith::Neg	trait_impl	Neg	src/int/api/ops/sub.rs	211	[]	[]	"{""generics"":{""params"":[],""where_predicates"":[]},""is_negative"":false,""is_unsafe"":false,""provided_trait_methods"":[]}"
arbi_anafis::ArbiInt	arbi_anafis::ArbiInt	trait	core::ops::arith::Rem	assoc_type	Output	src/int/api/ops/div.rs	252	[]	[]	"{""bounds"":[],""default_unstable"":null,""generics"":{""params"":[],""where_predicates"":[]},""type"":{""resolved_path"":{""args"":null,""path"":""arbi_anafis::ArbiInt""}}}"
arbi_anafis::ArbiInt	arbi_anafis::ArbiInt	trait	core::ops::arith::Rem	method	rem	src/int/api/ops/div.rs	255	[]	"[{""other"":""#[attr = Inline(Hint)]""},{""other"":""#[attr = TrackCaller]""}]"	"{""generics"":{""params"":[],""where_predicates"":[]},""header"":{""abi"":""Rust"",""is_async"":false,""is_const"":false,""is_unsafe"":false},""sig"":{""inputs"":[[""self"",{""generic"":""Self""}],[""rhs"",{""generic"":""Self""}]],""is_c_variadic"":false,""output"":{""qualified_path"":{""args"":null,""name"":""Output"",""self_type"":{""generic"":""Self""},""trait"":{""args"":null,""path"":""core::ops::arith::Rem""}}}}}"
arbi_anafis::ArbiInt	arbi_anafis::ArbiInt	trait	core::ops::arith::Rem	trait_impl	Rem	src/int/api/ops/div.rs	251	[]	[]	"{""generics"":{""params"":[],""where_predicates"":[]},""is_negative"":false,""is_unsafe"":false,""provided_trait_methods"":[]}"
arbi_anafis::ArbiInt	arbi_anafis::ArbiInt	trait	core::ops::arith::Rem<&arbi_anafis::ArbiInt>	assoc_type	Output	src/int/api/ops/div.rs	266	[]	[]	"{""bounds"":[],""default_unstable"":null,""generics"":{""params"":[],""where_predicates"":[]},""type"":{""resolved_path"":{""args"":null,""path"":""arbi_anafis::ArbiInt""}}}"
arbi_anafis::ArbiInt	arbi_anafis::ArbiInt	trait	core::ops::arith::Rem<&arbi_anafis::ArbiInt>	method	rem	src/int/api/ops/div.rs	269	[]	"[{""other"":""#[attr = Inline(Hint)]""},{""other"":""#[attr = TrackCaller]""}]"	"{""generics"":{""params"":[],""where_predicates"":[]},""header"":{""abi"":""Rust"",""is_async"":false,""is_const"":false,""is_unsafe"":false},""sig"":{""inputs"":[[""self"",{""generic"":""Self""}],[""rhs"",{""borrowed_ref"":{""is_mutable"":false,""lifetime"":null,""type"":{""generic"":""Self""}}}]],""is_c_variadic"":false,""output"":{""qualified_path"":{""args"":null,""name"":""Output"",""self_type"":{""generic"":""Self""},""trait"":{""args"":null,""path"":""core::ops::arith::Rem""}}}}}"
arbi_anafis::ArbiInt	arbi_anafis::ArbiInt	trait	core::ops::arith::Rem<&arbi_anafis::ArbiInt>	trait_impl	Rem	src/int/api/ops/div.rs	265	[]	[]	"{""generics"":{""params"":[],""where_predicates"":[]},""is_negative"":false,""is_unsafe"":false,""provided_trait_methods"":[]}"
arbi_anafis::ArbiInt	arbi_anafis::ArbiInt	trait	core::ops::arith::RemAssign	method	rem_assign	src/int/api/ops/div.rs	314	[]	"[{""other"":""#[attr = Inline(Hint)]""},{""other"":""#[attr = TrackCaller]""}]"	"{""generics"":{""params"":[],""where_predicates"":[]},""header"":{""abi"":""Rust"",""is_async"":false,""is_const"":false,""is_unsafe"":false},""sig"":{""inputs"":[[""self"",{""borrowed_ref"":{""is_mutable"":true,""lifetime"":null,""type"":{""generic"":""Self""}}}],[""rhs"",{""generic"":""Self""}]],""is_c_variadic"":false,""output"":null}}"
arbi_anafis::ArbiInt	arbi_anafis::ArbiInt	trait	core::ops::arith::RemAssign	trait_impl	RemAssign	src/int/api/ops/div.rs	311	[]	[]	"{""generics"":{""params"":[],""where_predicates"":[]},""is_negative"":false,""is_unsafe"":false,""provided_trait_methods"":[]}"
arbi_anafis::ArbiInt	arbi_anafis::ArbiInt	trait	core::ops::arith::RemAssign<&arbi_anafis::ArbiInt>	method	rem_assign	src/int/api/ops/div.rs	322	[]	"[{""other"":""#[attr = Inline(Hint)]""},{""other"":""#[attr = TrackCaller]""}]"	"{""generics"":{""params"":[],""where_predicates"":[]},""header"":{""abi"":""Rust"",""is_async"":false,""is_const"":false,""is_unsafe"":false},""sig"":{""inputs"":[[""self"",{""borrowed_ref"":{""is_mutable"":true,""lifetime"":null,""type"":{""generic"":""Self""}}}],[""rhs"",{""borrowed_ref"":{""is_mutable"":false,""lifetime"":null,""type"":{""generic"":""Self""}}}]],""is_c_variadic"":false,""output"":null}}"
arbi_anafis::ArbiInt	arbi_anafis::ArbiInt	trait	core::ops::arith::RemAssign<&arbi_anafis::ArbiInt>	trait_impl	RemAssign	src/int/api/ops/div.rs	319	[]	[]	"{""generics"":{""params"":[],""where_predicates"":[]},""is_negative"":false,""is_unsafe"":false,""provided_trait_methods"":[]}"
arbi_anafis::ArbiInt	arbi_anafis::ArbiInt	trait	core::ops::arith::Sub	assoc_type	Output	src/int/api/ops/sub.rs	95	[]	[]	"{""bounds"":[],""default_unstable"":null,""generics"":{""params"":[],""where_predicates"":[]},""type"":{""resolved_path"":{""args"":null,""path"":""arbi_anafis::ArbiInt""}}}"
arbi_anafis::ArbiInt	arbi_anafis::ArbiInt	trait	core::ops::arith::Sub	method	sub	src/int/api/ops/sub.rs	98	[]	"[{""other"":""#[attr = Inline(Hint)]""},{""other"":""#[attr = TrackCaller]""}]"	"{""generics"":{""params"":[],""where_predicates"":[]},""header"":{""abi"":""Rust"",""is_async"":false,""is_const"":false,""is_unsafe"":false},""sig"":{""inputs"":[[""self"",{""generic"":""Self""}],[""rhs"",{""generic"":""Self""}]],""is_c_variadic"":false,""output"":{""qualified_path"":{""args"":null,""name"":""Output"",""self_type"":{""generic"":""Self""},""trait"":{""args"":null,""path"":""core::ops::arith::Sub""}}}}}"
arbi_anafis::ArbiInt	arbi_anafis::ArbiInt	trait	core::ops::arith::Sub	trait_impl	Sub	src/int/api/ops/sub.rs	94	[]	[]	"{""generics"":{""params"":[],""where_predicates"":[]},""is_negative"":false,""is_unsafe"":false,""provided_trait_methods"":[]}"
arbi_anafis::ArbiInt	arbi_anafis::ArbiInt	trait	core::ops::arith::Sub<&arbi_anafis::ArbiInt>	assoc_type	Output	src/int/api/ops/sub.rs	118	[]	[]	"{""bounds"":[],""default_unstable"":null,""generics"":{""params"":[],""where_predicates"":[]},""type"":{""resolved_path"":{""args"":null,""path"":""arbi_anafis::ArbiInt""}}}"
arbi_anafis::ArbiInt	arbi_anafis::ArbiInt	trait	core::ops::arith::Sub<&arbi_anafis::ArbiInt>	method	sub	src/int/api/ops/sub.rs	121	[]	"[{""other"":""#[attr = Inline(Hint)]""},{""other"":""#[attr = TrackCaller]""}]"	"{""generics"":{""params"":[],""where_predicates"":[]},""header"":{""abi"":""Rust"",""is_async"":false,""is_const"":false,""is_unsafe"":false},""sig"":{""inputs"":[[""self"",{""generic"":""Self""}],[""rhs"",{""borrowed_ref"":{""is_mutable"":false,""lifetime"":null,""type"":{""generic"":""Self""}}}]],""is_c_variadic"":false,""output"":{""qualified_path"":{""args"":null,""name"":""Output"",""self_type"":{""generic"":""Self""},""trait"":{""args"":null,""path"":""core::ops::arith::Sub""}}}}}"
arbi_anafis::ArbiInt	arbi_anafis::ArbiInt	trait	core::ops::arith::Sub<&arbi_anafis::ArbiInt>	trait_impl	Sub	src/int/api/ops/sub.rs	117	[]	[]	"{""generics"":{""params"":[],""where_predicates"":[]},""is_negative"":false,""is_unsafe"":false,""provided_trait_methods"":[]}"
arbi_anafis::ArbiInt	arbi_anafis::ArbiInt	trait	core::ops::arith::SubAssign	method	sub_assign	src/int/api/ops/sub.rs	167	[]	"[{""other"":""#[attr = Inline(Hint)]""},{""other"":""#[attr = TrackCaller]""}]"	"{""generics"":{""params"":[],""where_predicates"":[]},""header"":{""abi"":""Rust"",""is_async"":false,""is_const"":false,""is_unsafe"":false},""sig"":{""inputs"":[[""self"",{""borrowed_ref"":{""is_mutable"":true,""lifetime"":null,""type"":{""generic"":""Self""}}}],[""rhs"",{""generic"":""Self""}]],""is_c_variadic"":false,""output"":null}}"
arbi_anafis::ArbiInt	arbi_anafis::ArbiInt	trait	core::ops::arith::SubAssign	trait_impl	SubAssign	src/int/api/ops/sub.rs	164	[]	[]	"{""generics"":{""params"":[],""where_predicates"":[]},""is_negative"":false,""is_unsafe"":false,""provided_trait_methods"":[]}"
arbi_anafis::ArbiInt	arbi_anafis::ArbiInt	trait	core::ops::arith::SubAssign<&arbi_anafis::ArbiInt>	method	sub_assign	src/int/api/ops/sub.rs	193	[]	"[{""other"":""#[attr = Inline(Hint)]""},{""other"":""#[attr = TrackCaller]""}]"	"{""generics"":{""params"":[],""where_predicates"":[]},""header"":{""abi"":""Rust"",""is_async"":false,""is_const"":false,""is_unsafe"":false},""sig"":{""inputs"":[[""self"",{""borrowed_ref"":{""is_mutable"":true,""lifetime"":null,""type"":{""generic"":""Self""}}}],[""rhs"",{""borrowed_ref"":{""is_mutable"":false,""lifetime"":null,""type"":{""generic"":""Self""}}}]],""is_c_variadic"":false,""output"":null}}"
arbi_anafis::ArbiInt	arbi_anafis::ArbiInt	trait	core::ops::arith::SubAssign<&arbi_anafis::ArbiInt>	trait_impl	SubAssign	src/int/api/ops/sub.rs	190	[]	[]	"{""generics"":{""params"":[],""where_predicates"":[]},""is_negative"":false,""is_unsafe"":false,""provided_trait_methods"":[]}"
arbi_anafis::ArbiInt	arbi_anafis::ArbiInt	trait	core::ops::bit::BitAnd	assoc_type	Output	src/int/api/ops/bitwise/signed.rs	8	[]	[]	"{""bounds"":[],""default_unstable"":null,""generics"":{""params"":[],""where_predicates"":[]},""type"":{""resolved_path"":{""args"":null,""path"":""arbi_anafis::ArbiInt""}}}"
arbi_anafis::ArbiInt	arbi_anafis::ArbiInt	trait	core::ops::bit::BitAnd	method	bitand	src/int/api/ops/bitwise/signed.rs	11	[]	"[{""other"":""#[attr = Inline(Hint)]""},{""other"":""#[attr = TrackCaller]""}]"	"{""generics"":{""params"":[],""where_predicates"":[]},""header"":{""abi"":""Rust"",""is_async"":false,""is_const"":false,""is_unsafe"":false},""sig"":{""inputs"":[[""self"",{""generic"":""Self""}],[""rhs"",{""generic"":""Self""}]],""is_c_variadic"":false,""output"":{""qualified_path"":{""args"":null,""name"":""Output"",""self_type"":{""generic"":""Self""},""trait"":{""args"":null,""path"":""core::ops::bit::BitAnd""}}}}}"
arbi_anafis::ArbiInt	arbi_anafis::ArbiInt	trait	core::ops::bit::BitAnd	trait_impl	BitAnd	src/int/api/ops/bitwise/signed.rs	7	[]	[]	"{""generics"":{""params"":[],""where_predicates"":[]},""is_negative"":false,""is_unsafe"":false,""provided_trait_methods"":[]}"
arbi_anafis::ArbiInt	arbi_anafis::ArbiInt	trait	core::ops::bit::BitAnd<&arbi_anafis::ArbiInt>	assoc_type	Output	src/int/api/ops/bitwise/signed.rs	24	[]	[]	"{""bounds"":[],""default_unstable"":null,""generics"":{""params"":[],""where_predicates"":[]},""type"":{""resolved_path"":{""args"":null,""path"":""arbi_anafis::ArbiInt""}}}"
arbi_anafis::ArbiInt	arbi_anafis::ArbiInt	trait	core::ops::bit::BitAnd<&arbi_anafis::ArbiInt>	method	bitand	src/int/api/ops/bitwise/signed.rs	27	[]	"[{""other"":""#[attr = Inline(Hint)]""},{""other"":""#[attr = TrackCaller]""}]"	"{""generics"":{""params"":[],""where_predicates"":[]},""header"":{""abi"":""Rust"",""is_async"":false,""is_const"":false,""is_unsafe"":false},""sig"":{""inputs"":[[""self"",{""generic"":""Self""}],[""rhs"",{""borrowed_ref"":{""is_mutable"":false,""lifetime"":null,""type"":{""generic"":""Self""}}}]],""is_c_variadic"":false,""output"":{""qualified_path"":{""args"":null,""name"":""Output"",""self_type"":{""generic"":""Self""},""trait"":{""args"":null,""path"":""core::ops::bit::BitAnd""}}}}}"
arbi_anafis::ArbiInt	arbi_anafis::ArbiInt	trait	core::ops::bit::BitAnd<&arbi_anafis::ArbiInt>	trait_impl	BitAnd	src/int/api/ops/bitwise/signed.rs	23	[]	[]	"{""generics"":{""params"":[],""where_predicates"":[]},""is_negative"":false,""is_unsafe"":false,""provided_trait_methods"":[]}"
arbi_anafis::ArbiInt	arbi_anafis::ArbiInt	trait	core::ops::bit::BitAndAssign	method	bitand_assign	src/int/api/ops/bitwise/signed.rs	74	[]	"[{""other"":""#[attr = Inline(Hint)]""},{""other"":""#[attr = TrackCaller]""}]"	"{""generics"":{""params"":[],""where_predicates"":[]},""header"":{""abi"":""Rust"",""is_async"":false,""is_const"":false,""is_unsafe"":false},""sig"":{""inputs"":[[""self"",{""borrowed_ref"":{""is_mutable"":true,""lifetime"":null,""type"":{""generic"":""Self""}}}],[""rhs"",{""generic"":""Self""}]],""is_c_variadic"":false,""output"":null}}"
arbi_anafis::ArbiInt	arbi_anafis::ArbiInt	trait	core::ops::bit::BitAndAssign	trait_impl	BitAndAssign	src/int/api/ops/bitwise/signed.rs	71	[]	[]	"{""generics"":{""params"":[],""where_predicates"":[]},""is_negative"":false,""is_unsafe"":false,""provided_trait_methods"":[]}"
arbi_anafis::ArbiInt	arbi_anafis::ArbiInt	trait	core::ops::bit::BitAndAssign<&arbi_anafis::ArbiInt>	method	bitand_assign	src/int/api/ops/bitwise/signed.rs	82	[]	"[{""other"":""#[attr = Inline(Hint)]""},{""other"":""#[attr = TrackCaller]""}]"	"{""generics"":{""params"":[],""where_predicates"":[]},""header"":{""abi"":""Rust"",""is_async"":false,""is_const"":false,""is_unsafe"":false},""sig"":{""inputs"":[[""self"",{""borrowed_ref"":{""is_mutable"":true,""lifetime"":null,""type"":{""generic"":""Self""}}}],[""rhs"",{""borrowed_ref"":{""is_mutable"":false,""lifetime"":null,""type"":{""generic"":""Self""}}}]],""is_c_variadic"":false,""output"":null}}"
arbi_anafis::ArbiInt	arbi_anafis::ArbiInt	trait	core::ops::bit::BitAndAssign<&arbi_anafis::ArbiInt>	trait_impl	BitAndAssign	src/int/api/ops/bitwise/signed.rs	79	[]	[]	"{""generics"":{""params"":[],""where_predicates"":[]},""is_negative"":false,""is_unsafe"":false,""provided_trait_methods"":[]}"
arbi_anafis::ArbiInt	arbi_anafis::ArbiInt	trait	core::ops::bit::BitOr	assoc_type	Output	src/int/api/ops/bitwise/signed.rs	94	[]	[]	"{""bounds"":[],""default_unstable"":null,""generics"":{""params"":[],""where_predicates"":[]},""type"":{""resolved_path"":{""args"":null,""path"":""arbi_anafis::ArbiInt""}}}"
arbi_anafis::ArbiInt	arbi_anafis::ArbiInt	trait	core::ops::bit::BitOr	method	bitor	src/int/api/ops/bitwise/signed.rs	97	[]	"[{""other"":""#[attr = Inline(Hint)]""},{""other"":""#[attr = TrackCaller]""}]"	"{""generics"":{""params"":[],""where_predicates"":[]},""header"":{""abi"":""Rust"",""is_async"":false,""is_const"":false,""is_unsafe"":false},""sig"":{""inputs"":[[""self"",{""generic"":""Self""}],[""rhs"",{""generic"":""Self""}]],""is_c_variadic"":false,""output"":{""qualified_path"":{""args"":null,""name"":""Output"",""self_type"":{""generic"":""Self""},""trait"":{""args"":null,""path"":""core::ops::bit::BitOr""}}}}}"
arbi_anafis::ArbiInt	arbi_anafis::ArbiInt	trait	core::ops::bit::BitOr	trait_impl	BitOr	src/int/api/ops/bitwise/signed.rs	93	[]	[]	"{""generics"":{""params"":[],""where_predicates"":[]},""is_negative"":false,""is_unsafe"":false,""provided_trait_methods"":[]}"
arbi_anafis::ArbiInt	arbi_anafis::ArbiInt	trait	core::ops::bit::BitOr<&arbi_anafis::ArbiInt>	assoc_type	Output	src/int/api/ops/bitwise/signed.rs	110	[]	[]	"{""bounds"":[],""default_unstable"":null,""generics"":{""params"":[],""where_predicates"":[]},""type"":{""resolved_path"":{""args"":null,""path"":""arbi_anafis::ArbiInt""}}}"
arbi_anafis::ArbiInt	arbi_anafis::ArbiInt	trait	core::ops::bit::BitOr<&arbi_anafis::ArbiInt>	method	bitor	src/int/api/ops/bitwise/signed.rs	113	[]	"[{""other"":""#[attr = Inline(Hint)]""},{""other"":""#[attr = TrackCaller]""}]"	"{""generics"":{""params"":[],""where_predicates"":[]},""header"":{""abi"":""Rust"",""is_async"":false,""is_const"":false,""is_unsafe"":false},""sig"":{""inputs"":[[""self"",{""generic"":""Self""}],[""rhs"",{""borrowed_ref"":{""is_mutable"":false,""lifetime"":null,""type"":{""generic"":""Self""}}}]],""is_c_variadic"":false,""output"":{""qualified_path"":{""args"":null,""name"":""Output"",""self_type"":{""generic"":""Self""},""trait"":{""args"":null,""path"":""core::ops::bit::BitOr""}}}}}"
arbi_anafis::ArbiInt	arbi_anafis::ArbiInt	trait	core::ops::bit::BitOr<&arbi_anafis::ArbiInt>	trait_impl	BitOr	src/int/api/ops/bitwise/signed.rs	109	[]	[]	"{""generics"":{""params"":[],""where_predicates"":[]},""is_negative"":false,""is_unsafe"":false,""provided_trait_methods"":[]}"
arbi_anafis::ArbiInt	arbi_anafis::ArbiInt	trait	core::ops::bit::BitOrAssign	method	bitor_assign	src/int/api/ops/bitwise/signed.rs	160	[]	"[{""other"":""#[attr = Inline(Hint)]""},{""other"":""#[attr = TrackCaller]""}]"	"{""generics"":{""params"":[],""where_predicates"":[]},""header"":{""abi"":""Rust"",""is_async"":false,""is_const"":false,""is_unsafe"":false},""sig"":{""inputs"":[[""self"",{""borrowed_ref"":{""is_mutable"":true,""lifetime"":null,""type"":{""generic"":""Self""}}}],[""rhs"",{""generic"":""Self""}]],""is_c_variadic"":false,""output"":null}}"
arbi_anafis::ArbiInt	arbi_anafis::ArbiInt	trait	core::ops::bit::BitOrAssign	trait_impl	BitOrAssign	src/int/api/ops/bitwise/signed.rs	157	[]	[]	"{""generics"":{""params"":[],""where_predicates"":[]},""is_negative"":false,""is_unsafe"":false,""provided_trait_methods"":[]}"
arbi_anafis::ArbiInt	arbi_anafis::ArbiInt	trait	core::ops::bit::BitOrAssign<&arbi_anafis::ArbiInt>	method	bitor_assign	src/int/api/ops/bitwise/signed.rs	168	[]	"[{""other"":""#[attr = Inline(Hint)]""},{""other"":""#[attr = TrackCaller]""}]"	"{""generics"":{""params"":[],""where_predicates"":[]},""header"":{""abi"":""Rust"",""is_async"":false,""is_const"":false,""is_unsafe"":false},""sig"":{""inputs"":[[""self"",{""borrowed_ref"":{""is_mutable"":true,""lifetime"":null,""type"":{""generic"":""Self""}}}],[""rhs"",{""borrowed_ref"":{""is_mutable"":false,""lifetime"":null,""type"":{""generic"":""Self""}}}]],""is_c_variadic"":false,""output"":null}}"
arbi_anafis::ArbiInt	arbi_anafis::ArbiInt	trait	core::ops::bit::BitOrAssign<&arbi_anafis::ArbiInt>	trait_impl	BitOrAssign	src/int/api/ops/bitwise/signed.rs	165	[]	[]	"{""generics"":{""params"":[],""where_predicates"":[]},""is_negative"":false,""is_unsafe"":false,""provided_trait_methods"":[]}"
arbi_anafis::ArbiInt	arbi_anafis::ArbiInt	trait	core::ops::bit::BitXor	assoc_type	Output	src/int/api/ops/bitwise/signed.rs	180	[]	[]	"{""bounds"":[],""default_unstable"":null,""generics"":{""params"":[],""where_predicates"":[]},""type"":{""resolved_path"":{""args"":null,""path"":""arbi_anafis::ArbiInt""}}}"
arbi_anafis::ArbiInt	arbi_anafis::ArbiInt	trait	core::ops::bit::BitXor	method	bitxor	src/int/api/ops/bitwise/signed.rs	183	[]	"[{""other"":""#[attr = Inline(Hint)]""},{""other"":""#[attr = TrackCaller]""}]"	"{""generics"":{""params"":[],""where_predicates"":[]},""header"":{""abi"":""Rust"",""is_async"":false,""is_const"":false,""is_unsafe"":false},""sig"":{""inputs"":[[""self"",{""generic"":""Self""}],[""rhs"",{""generic"":""Self""}]],""is_c_variadic"":false,""output"":{""qualified_path"":{""args"":null,""name"":""Output"",""self_type"":{""generic"":""Self""},""trait"":{""args"":null,""path"":""core::ops::bit::BitXor""}}}}}"
arbi_anafis::ArbiInt	arbi_anafis::ArbiInt	trait	core::ops::bit::BitXor	trait_impl	BitXor	src/int/api/ops/bitwise/signed.rs	179	[]	[]	"{""generics"":{""params"":[],""where_predicates"":[]},""is_negative"":false,""is_unsafe"":false,""provided_trait_methods"":[]}"
arbi_anafis::ArbiInt	arbi_anafis::ArbiInt	trait	core::ops::bit::BitXor<&arbi_anafis::ArbiInt>	assoc_type	Output	src/int/api/ops/bitwise/signed.rs	196	[]	[]	"{""bounds"":[],""default_unstable"":null,""generics"":{""params"":[],""where_predicates"":[]},""type"":{""resolved_path"":{""args"":null,""path"":""arbi_anafis::ArbiInt""}}}"
arbi_anafis::ArbiInt	arbi_anafis::ArbiInt	trait	core::ops::bit::BitXor<&arbi_anafis::ArbiInt>	method	bitxor	src/int/api/ops/bitwise/signed.rs	199	[]	"[{""other"":""#[attr = Inline(Hint)]""},{""other"":""#[attr = TrackCaller]""}]"	"{""generics"":{""params"":[],""where_predicates"":[]},""header"":{""abi"":""Rust"",""is_async"":false,""is_const"":false,""is_unsafe"":false},""sig"":{""inputs"":[[""self"",{""generic"":""Self""}],[""rhs"",{""borrowed_ref"":{""is_mutable"":false,""lifetime"":null,""type"":{""generic"":""Self""}}}]],""is_c_variadic"":false,""output"":{""qualified_path"":{""args"":null,""name"":""Output"",""self_type"":{""generic"":""Self""},""trait"":{""args"":null,""path"":""core::ops::bit::BitXor""}}}}}"
arbi_anafis::ArbiInt	arbi_anafis::ArbiInt	trait	core::ops::bit::BitXor<&arbi_anafis::ArbiInt>	trait_impl	BitXor	src/int/api/ops/bitwise/signed.rs	195	[]	[]	"{""generics"":{""params"":[],""where_predicates"":[]},""is_negative"":false,""is_unsafe"":false,""provided_trait_methods"":[]}"
arbi_anafis::ArbiInt	arbi_anafis::ArbiInt	trait	core::ops::bit::BitXorAssign	method	bitxor_assign	src/int/api/ops/bitwise/signed.rs	246	[]	"[{""other"":""#[attr = Inline(Hint)]""},{""other"":""#[attr = TrackCaller]""}]"	"{""generics"":{""params"":[],""where_predicates"":[]},""header"":{""abi"":""Rust"",""is_async"":false,""is_const"":false,""is_unsafe"":false},""sig"":{""inputs"":[[""self"",{""borrowed_ref"":{""is_mutable"":true,""lifetime"":null,""type"":{""generic"":""Self""}}}],[""rhs"",{""generic"":""Self""}]],""is_c_variadic"":false,""output"":null}}"
arbi_anafis::ArbiInt	arbi_anafis::ArbiInt	trait	core::ops::bit::BitXorAssign	trait_impl	BitXorAssign	src/int/api/ops/bitwise/signed.rs	243	[]	[]	"{""generics"":{""params"":[],""where_predicates"":[]},""is_negative"":false,""is_unsafe"":false,""provided_trait_methods"":[]}"
arbi_anafis::ArbiInt	arbi_anafis::ArbiInt	trait	core::ops::bit::BitXorAssign<&arbi_anafis::ArbiInt>	method	bitxor_assign	src/int/api/ops/bitwise/signed.rs	254	[]	"[{""other"":""#[attr = Inline(Hint)]""},{""other"":""#[attr = TrackCaller]""}]"	"{""generics"":{""params"":[],""where_predicates"":[]},""header"":{""abi"":""Rust"",""is_async"":false,""is_const"":false,""is_unsafe"":false},""sig"":{""inputs"":[[""self"",{""borrowed_ref"":{""is_mutable"":true,""lifetime"":null,""type"":{""generic"":""Self""}}}],[""rhs"",{""borrowed_ref"":{""is_mutable"":false,""lifetime"":null,""type"":{""generic"":""Self""}}}]],""is_c_variadic"":false,""output"":null}}"
arbi_anafis::ArbiInt	arbi_anafis::ArbiInt	trait	core::ops::bit::BitXorAssign<&arbi_anafis::ArbiInt>	trait_impl	BitXorAssign	src/int/api/ops/bitwise/signed.rs	251	[]	[]	"{""generics"":{""params"":[],""where_predicates"":[]},""is_negative"":false,""is_unsafe"":false,""provided_trait_methods"":[]}"
arbi_anafis::ArbiInt	arbi_anafis::ArbiInt	trait	core::ops::bit::Not	assoc_type	Output	src/int/api/ops/bitwise/signed.rs	266	[]	[]	"{""bounds"":[],""default_unstable"":null,""generics"":{""params"":[],""where_predicates"":[]},""type"":{""resolved_path"":{""args"":null,""path"":""arbi_anafis::ArbiInt""}}}"
arbi_anafis::ArbiInt	arbi_anafis::ArbiInt	trait	core::ops::bit::Not	method	not	src/int/api/ops/bitwise/signed.rs	269	[]	"[{""other"":""#[attr = Inline(Hint)]""},{""other"":""#[attr = TrackCaller]""}]"	"{""generics"":{""params"":[],""where_predicates"":[]},""header"":{""abi"":""Rust"",""is_async"":false,""is_const"":false,""is_unsafe"":false},""sig"":{""inputs"":[[""self"",{""generic"":""Self""}]],""is_c_variadic"":false,""output"":{""qualified_path"":{""args"":null,""name"":""Output"",""self_type"":{""generic"":""Self""},""trait"":{""args"":null,""path"":""core::ops::bit::Not""}}}}}"
arbi_anafis::ArbiInt	arbi_anafis::ArbiInt	trait	core::ops::bit::Not	trait_impl	Not	src/int/api/ops/bitwise/signed.rs	265	[]	[]	"{""generics"":{""params"":[],""where_predicates"":[]},""is_negative"":false,""is_unsafe"":false,""provided_trait_methods"":[]}"
arbi_anafis::ArbiInt	arbi_anafis::ArbiInt	trait	core::ops::bit::Shl<i128>	assoc_type	Output	src/int/api/ops/shift.rs	349	[]	[]	"{""bounds"":[],""default_unstable"":null,""generics"":{""params"":[],""where_predicates"":[]},""type"":{""resolved_path"":{""args"":null,""path"":""arbi_anafis::ArbiInt""}}}"
arbi_anafis::ArbiInt	arbi_anafis::ArbiInt	trait	core::ops::bit::Shl<i128>	method	shl	src/int/api/ops/shift.rs	349	[]	"[{""other"":""#[allow(clippy :: as_conversions, clippy :: cast_possible_truncation, reason =\n\""shift trait impls normalize counts to usize; checked conversions panic instead of truncating on narrow targets\"")]""},{""other"":""#[attr = Inline(Hint)]""},{""other"":""#[attr = TrackCaller]""}]"	"{""generics"":{""params"":[],""where_predicates"":[]},""header"":{""abi"":""Rust"",""is_async"":false,""is_const"":false,""is_unsafe"":false},""sig"":{""inputs"":[[""self"",{""generic"":""Self""}],[""shift"",{""primitive"":""i128""}]],""is_c_variadic"":false,""output"":{""qualified_path"":{""args"":null,""name"":""Output"",""self_type"":{""generic"":""Self""},""trait"":{""args"":null,""path"":""core::ops::bit::Shl""}}}}}"
arbi_anafis::ArbiInt	arbi_anafis::ArbiInt	trait	core::ops::bit::Shl<i128>	trait_impl	Shl	src/int/api/ops/shift.rs	349	[]	[]	"{""generics"":{""params"":[],""where_predicates"":[]},""is_negative"":false,""is_unsafe"":false,""provided_trait_methods"":[]}"
arbi_anafis::ArbiInt	arbi_anafis::ArbiInt	trait	core::ops::bit::Shl<i16>	assoc_type	Output	src/int/api/ops/shift.rs	349	[]	[]	"{""bounds"":[],""default_unstable"":null,""generics"":{""params"":[],""where_predicates"":[]},""type"":{""resolved_path"":{""args"":null,""path"":""arbi_anafis::ArbiInt""}}}"
arbi_anafis::ArbiInt	arbi_anafis::ArbiInt	trait	core::ops::bit::Shl<i16>	method	shl	src/int/api/ops/shift.rs	349	[]	"[{""other"":""#[allow(clippy :: as_conversions, clippy :: cast_possible_truncation, reason =\n\""shift trait impls normalize counts to usize; checked conversions panic instead of truncating on narrow targets\"")]""},{""other"":""#[attr = Inline(Hint)]""},{""other"":""#[attr = TrackCaller]""}]"	"{""generics"":{""params"":[],""where_predicates"":[]},""header"":{""abi"":""Rust"",""is_async"":false,""is_const"":false,""is_unsafe"":false},""sig"":{""inputs"":[[""self"",{""generic"":""Self""}],[""shift"",{""primitive"":""i16""}]],""is_c_variadic"":false,""output"":{""qualified_path"":{""args"":null,""name"":""Output"",""self_type"":{""generic"":""Self""},""trait"":{""args"":null,""path"":""core::ops::bit::Shl""}}}}}"
arbi_anafis::ArbiInt	arbi_anafis::ArbiInt	trait	core::ops::bit::Shl<i16>	trait_impl	Shl	src/int/api/ops/shift.rs	349	[]	[]	"{""generics"":{""params"":[],""where_predicates"":[]},""is_negative"":false,""is_unsafe"":false,""provided_trait_methods"":[]}"
arbi_anafis::ArbiInt	arbi_anafis::ArbiInt	trait	core::ops::bit::Shl<i32>	assoc_type	Output	src/int/api/ops/shift.rs	349	[]	[]	"{""bounds"":[],""default_unstable"":null,""generics"":{""params"":[],""where_predicates"":[]},""type"":{""resolved_path"":{""args"":null,""path"":""arbi_anafis::ArbiInt""}}}"
arbi_anafis::ArbiInt	arbi_anafis::ArbiInt	trait	core::ops::bit::Shl<i32>	method	shl	src/int/api/ops/shift.rs	349	[]	"[{""other"":""#[allow(clippy :: as_conversions, clippy :: cast_possible_truncation, reason =\n\""shift trait impls normalize counts to usize; checked conversions panic instead of truncating on narrow targets\"")]""},{""other"":""#[attr = Inline(Hint)]""},{""other"":""#[attr = TrackCaller]""}]"	"{""generics"":{""params"":[],""where_predicates"":[]},""header"":{""abi"":""Rust"",""is_async"":false,""is_const"":false,""is_unsafe"":false},""sig"":{""inputs"":[[""self"",{""generic"":""Self""}],[""shift"",{""primitive"":""i32""}]],""is_c_variadic"":false,""output"":{""qualified_path"":{""args"":null,""name"":""Output"",""self_type"":{""generic"":""Self""},""trait"":{""args"":null,""path"":""core::ops::bit::Shl""}}}}}"
arbi_anafis::ArbiInt	arbi_anafis::ArbiInt	trait	core::ops::bit::Shl<i32>	trait_impl	Shl	src/int/api/ops/shift.rs	349	[]	[]	"{""generics"":{""params"":[],""where_predicates"":[]},""is_negative"":false,""is_unsafe"":false,""provided_trait_methods"":[]}"
arbi_anafis::ArbiInt	arbi_anafis::ArbiInt	trait	core::ops::bit::Shl<i64>	assoc_type	Output	src/int/api/ops/shift.rs	349	[]	[]	"{""bounds"":[],""default_unstable"":null,""generics"":{""params"":[],""where_predicates"":[]},""type"":{""resolved_path"":{""args"":null,""path"":""arbi_anafis::ArbiInt""}}}"
arbi_anafis::ArbiInt	arbi_anafis::ArbiInt	trait	core::ops::bit::Shl<i64>	method	shl	src/int/api/ops/shift.rs	349	[]	"[{""other"":""#[allow(clippy :: as_conversions, clippy :: cast_possible_truncation, reason =\n\""shift trait impls normalize counts to usize; checked conversions panic instead of truncating on narrow targets\"")]""},{""other"":""#[attr = Inline(Hint)]""},{""other"":""#[attr = TrackCaller]""}]"	"{""generics"":{""params"":[],""where_predicates"":[]},""header"":{""abi"":""Rust"",""is_async"":false,""is_const"":false,""is_unsafe"":false},""sig"":{""inputs"":[[""self"",{""generic"":""Self""}],[""shift"",{""primitive"":""i64""}]],""is_c_variadic"":false,""output"":{""qualified_path"":{""args"":null,""name"":""Output"",""self_type"":{""generic"":""Self""},""trait"":{""args"":null,""path"":""core::ops::bit::Shl""}}}}}"
arbi_anafis::ArbiInt	arbi_anafis::ArbiInt	trait	core::ops::bit::Shl<i64>	trait_impl	Shl	src/int/api/ops/shift.rs	349	[]	[]	"{""generics"":{""params"":[],""where_predicates"":[]},""is_negative"":false,""is_unsafe"":false,""provided_trait_methods"":[]}"
arbi_anafis::ArbiInt	arbi_anafis::ArbiInt	trait	core::ops::bit::Shl<i8>	assoc_type	Output	src/int/api/ops/shift.rs	349	[]	[]	"{""bounds"":[],""default_unstable"":null,""generics"":{""params"":[],""where_predicates"":[]},""type"":{""resolved_path"":{""args"":null,""path"":""arbi_anafis::ArbiInt""}}}"
arbi_anafis::ArbiInt	arbi_anafis::ArbiInt	trait	core::ops::bit::Shl<i8>	method	shl	src/int/api/ops/shift.rs	349	[]	"[{""other"":""#[allow(clippy :: as_conversions, clippy :: cast_possible_truncation, reason =\n\""shift trait impls normalize counts to usize; checked conversions panic instead of truncating on narrow targets\"")]""},{""other"":""#[attr = Inline(Hint)]""},{""other"":""#[attr = TrackCaller]""}]"	"{""generics"":{""params"":[],""where_predicates"":[]},""header"":{""abi"":""Rust"",""is_async"":false,""is_const"":false,""is_unsafe"":false},""sig"":{""inputs"":[[""self"",{""generic"":""Self""}],[""shift"",{""primitive"":""i8""}]],""is_c_variadic"":false,""output"":{""qualified_path"":{""args"":null,""name"":""Output"",""self_type"":{""generic"":""Self""},""trait"":{""args"":null,""path"":""core::ops::bit::Shl""}}}}}"
arbi_anafis::ArbiInt	arbi_anafis::ArbiInt	trait	core::ops::bit::Shl<i8>	trait_impl	Shl	src/int/api/ops/shift.rs	349	[]	[]	"{""generics"":{""params"":[],""where_predicates"":[]},""is_negative"":false,""is_unsafe"":false,""provided_trait_methods"":[]}"
arbi_anafis::ArbiInt	arbi_anafis::ArbiInt	trait	core::ops::bit::Shl<isize>	assoc_type	Output	src/int/api/ops/shift.rs	349	[]	[]	"{""bounds"":[],""default_unstable"":null,""generics"":{""params"":[],""where_predicates"":[]},""type"":{""resolved_path"":{""args"":null,""path"":""arbi_anafis::ArbiInt""}}}"
arbi_anafis::ArbiInt	arbi_anafis::ArbiInt	trait	core::ops::bit::Shl<isize>	method	shl	src/int/api/ops/shift.rs	349	[]	"[{""other"":""#[allow(clippy :: as_conversions, clippy :: cast_possible_truncation, reason =\n\""shift trait impls normalize counts to usize; checked conversions panic instead of truncating on narrow targets\"")]""},{""other"":""#[attr = Inline(Hint)]""},{""other"":""#[attr = TrackCaller]""}]"	"{""generics"":{""params"":[],""where_predicates"":[]},""header"":{""abi"":""Rust"",""is_async"":false,""is_const"":false,""is_unsafe"":false},""sig"":{""inputs"":[[""self"",{""generic"":""Self""}],[""shift"",{""primitive"":""isize""}]],""is_c_variadic"":false,""output"":{""qualified_path"":{""args"":null,""name"":""Output"",""self_type"":{""generic"":""Self""},""trait"":{""args"":null,""path"":""core::ops::bit::Shl""}}}}}"
arbi_anafis::ArbiInt	arbi_anafis::ArbiInt	trait	core::ops::bit::Shl<isize>	trait_impl	Shl	src/int/api/ops/shift.rs	349	[]	[]	"{""generics"":{""params"":[],""where_predicates"":[]},""is_negative"":false,""is_unsafe"":false,""provided_trait_methods"":[]}"
arbi_anafis::ArbiInt	arbi_anafis::ArbiInt	trait	core::ops::bit::Shl<u128>	assoc_type	Output	src/int/api/ops/shift.rs	349	[]	[]	"{""bounds"":[],""default_unstable"":null,""generics"":{""params"":[],""where_predicates"":[]},""type"":{""resolved_path"":{""args"":null,""path"":""arbi_anafis::ArbiInt""}}}"
arbi_anafis::ArbiInt	arbi_anafis::ArbiInt	trait	core::ops::bit::Shl<u128>	method	shl	src/int/api/ops/shift.rs	349	[]	"[{""other"":""#[allow(clippy :: as_conversions, clippy :: cast_possible_truncation, reason =\n\""shift trait impls normalize counts to usize; checked conversions panic instead of truncating on narrow targets\"")]""},{""other"":""#[attr = Inline(Hint)]""},{""other"":""#[attr = TrackCaller]""}]"	"{""generics"":{""params"":[],""where_predicates"":[]},""header"":{""abi"":""Rust"",""is_async"":false,""is_const"":false,""is_unsafe"":false},""sig"":{""inputs"":[[""self"",{""generic"":""Self""}],[""shift"",{""primitive"":""u128""}]],""is_c_variadic"":false,""output"":{""qualified_path"":{""args"":null,""name"":""Output"",""self_type"":{""generic"":""Self""},""trait"":{""args"":null,""path"":""core::ops::bit::Shl""}}}}}"
arbi_anafis::ArbiInt	arbi_anafis::ArbiInt	trait	core::ops::bit::Shl<u128>	trait_impl	Shl	src/int/api/ops/shift.rs	349	[]	[]	"{""generics"":{""params"":[],""where_predicates"":[]},""is_negative"":false,""is_unsafe"":false,""provided_trait_methods"":[]}"
arbi_anafis::ArbiInt	arbi_anafis::ArbiInt	trait	core::ops::bit::Shl<u16>	assoc_type	Output	src/int/api/ops/shift.rs	349	[]	[]	"{""bounds"":[],""default_unstable"":null,""generics"":{""params"":[],""where_predicates"":[]},""type"":{""resolved_path"":{""args"":null,""path"":""arbi_anafis::ArbiInt""}}}"
arbi_anafis::ArbiInt	arbi_anafis::ArbiInt	trait	core::ops::bit::Shl<u16>	method	shl	src/int/api/ops/shift.rs	349	[]	"[{""other"":""#[allow(clippy :: as_conversions, clippy :: cast_possible_truncation, reason =\n\""shift trait impls normalize counts to usize; checked conversions panic instead of truncating on narrow targets\"")]""},{""other"":""#[attr = Inline(Hint)]""},{""other"":""#[attr = TrackCaller]""}]"	"{""generics"":{""params"":[],""where_predicates"":[]},""header"":{""abi"":""Rust"",""is_async"":false,""is_const"":false,""is_unsafe"":false},""sig"":{""inputs"":[[""self"",{""generic"":""Self""}],[""shift"",{""primitive"":""u16""}]],""is_c_variadic"":false,""output"":{""qualified_path"":{""args"":null,""name"":""Output"",""self_type"":{""generic"":""Self""},""trait"":{""args"":null,""path"":""core::ops::bit::Shl""}}}}}"
arbi_anafis::ArbiInt	arbi_anafis::ArbiInt	trait	core::ops::bit::Shl<u16>	trait_impl	Shl	src/int/api/ops/shift.rs	349	[]	[]	"{""generics"":{""params"":[],""where_predicates"":[]},""is_negative"":false,""is_unsafe"":false,""provided_trait_methods"":[]}"
arbi_anafis::ArbiInt	arbi_anafis::ArbiInt	trait	core::ops::bit::Shl<u32>	assoc_type	Output	src/int/api/ops/shift.rs	349	[]	[]	"{""bounds"":[],""default_unstable"":null,""generics"":{""params"":[],""where_predicates"":[]},""type"":{""resolved_path"":{""args"":null,""path"":""arbi_anafis::ArbiInt""}}}"
arbi_anafis::ArbiInt	arbi_anafis::ArbiInt	trait	core::ops::bit::Shl<u32>	method	shl	src/int/api/ops/shift.rs	349	[]	"[{""other"":""#[allow(clippy :: as_conversions, clippy :: cast_possible_truncation, reason =\n\""shift trait impls normalize counts to usize; checked conversions panic instead of truncating on narrow targets\"")]""},{""other"":""#[attr = Inline(Hint)]""},{""other"":""#[attr = TrackCaller]""}]"	"{""generics"":{""params"":[],""where_predicates"":[]},""header"":{""abi"":""Rust"",""is_async"":false,""is_const"":false,""is_unsafe"":false},""sig"":{""inputs"":[[""self"",{""generic"":""Self""}],[""shift"",{""primitive"":""u32""}]],""is_c_variadic"":false,""output"":{""qualified_path"":{""args"":null,""name"":""Output"",""self_type"":{""generic"":""Self""},""trait"":{""args"":null,""path"":""core::ops::bit::Shl""}}}}}"
arbi_anafis::ArbiInt	arbi_anafis::ArbiInt	trait	core::ops::bit::Shl<u32>	trait_impl	Shl	src/int/api/ops/shift.rs	349	[]	[]	"{""generics"":{""params"":[],""where_predicates"":[]},""is_negative"":false,""is_unsafe"":false,""provided_trait_methods"":[]}"
arbi_anafis::ArbiInt	arbi_anafis::ArbiInt	trait	core::ops::bit::Shl<u64>	assoc_type	Output	src/int/api/ops/shift.rs	349	[]	[]	"{""bounds"":[],""default_unstable"":null,""generics"":{""params"":[],""where_predicates"":[]},""type"":{""resolved_path"":{""args"":null,""path"":""arbi_anafis::ArbiInt""}}}"
arbi_anafis::ArbiInt	arbi_anafis::ArbiInt	trait	core::ops::bit::Shl<u64>	method	shl	src/int/api/ops/shift.rs	349	[]	"[{""other"":""#[allow(clippy :: as_conversions, clippy :: cast_possible_truncation, reason =\n\""shift trait impls normalize counts to usize; checked conversions panic instead of truncating on narrow targets\"")]""},{""other"":""#[attr = Inline(Hint)]""},{""other"":""#[attr = TrackCaller]""}]"	"{""generics"":{""params"":[],""where_predicates"":[]},""header"":{""abi"":""Rust"",""is_async"":false,""is_const"":false,""is_unsafe"":false},""sig"":{""inputs"":[[""self"",{""generic"":""Self""}],[""shift"",{""primitive"":""u64""}]],""is_c_variadic"":false,""output"":{""qualified_path"":{""args"":null,""name"":""Output"",""self_type"":{""generic"":""Self""},""trait"":{""args"":null,""path"":""core::ops::bit::Shl""}}}}}"
arbi_anafis::ArbiInt	arbi_anafis::ArbiInt	trait	core::ops::bit::Shl<u64>	trait_impl	Shl	src/int/api/ops/shift.rs	349	[]	[]	"{""generics"":{""params"":[],""where_predicates"":[]},""is_negative"":false,""is_unsafe"":false,""provided_trait_methods"":[]}"
arbi_anafis::ArbiInt	arbi_anafis::ArbiInt	trait	core::ops::bit::Shl<u8>	assoc_type	Output	src/int/api/ops/shift.rs	349	[]	[]	"{""bounds"":[],""default_unstable"":null,""generics"":{""params"":[],""where_predicates"":[]},""type"":{""resolved_path"":{""args"":null,""path"":""arbi_anafis::ArbiInt""}}}"
arbi_anafis::ArbiInt	arbi_anafis::ArbiInt	trait	core::ops::bit::Shl<u8>	method	shl	src/int/api/ops/shift.rs	349	[]	"[{""other"":""#[allow(clippy :: as_conversions, clippy :: cast_possible_truncation, reason =\n\""shift trait impls normalize counts to usize; checked conversions panic instead of truncating on narrow targets\"")]""},{""other"":""#[attr = Inline(Hint)]""},{""other"":""#[attr = TrackCaller]""}]"	"{""generics"":{""params"":[],""where_predicates"":[]},""header"":{""abi"":""Rust"",""is_async"":false,""is_const"":false,""is_unsafe"":false},""sig"":{""inputs"":[[""self"",{""generic"":""Self""}],[""shift"",{""primitive"":""u8""}]],""is_c_variadic"":false,""output"":{""qualified_path"":{""args"":null,""name"":""Output"",""self_type"":{""generic"":""Self""},""trait"":{""args"":null,""path"":""core::ops::bit::Shl""}}}}}"
arbi_anafis::ArbiInt	arbi_anafis::ArbiInt	trait	core::ops::bit::Shl<u8>	trait_impl	Shl	src/int/api/ops/shift.rs	349	[]	[]	"{""generics"":{""params"":[],""where_predicates"":[]},""is_negative"":false,""is_unsafe"":false,""provided_trait_methods"":[]}"
arbi_anafis::ArbiInt	arbi_anafis::ArbiInt	trait	core::ops::bit::Shl<usize>	assoc_type	Output	src/int/api/ops/shift.rs	349	[]	[]	"{""bounds"":[],""default_unstable"":null,""generics"":{""params"":[],""where_predicates"":[]},""type"":{""resolved_path"":{""args"":null,""path"":""arbi_anafis::ArbiInt""}}}"
arbi_anafis::ArbiInt	arbi_anafis::ArbiInt	trait	core::ops::bit::Shl<usize>	method	shl	src/int/api/ops/shift.rs	349	[]	"[{""other"":""#[allow(clippy :: as_conversions, clippy :: cast_possible_truncation, reason =\n\""shift trait impls normalize counts to usize; checked conversions panic instead of truncating on narrow targets\"")]""},{""other"":""#[attr = Inline(Hint)]""},{""other"":""#[attr = TrackCaller]""}]"	"{""generics"":{""params"":[],""where_predicates"":[]},""header"":{""abi"":""Rust"",""is_async"":false,""is_const"":false,""is_unsafe"":false},""sig"":{""inputs"":[[""self"",{""generic"":""Self""}],[""shift"",{""primitive"":""usize""}]],""is_c_variadic"":false,""output"":{""qualified_path"":{""args"":null,""name"":""Output"",""self_type"":{""generic"":""Self""},""trait"":{""args"":null,""path"":""core::ops::bit::Shl""}}}}}"
arbi_anafis::ArbiInt	arbi_anafis::ArbiInt	trait	core::ops::bit::Shl<usize>	trait_impl	Shl	src/int/api/ops/shift.rs	349	[]	[]	"{""generics"":{""params"":[],""where_predicates"":[]},""is_negative"":false,""is_unsafe"":false,""provided_trait_methods"":[]}"
arbi_anafis::ArbiInt	arbi_anafis::ArbiInt	trait	core::ops::bit::ShlAssign<i128>	method	shl_assign	src/int/api/ops/shift.rs	351	[]	"[{""other"":""#[allow(clippy :: as_conversions, clippy :: cast_possible_truncation, reason =\n\""shift trait impls normalize counts to usize; checked conversions panic instead of truncating on narrow targets\"")]""},{""other"":""#[attr = Inline(Hint)]""},{""other"":""#[attr = TrackCaller]""}]"	"{""generics"":{""params"":[],""where_predicates"":[]},""header"":{""abi"":""Rust"",""is_async"":false,""is_const"":false,""is_unsafe"":false},""sig"":{""inputs"":[[""self"",{""borrowed_ref"":{""is_mutable"":true,""lifetime"":null,""type"":{""generic"":""Self""}}}],[""shift"",{""primitive"":""i128""}]],""is_c_variadic"":false,""output"":null}}"
arbi_anafis::ArbiInt	arbi_anafis::ArbiInt	trait	core::ops::bit::ShlAssign<i128>	trait_impl	ShlAssign	src/int/api/ops/shift.rs	351	[]	[]	"{""generics"":{""params"":[],""where_predicates"":[]},""is_negative"":false,""is_unsafe"":false,""provided_trait_methods"":[]}"
arbi_anafis::ArbiInt	arbi_anafis::ArbiInt	trait	core::ops::bit::ShlAssign<i16>	method	shl_assign	src/int/api/ops/shift.rs	351	[]	"[{""other"":""#[allow(clippy :: as_conversions, clippy :: cast_possible_truncation, reason =\n\""shift trait impls normalize counts to usize; checked conversions panic instead of truncating on narrow targets\"")]""},{""other"":""#[attr = Inline(Hint)]""},{""other"":""#[attr = TrackCaller]""}]"	"{""generics"":{""params"":[],""where_predicates"":[]},""header"":{""abi"":""Rust"",""is_async"":false,""is_const"":false,""is_unsafe"":false},""sig"":{""inputs"":[[""self"",{""borrowed_ref"":{""is_mutable"":true,""lifetime"":null,""type"":{""generic"":""Self""}}}],[""shift"",{""primitive"":""i16""}]],""is_c_variadic"":false,""output"":null}}"
arbi_anafis::ArbiInt	arbi_anafis::ArbiInt	trait	core::ops::bit::ShlAssign<i16>	trait_impl	ShlAssign	src/int/api/ops/shift.rs	351	[]	[]	"{""generics"":{""params"":[],""where_predicates"":[]},""is_negative"":false,""is_unsafe"":false,""provided_trait_methods"":[]}"
arbi_anafis::ArbiInt	arbi_anafis::ArbiInt	trait	core::ops::bit::ShlAssign<i32>	method	shl_assign	src/int/api/ops/shift.rs	351	[]	"[{""other"":""#[allow(clippy :: as_conversions, clippy :: cast_possible_truncation, reason =\n\""shift trait impls normalize counts to usize; checked conversions panic instead of truncating on narrow targets\"")]""},{""other"":""#[attr = Inline(Hint)]""},{""other"":""#[attr = TrackCaller]""}]"	"{""generics"":{""params"":[],""where_predicates"":[]},""header"":{""abi"":""Rust"",""is_async"":false,""is_const"":false,""is_unsafe"":false},""sig"":{""inputs"":[[""self"",{""borrowed_ref"":{""is_mutable"":true,""lifetime"":null,""type"":{""generic"":""Self""}}}],[""shift"",{""primitive"":""i32""}]],""is_c_variadic"":false,""output"":null}}"
arbi_anafis::ArbiInt	arbi_anafis::ArbiInt	trait	core::ops::bit::ShlAssign<i32>	trait_impl	ShlAssign	src/int/api/ops/shift.rs	351	[]	[]	"{""generics"":{""params"":[],""where_predicates"":[]},""is_negative"":false,""is_unsafe"":false,""provided_trait_methods"":[]}"
arbi_anafis::ArbiInt	arbi_anafis::ArbiInt	trait	core::ops::bit::ShlAssign<i64>	method	shl_assign	src/int/api/ops/shift.rs	351	[]	"[{""other"":""#[allow(clippy :: as_conversions, clippy :: cast_possible_truncation, reason =\n\""shift trait impls normalize counts to usize; checked conversions panic instead of truncating on narrow targets\"")]""},{""other"":""#[attr = Inline(Hint)]""},{""other"":""#[attr = TrackCaller]""}]"	"{""generics"":{""params"":[],""where_predicates"":[]},""header"":{""abi"":""Rust"",""is_async"":false,""is_const"":false,""is_unsafe"":false},""sig"":{""inputs"":[[""self"",{""borrowed_ref"":{""is_mutable"":true,""lifetime"":null,""type"":{""generic"":""Self""}}}],[""shift"",{""primitive"":""i64""}]],""is_c_variadic"":false,""output"":null}}"
arbi_anafis::ArbiInt	arbi_anafis::ArbiInt	trait	core::ops::bit::ShlAssign<i64>	trait_impl	ShlAssign	src/int/api/ops/shift.rs	351	[]	[]	"{""generics"":{""params"":[],""where_predicates"":[]},""is_negative"":false,""is_unsafe"":false,""provided_trait_methods"":[]}"
arbi_anafis::ArbiInt	arbi_anafis::ArbiInt	trait	core::ops::bit::ShlAssign<i8>	method	shl_assign	src/int/api/ops/shift.rs	351	[]	"[{""other"":""#[allow(clippy :: as_conversions, clippy :: cast_possible_truncation, reason =\n\""shift trait impls normalize counts to usize; checked conversions panic instead of truncating on narrow targets\"")]""},{""other"":""#[attr = Inline(Hint)]""},{""other"":""#[attr = TrackCaller]""}]"	"{""generics"":{""params"":[],""where_predicates"":[]},""header"":{""abi"":""Rust"",""is_async"":false,""is_const"":false,""is_unsafe"":false},""sig"":{""inputs"":[[""self"",{""borrowed_ref"":{""is_mutable"":true,""lifetime"":null,""type"":{""generic"":""Self""}}}],[""shift"",{""primitive"":""i8""}]],""is_c_variadic"":false,""output"":null}}"
arbi_anafis::ArbiInt	arbi_anafis::ArbiInt	trait	core::ops::bit::ShlAssign<i8>	trait_impl	ShlAssign	src/int/api/ops/shift.rs	351	[]	[]	"{""generics"":{""params"":[],""where_predicates"":[]},""is_negative"":false,""is_unsafe"":false,""provided_trait_methods"":[]}"
arbi_anafis::ArbiInt	arbi_anafis::ArbiInt	trait	core::ops::bit::ShlAssign<isize>	method	shl_assign	src/int/api/ops/shift.rs	351	[]	"[{""other"":""#[allow(clippy :: as_conversions, clippy :: cast_possible_truncation, reason =\n\""shift trait impls normalize counts to usize; checked conversions panic instead of truncating on narrow targets\"")]""},{""other"":""#[attr = Inline(Hint)]""},{""other"":""#[attr = TrackCaller]""}]"	"{""generics"":{""params"":[],""where_predicates"":[]},""header"":{""abi"":""Rust"",""is_async"":false,""is_const"":false,""is_unsafe"":false},""sig"":{""inputs"":[[""self"",{""borrowed_ref"":{""is_mutable"":true,""lifetime"":null,""type"":{""generic"":""Self""}}}],[""shift"",{""primitive"":""isize""}]],""is_c_variadic"":false,""output"":null}}"
arbi_anafis::ArbiInt	arbi_anafis::ArbiInt	trait	core::ops::bit::ShlAssign<isize>	trait_impl	ShlAssign	src/int/api/ops/shift.rs	351	[]	[]	"{""generics"":{""params"":[],""where_predicates"":[]},""is_negative"":false,""is_unsafe"":false,""provided_trait_methods"":[]}"
arbi_anafis::ArbiInt	arbi_anafis::ArbiInt	trait	core::ops::bit::ShlAssign<u128>	method	shl_assign	src/int/api/ops/shift.rs	351	[]	"[{""other"":""#[allow(clippy :: as_conversions, clippy :: cast_possible_truncation, reason =\n\""shift trait impls normalize counts to usize; checked conversions panic instead of truncating on narrow targets\"")]""},{""other"":""#[attr = Inline(Hint)]""},{""other"":""#[attr = TrackCaller]""}]"	"{""generics"":{""params"":[],""where_predicates"":[]},""header"":{""abi"":""Rust"",""is_async"":false,""is_const"":false,""is_unsafe"":false},""sig"":{""inputs"":[[""self"",{""borrowed_ref"":{""is_mutable"":true,""lifetime"":null,""type"":{""generic"":""Self""}}}],[""shift"",{""primitive"":""u128""}]],""is_c_variadic"":false,""output"":null}}"
arbi_anafis::ArbiInt	arbi_anafis::ArbiInt	trait	core::ops::bit::ShlAssign<u128>	trait_impl	ShlAssign	src/int/api/ops/shift.rs	351	[]	[]	"{""generics"":{""params"":[],""where_predicates"":[]},""is_negative"":false,""is_unsafe"":false,""provided_trait_methods"":[]}"
arbi_anafis::ArbiInt	arbi_anafis::ArbiInt	trait	core::ops::bit::ShlAssign<u16>	method	shl_assign	src/int/api/ops/shift.rs	351	[]	"[{""other"":""#[allow(clippy :: as_conversions, clippy :: cast_possible_truncation, reason =\n\""shift trait impls normalize counts to usize; checked conversions panic instead of truncating on narrow targets\"")]""},{""other"":""#[attr = Inline(Hint)]""},{""other"":""#[attr = TrackCaller]""}]"	"{""generics"":{""params"":[],""where_predicates"":[]},""header"":{""abi"":""Rust"",""is_async"":false,""is_const"":false,""is_unsafe"":false},""sig"":{""inputs"":[[""self"",{""borrowed_ref"":{""is_mutable"":true,""lifetime"":null,""type"":{""generic"":""Self""}}}],[""shift"",{""primitive"":""u16""}]],""is_c_variadic"":false,""output"":null}}"
arbi_anafis::ArbiInt	arbi_anafis::ArbiInt	trait	core::ops::bit::ShlAssign<u16>	trait_impl	ShlAssign	src/int/api/ops/shift.rs	351	[]	[]	"{""generics"":{""params"":[],""where_predicates"":[]},""is_negative"":false,""is_unsafe"":false,""provided_trait_methods"":[]}"
arbi_anafis::ArbiInt	arbi_anafis::ArbiInt	trait	core::ops::bit::ShlAssign<u32>	method	shl_assign	src/int/api/ops/shift.rs	351	[]	"[{""other"":""#[allow(clippy :: as_conversions, clippy :: cast_possible_truncation, reason =\n\""shift trait impls normalize counts to usize; checked conversions panic instead of truncating on narrow targets\"")]""},{""other"":""#[attr = Inline(Hint)]""},{""other"":""#[attr = TrackCaller]""}]"	"{""generics"":{""params"":[],""where_predicates"":[]},""header"":{""abi"":""Rust"",""is_async"":false,""is_const"":false,""is_unsafe"":false},""sig"":{""inputs"":[[""self"",{""borrowed_ref"":{""is_mutable"":true,""lifetime"":null,""type"":{""generic"":""Self""}}}],[""shift"",{""primitive"":""u32""}]],""is_c_variadic"":false,""output"":null}}"
arbi_anafis::ArbiInt	arbi_anafis::ArbiInt	trait	core::ops::bit::ShlAssign<u32>	trait_impl	ShlAssign	src/int/api/ops/shift.rs	351	[]	[]	"{""generics"":{""params"":[],""where_predicates"":[]},""is_negative"":false,""is_unsafe"":false,""provided_trait_methods"":[]}"
arbi_anafis::ArbiInt	arbi_anafis::ArbiInt	trait	core::ops::bit::ShlAssign<u64>	method	shl_assign	src/int/api/ops/shift.rs	351	[]	"[{""other"":""#[allow(clippy :: as_conversions, clippy :: cast_possible_truncation, reason =\n\""shift trait impls normalize counts to usize; checked conversions panic instead of truncating on narrow targets\"")]""},{""other"":""#[attr = Inline(Hint)]""},{""other"":""#[attr = TrackCaller]""}]"	"{""generics"":{""params"":[],""where_predicates"":[]},""header"":{""abi"":""Rust"",""is_async"":false,""is_const"":false,""is_unsafe"":false},""sig"":{""inputs"":[[""self"",{""borrowed_ref"":{""is_mutable"":true,""lifetime"":null,""type"":{""generic"":""Self""}}}],[""shift"",{""primitive"":""u64""}]],""is_c_variadic"":false,""output"":null}}"
arbi_anafis::ArbiInt	arbi_anafis::ArbiInt	trait	core::ops::bit::ShlAssign<u64>	trait_impl	ShlAssign	src/int/api/ops/shift.rs	351	[]	[]	"{""generics"":{""params"":[],""where_predicates"":[]},""is_negative"":false,""is_unsafe"":false,""provided_trait_methods"":[]}"
arbi_anafis::ArbiInt	arbi_anafis::ArbiInt	trait	core::ops::bit::ShlAssign<u8>	method	shl_assign	src/int/api/ops/shift.rs	351	[]	"[{""other"":""#[allow(clippy :: as_conversions, clippy :: cast_possible_truncation, reason =\n\""shift trait impls normalize counts to usize; checked conversions panic instead of truncating on narrow targets\"")]""},{""other"":""#[attr = Inline(Hint)]""},{""other"":""#[attr = TrackCaller]""}]"	"{""generics"":{""params"":[],""where_predicates"":[]},""header"":{""abi"":""Rust"",""is_async"":false,""is_const"":false,""is_unsafe"":false},""sig"":{""inputs"":[[""self"",{""borrowed_ref"":{""is_mutable"":true,""lifetime"":null,""type"":{""generic"":""Self""}}}],[""shift"",{""primitive"":""u8""}]],""is_c_variadic"":false,""output"":null}}"
arbi_anafis::ArbiInt	arbi_anafis::ArbiInt	trait	core::ops::bit::ShlAssign<u8>	trait_impl	ShlAssign	src/int/api/ops/shift.rs	351	[]	[]	"{""generics"":{""params"":[],""where_predicates"":[]},""is_negative"":false,""is_unsafe"":false,""provided_trait_methods"":[]}"
arbi_anafis::ArbiInt	arbi_anafis::ArbiInt	trait	core::ops::bit::ShlAssign<usize>	method	shl_assign	src/int/api/ops/shift.rs	351	[]	"[{""other"":""#[allow(clippy :: as_conversions, clippy :: cast_possible_truncation, reason =\n\""shift trait impls normalize counts to usize; checked conversions panic instead of truncating on narrow targets\"")]""},{""other"":""#[attr = Inline(Hint)]""},{""other"":""#[attr = TrackCaller]""}]"	"{""generics"":{""params"":[],""where_predicates"":[]},""header"":{""abi"":""Rust"",""is_async"":false,""is_const"":false,""is_unsafe"":false},""sig"":{""inputs"":[[""self"",{""borrowed_ref"":{""is_mutable"":true,""lifetime"":null,""type"":{""generic"":""Self""}}}],[""shift"",{""primitive"":""usize""}]],""is_c_variadic"":false,""output"":null}}"
arbi_anafis::ArbiInt	arbi_anafis::ArbiInt	trait	core::ops::bit::ShlAssign<usize>	trait_impl	ShlAssign	src/int/api/ops/shift.rs	351	[]	[]	"{""generics"":{""params"":[],""where_predicates"":[]},""is_negative"":false,""is_unsafe"":false,""provided_trait_methods"":[]}"
arbi_anafis::ArbiInt	arbi_anafis::ArbiInt	trait	core::ops::bit::Shr<i128>	assoc_type	Output	src/int/api/ops/shift.rs	350	[]	[]	"{""bounds"":[],""default_unstable"":null,""generics"":{""params"":[],""where_predicates"":[]},""type"":{""resolved_path"":{""args"":null,""path"":""arbi_anafis::ArbiInt""}}}"
arbi_anafis::ArbiInt	arbi_anafis::ArbiInt	trait	core::ops::bit::Shr<i128>	method	shr	src/int/api/ops/shift.rs	350	[]	"[{""other"":""#[allow(clippy :: as_conversions, clippy :: cast_possible_truncation, reason =\n\""shift trait impls normalize counts to usize; checked conversions panic instead of truncating on narrow targets\"")]""},{""other"":""#[attr = Inline(Hint)]""},{""other"":""#[attr = TrackCaller]""}]"	"{""generics"":{""params"":[],""where_predicates"":[]},""header"":{""abi"":""Rust"",""is_async"":false,""is_const"":false,""is_unsafe"":false},""sig"":{""inputs"":[[""self"",{""generic"":""Self""}],[""shift"",{""primitive"":""i128""}]],""is_c_variadic"":false,""output"":{""qualified_path"":{""args"":null,""name"":""Output"",""self_type"":{""generic"":""Self""},""trait"":{""args"":null,""path"":""core::ops::bit::Shr""}}}}}"
arbi_anafis::ArbiInt	arbi_anafis::ArbiInt	trait	core::ops::bit::Shr<i128>	trait_impl	Shr	src/int/api/ops/shift.rs	350	[]	[]	"{""generics"":{""params"":[],""where_predicates"":[]},""is_negative"":false,""is_unsafe"":false,""provided_trait_methods"":[]}"
arbi_anafis::ArbiInt	arbi_anafis::ArbiInt	trait	core::ops::bit::Shr<i16>	assoc_type	Output	src/int/api/ops/shift.rs	350	[]	[]	"{""bounds"":[],""default_unstable"":null,""generics"":{""params"":[],""where_predicates"":[]},""type"":{""resolved_path"":{""args"":null,""path"":""arbi_anafis::ArbiInt""}}}"
arbi_anafis::ArbiInt	arbi_anafis::ArbiInt	trait	core::ops::bit::Shr<i16>	method	shr	src/int/api/ops/shift.rs	350	[]	"[{""other"":""#[allow(clippy :: as_conversions, clippy :: cast_possible_truncation, reason =\n\""shift trait impls normalize counts to usize; checked conversions panic instead of truncating on narrow targets\"")]""},{""other"":""#[attr = Inline(Hint)]""},{""other"":""#[attr = TrackCaller]""}]"	"{""generics"":{""params"":[],""where_predicates"":[]},""header"":{""abi"":""Rust"",""is_async"":false,""is_const"":false,""is_unsafe"":false},""sig"":{""inputs"":[[""self"",{""generic"":""Self""}],[""shift"",{""primitive"":""i16""}]],""is_c_variadic"":false,""output"":{""qualified_path"":{""args"":null,""name"":""Output"",""self_type"":{""generic"":""Self""},""trait"":{""args"":null,""path"":""core::ops::bit::Shr""}}}}}"
arbi_anafis::ArbiInt	arbi_anafis::ArbiInt	trait	core::ops::bit::Shr<i16>	trait_impl	Shr	src/int/api/ops/shift.rs	350	[]	[]	"{""generics"":{""params"":[],""where_predicates"":[]},""is_negative"":false,""is_unsafe"":false,""provided_trait_methods"":[]}"
arbi_anafis::ArbiInt	arbi_anafis::ArbiInt	trait	core::ops::bit::Shr<i32>	assoc_type	Output	src/int/api/ops/shift.rs	350	[]	[]	"{""bounds"":[],""default_unstable"":null,""generics"":{""params"":[],""where_predicates"":[]},""type"":{""resolved_path"":{""args"":null,""path"":""arbi_anafis::ArbiInt""}}}"
arbi_anafis::ArbiInt	arbi_anafis::ArbiInt	trait	core::ops::bit::Shr<i32>	method	shr	src/int/api/ops/shift.rs	350	[]	"[{""other"":""#[allow(clippy :: as_conversions, clippy :: cast_possible_truncation, reason =\n\""shift trait impls normalize counts to usize; checked conversions panic instead of truncating on narrow targets\"")]""},{""other"":""#[attr = Inline(Hint)]""},{""other"":""#[attr = TrackCaller]""}]"	"{""generics"":{""params"":[],""where_predicates"":[]},""header"":{""abi"":""Rust"",""is_async"":false,""is_const"":false,""is_unsafe"":false},""sig"":{""inputs"":[[""self"",{""generic"":""Self""}],[""shift"",{""primitive"":""i32""}]],""is_c_variadic"":false,""output"":{""qualified_path"":{""args"":null,""name"":""Output"",""self_type"":{""generic"":""Self""},""trait"":{""args"":null,""path"":""core::ops::bit::Shr""}}}}}"
arbi_anafis::ArbiInt	arbi_anafis::ArbiInt	trait	core::ops::bit::Shr<i32>	trait_impl	Shr	src/int/api/ops/shift.rs	350	[]	[]	"{""generics"":{""params"":[],""where_predicates"":[]},""is_negative"":false,""is_unsafe"":false,""provided_trait_methods"":[]}"
arbi_anafis::ArbiInt	arbi_anafis::ArbiInt	trait	core::ops::bit::Shr<i64>	assoc_type	Output	src/int/api/ops/shift.rs	350	[]	[]	"{""bounds"":[],""default_unstable"":null,""generics"":{""params"":[],""where_predicates"":[]},""type"":{""resolved_path"":{""args"":null,""path"":""arbi_anafis::ArbiInt""}}}"
arbi_anafis::ArbiInt	arbi_anafis::ArbiInt	trait	core::ops::bit::Shr<i64>	method	shr	src/int/api/ops/shift.rs	350	[]	"[{""other"":""#[allow(clippy :: as_conversions, clippy :: cast_possible_truncation, reason =\n\""shift trait impls normalize counts to usize; checked conversions panic instead of truncating on narrow targets\"")]""},{""other"":""#[attr = Inline(Hint)]""},{""other"":""#[attr = TrackCaller]""}]"	"{""generics"":{""params"":[],""where_predicates"":[]},""header"":{""abi"":""Rust"",""is_async"":false,""is_const"":false,""is_unsafe"":false},""sig"":{""inputs"":[[""self"",{""generic"":""Self""}],[""shift"",{""primitive"":""i64""}]],""is_c_variadic"":false,""output"":{""qualified_path"":{""args"":null,""name"":""Output"",""self_type"":{""generic"":""Self""},""trait"":{""args"":null,""path"":""core::ops::bit::Shr""}}}}}"
arbi_anafis::ArbiInt	arbi_anafis::ArbiInt	trait	core::ops::bit::Shr<i64>	trait_impl	Shr	src/int/api/ops/shift.rs	350	[]	[]	"{""generics"":{""params"":[],""where_predicates"":[]},""is_negative"":false,""is_unsafe"":false,""provided_trait_methods"":[]}"
arbi_anafis::ArbiInt	arbi_anafis::ArbiInt	trait	core::ops::bit::Shr<i8>	assoc_type	Output	src/int/api/ops/shift.rs	350	[]	[]	"{""bounds"":[],""default_unstable"":null,""generics"":{""params"":[],""where_predicates"":[]},""type"":{""resolved_path"":{""args"":null,""path"":""arbi_anafis::ArbiInt""}}}"
arbi_anafis::ArbiInt	arbi_anafis::ArbiInt	trait	core::ops::bit::Shr<i8>	method	shr	src/int/api/ops/shift.rs	350	[]	"[{""other"":""#[allow(clippy :: as_conversions, clippy :: cast_possible_truncation, reason =\n\""shift trait impls normalize counts to usize; checked conversions panic instead of truncating on narrow targets\"")]""},{""other"":""#[attr = Inline(Hint)]""},{""other"":""#[attr = TrackCaller]""}]"	"{""generics"":{""params"":[],""where_predicates"":[]},""header"":{""abi"":""Rust"",""is_async"":false,""is_const"":false,""is_unsafe"":false},""sig"":{""inputs"":[[""self"",{""generic"":""Self""}],[""shift"",{""primitive"":""i8""}]],""is_c_variadic"":false,""output"":{""qualified_path"":{""args"":null,""name"":""Output"",""self_type"":{""generic"":""Self""},""trait"":{""args"":null,""path"":""core::ops::bit::Shr""}}}}}"
arbi_anafis::ArbiInt	arbi_anafis::ArbiInt	trait	core::ops::bit::Shr<i8>	trait_impl	Shr	src/int/api/ops/shift.rs	350	[]	[]	"{""generics"":{""params"":[],""where_predicates"":[]},""is_negative"":false,""is_unsafe"":false,""provided_trait_methods"":[]}"
arbi_anafis::ArbiInt	arbi_anafis::ArbiInt	trait	core::ops::bit::Shr<isize>	assoc_type	Output	src/int/api/ops/shift.rs	350	[]	[]	"{""bounds"":[],""default_unstable"":null,""generics"":{""params"":[],""where_predicates"":[]},""type"":{""resolved_path"":{""args"":null,""path"":""arbi_anafis::ArbiInt""}}}"
arbi_anafis::ArbiInt	arbi_anafis::ArbiInt	trait	core::ops::bit::Shr<isize>	method	shr	src/int/api/ops/shift.rs	350	[]	"[{""other"":""#[allow(clippy :: as_conversions, clippy :: cast_possible_truncation, reason =\n\""shift trait impls normalize counts to usize; checked conversions panic instead of truncating on narrow targets\"")]""},{""other"":""#[attr = Inline(Hint)]""},{""other"":""#[attr = TrackCaller]""}]"	"{""generics"":{""params"":[],""where_predicates"":[]},""header"":{""abi"":""Rust"",""is_async"":false,""is_const"":false,""is_unsafe"":false},""sig"":{""inputs"":[[""self"",{""generic"":""Self""}],[""shift"",{""primitive"":""isize""}]],""is_c_variadic"":false,""output"":{""qualified_path"":{""args"":null,""name"":""Output"",""self_type"":{""generic"":""Self""},""trait"":{""args"":null,""path"":""core::ops::bit::Shr""}}}}}"
arbi_anafis::ArbiInt	arbi_anafis::ArbiInt	trait	core::ops::bit::Shr<isize>	trait_impl	Shr	src/int/api/ops/shift.rs	350	[]	[]	"{""generics"":{""params"":[],""where_predicates"":[]},""is_negative"":false,""is_unsafe"":false,""provided_trait_methods"":[]}"
arbi_anafis::ArbiInt	arbi_anafis::ArbiInt	trait	core::ops::bit::Shr<u128>	assoc_type	Output	src/int/api/ops/shift.rs	350	[]	[]	"{""bounds"":[],""default_unstable"":null,""generics"":{""params"":[],""where_predicates"":[]},""type"":{""resolved_path"":{""args"":null,""path"":""arbi_anafis::ArbiInt""}}}"
arbi_anafis::ArbiInt	arbi_anafis::ArbiInt	trait	core::ops::bit::Shr<u128>	method	shr	src/int/api/ops/shift.rs	350	[]	"[{""other"":""#[allow(clippy :: as_conversions, clippy :: cast_possible_truncation, reason =\n\""shift trait impls normalize counts to usize; checked conversions panic instead of truncating on narrow targets\"")]""},{""other"":""#[attr = Inline(Hint)]""},{""other"":""#[attr = TrackCaller]""}]"	"{""generics"":{""params"":[],""where_predicates"":[]},""header"":{""abi"":""Rust"",""is_async"":false,""is_const"":false,""is_unsafe"":false},""sig"":{""inputs"":[[""self"",{""generic"":""Self""}],[""shift"",{""primitive"":""u128""}]],""is_c_variadic"":false,""output"":{""qualified_path"":{""args"":null,""name"":""Output"",""self_type"":{""generic"":""Self""},""trait"":{""args"":null,""path"":""core::ops::bit::Shr""}}}}}"
arbi_anafis::ArbiInt	arbi_anafis::ArbiInt	trait	core::ops::bit::Shr<u128>	trait_impl	Shr	src/int/api/ops/shift.rs	350	[]	[]	"{""generics"":{""params"":[],""where_predicates"":[]},""is_negative"":false,""is_unsafe"":false,""provided_trait_methods"":[]}"
arbi_anafis::ArbiInt	arbi_anafis::ArbiInt	trait	core::ops::bit::Shr<u16>	assoc_type	Output	src/int/api/ops/shift.rs	350	[]	[]	"{""bounds"":[],""default_unstable"":null,""generics"":{""params"":[],""where_predicates"":[]},""type"":{""resolved_path"":{""args"":null,""path"":""arbi_anafis::ArbiInt""}}}"
arbi_anafis::ArbiInt	arbi_anafis::ArbiInt	trait	core::ops::bit::Shr<u16>	method	shr	src/int/api/ops/shift.rs	350	[]	"[{""other"":""#[allow(clippy :: as_conversions, clippy :: cast_possible_truncation, reason =\n\""shift trait impls normalize counts to usize; checked conversions panic instead of truncating on narrow targets\"")]""},{""other"":""#[attr = Inline(Hint)]""},{""other"":""#[attr = TrackCaller]""}]"	"{""generics"":{""params"":[],""where_predicates"":[]},""header"":{""abi"":""Rust"",""is_async"":false,""is_const"":false,""is_unsafe"":false},""sig"":{""inputs"":[[""self"",{""generic"":""Self""}],[""shift"",{""primitive"":""u16""}]],""is_c_variadic"":false,""output"":{""qualified_path"":{""args"":null,""name"":""Output"",""self_type"":{""generic"":""Self""},""trait"":{""args"":null,""path"":""core::ops::bit::Shr""}}}}}"
arbi_anafis::ArbiInt	arbi_anafis::ArbiInt	trait	core::ops::bit::Shr<u16>	trait_impl	Shr	src/int/api/ops/shift.rs	350	[]	[]	"{""generics"":{""params"":[],""where_predicates"":[]},""is_negative"":false,""is_unsafe"":false,""provided_trait_methods"":[]}"
arbi_anafis::ArbiInt	arbi_anafis::ArbiInt	trait	core::ops::bit::Shr<u32>	assoc_type	Output	src/int/api/ops/shift.rs	350	[]	[]	"{""bounds"":[],""default_unstable"":null,""generics"":{""params"":[],""where_predicates"":[]},""type"":{""resolved_path"":{""args"":null,""path"":""arbi_anafis::ArbiInt""}}}"
arbi_anafis::ArbiInt	arbi_anafis::ArbiInt	trait	core::ops::bit::Shr<u32>	method	shr	src/int/api/ops/shift.rs	350	[]	"[{""other"":""#[allow(clippy :: as_conversions, clippy :: cast_possible_truncation, reason =\n\""shift trait impls normalize counts to usize; checked conversions panic instead of truncating on narrow targets\"")]""},{""other"":""#[attr = Inline(Hint)]""},{""other"":""#[attr = TrackCaller]""}]"	"{""generics"":{""params"":[],""where_predicates"":[]},""header"":{""abi"":""Rust"",""is_async"":false,""is_const"":false,""is_unsafe"":false},""sig"":{""inputs"":[[""self"",{""generic"":""Self""}],[""shift"",{""primitive"":""u32""}]],""is_c_variadic"":false,""output"":{""qualified_path"":{""args"":null,""name"":""Output"",""self_type"":{""generic"":""Self""},""trait"":{""args"":null,""path"":""core::ops::bit::Shr""}}}}}"
arbi_anafis::ArbiInt	arbi_anafis::ArbiInt	trait	core::ops::bit::Shr<u32>	trait_impl	Shr	src/int/api/ops/shift.rs	350	[]	[]	"{""generics"":{""params"":[],""where_predicates"":[]},""is_negative"":false,""is_unsafe"":false,""provided_trait_methods"":[]}"
arbi_anafis::ArbiInt	arbi_anafis::ArbiInt	trait	core::ops::bit::Shr<u64>	assoc_type	Output	src/int/api/ops/shift.rs	350	[]	[]	"{""bounds"":[],""default_unstable"":null,""generics"":{""params"":[],""where_predicates"":[]},""type"":{""resolved_path"":{""args"":null,""path"":""arbi_anafis::ArbiInt""}}}"
arbi_anafis::ArbiInt	arbi_anafis::ArbiInt	trait	core::ops::bit::Shr<u64>	method	shr	src/int/api/ops/shift.rs	350	[]	"[{""other"":""#[allow(clippy :: as_conversions, clippy :: cast_possible_truncation, reason =\n\""shift trait impls normalize counts to usize; checked conversions panic instead of truncating on narrow targets\"")]""},{""other"":""#[attr = Inline(Hint)]""},{""other"":""#[attr = TrackCaller]""}]"	"{""generics"":{""params"":[],""where_predicates"":[]},""header"":{""abi"":""Rust"",""is_async"":false,""is_const"":false,""is_unsafe"":false},""sig"":{""inputs"":[[""self"",{""generic"":""Self""}],[""shift"",{""primitive"":""u64""}]],""is_c_variadic"":false,""output"":{""qualified_path"":{""args"":null,""name"":""Output"",""self_type"":{""generic"":""Self""},""trait"":{""args"":null,""path"":""core::ops::bit::Shr""}}}}}"
arbi_anafis::ArbiInt	arbi_anafis::ArbiInt	trait	core::ops::bit::Shr<u64>	trait_impl	Shr	src/int/api/ops/shift.rs	350	[]	[]	"{""generics"":{""params"":[],""where_predicates"":[]},""is_negative"":false,""is_unsafe"":false,""provided_trait_methods"":[]}"
arbi_anafis::ArbiInt	arbi_anafis::ArbiInt	trait	core::ops::bit::Shr<u8>	assoc_type	Output	src/int/api/ops/shift.rs	350	[]	[]	"{""bounds"":[],""default_unstable"":null,""generics"":{""params"":[],""where_predicates"":[]},""type"":{""resolved_path"":{""args"":null,""path"":""arbi_anafis::ArbiInt""}}}"
arbi_anafis::ArbiInt	arbi_anafis::ArbiInt	trait	core::ops::bit::Shr<u8>	method	shr	src/int/api/ops/shift.rs	350	[]	"[{""other"":""#[allow(clippy :: as_conversions, clippy :: cast_possible_truncation, reason =\n\""shift trait impls normalize counts to usize; checked conversions panic instead of truncating on narrow targets\"")]""},{""other"":""#[attr = Inline(Hint)]""},{""other"":""#[attr = TrackCaller]""}]"	"{""generics"":{""params"":[],""where_predicates"":[]},""header"":{""abi"":""Rust"",""is_async"":false,""is_const"":false,""is_unsafe"":false},""sig"":{""inputs"":[[""self"",{""generic"":""Self""}],[""shift"",{""primitive"":""u8""}]],""is_c_variadic"":false,""output"":{""qualified_path"":{""args"":null,""name"":""Output"",""self_type"":{""generic"":""Self""},""trait"":{""args"":null,""path"":""core::ops::bit::Shr""}}}}}"
arbi_anafis::ArbiInt	arbi_anafis::ArbiInt	trait	core::ops::bit::Shr<u8>	trait_impl	Shr	src/int/api/ops/shift.rs	350	[]	[]	"{""generics"":{""params"":[],""where_predicates"":[]},""is_negative"":false,""is_unsafe"":false,""provided_trait_methods"":[]}"
arbi_anafis::ArbiInt	arbi_anafis::ArbiInt	trait	core::ops::bit::Shr<usize>	assoc_type	Output	src/int/api/ops/shift.rs	350	[]	[]	"{""bounds"":[],""default_unstable"":null,""generics"":{""params"":[],""where_predicates"":[]},""type"":{""resolved_path"":{""args"":null,""path"":""arbi_anafis::ArbiInt""}}}"
arbi_anafis::ArbiInt	arbi_anafis::ArbiInt	trait	core::ops::bit::Shr<usize>	method	shr	src/int/api/ops/shift.rs	350	[]	"[{""other"":""#[allow(clippy :: as_conversions, clippy :: cast_possible_truncation, reason =\n\""shift trait impls normalize counts to usize; checked conversions panic instead of truncating on narrow targets\"")]""},{""other"":""#[attr = Inline(Hint)]""},{""other"":""#[attr = TrackCaller]""}]"	"{""generics"":{""params"":[],""where_predicates"":[]},""header"":{""abi"":""Rust"",""is_async"":false,""is_const"":false,""is_unsafe"":false},""sig"":{""inputs"":[[""self"",{""generic"":""Self""}],[""shift"",{""primitive"":""usize""}]],""is_c_variadic"":false,""output"":{""qualified_path"":{""args"":null,""name"":""Output"",""self_type"":{""generic"":""Self""},""trait"":{""args"":null,""path"":""core::ops::bit::Shr""}}}}}"
arbi_anafis::ArbiInt	arbi_anafis::ArbiInt	trait	core::ops::bit::Shr<usize>	trait_impl	Shr	src/int/api/ops/shift.rs	350	[]	[]	"{""generics"":{""params"":[],""where_predicates"":[]},""is_negative"":false,""is_unsafe"":false,""provided_trait_methods"":[]}"
arbi_anafis::ArbiInt	arbi_anafis::ArbiInt	trait	core::ops::bit::ShrAssign<i128>	method	shr_assign	src/int/api/ops/shift.rs	352	[]	"[{""other"":""#[allow(clippy :: as_conversions, clippy :: cast_possible_truncation, reason =\n\""shift trait impls normalize counts to usize; checked conversions panic instead of truncating on narrow targets\"")]""},{""other"":""#[attr = Inline(Hint)]""},{""other"":""#[attr = TrackCaller]""}]"	"{""generics"":{""params"":[],""where_predicates"":[]},""header"":{""abi"":""Rust"",""is_async"":false,""is_const"":false,""is_unsafe"":false},""sig"":{""inputs"":[[""self"",{""borrowed_ref"":{""is_mutable"":true,""lifetime"":null,""type"":{""generic"":""Self""}}}],[""shift"",{""primitive"":""i128""}]],""is_c_variadic"":false,""output"":null}}"
arbi_anafis::ArbiInt	arbi_anafis::ArbiInt	trait	core::ops::bit::ShrAssign<i128>	trait_impl	ShrAssign	src/int/api/ops/shift.rs	352	[]	[]	"{""generics"":{""params"":[],""where_predicates"":[]},""is_negative"":false,""is_unsafe"":false,""provided_trait_methods"":[]}"
arbi_anafis::ArbiInt	arbi_anafis::ArbiInt	trait	core::ops::bit::ShrAssign<i16>	method	shr_assign	src/int/api/ops/shift.rs	352	[]	"[{""other"":""#[allow(clippy :: as_conversions, clippy :: cast_possible_truncation, reason =\n\""shift trait impls normalize counts to usize; checked conversions panic instead of truncating on narrow targets\"")]""},{""other"":""#[attr = Inline(Hint)]""},{""other"":""#[attr = TrackCaller]""}]"	"{""generics"":{""params"":[],""where_predicates"":[]},""header"":{""abi"":""Rust"",""is_async"":false,""is_const"":false,""is_unsafe"":false},""sig"":{""inputs"":[[""self"",{""borrowed_ref"":{""is_mutable"":true,""lifetime"":null,""type"":{""generic"":""Self""}}}],[""shift"",{""primitive"":""i16""}]],""is_c_variadic"":false,""output"":null}}"
arbi_anafis::ArbiInt	arbi_anafis::ArbiInt	trait	core::ops::bit::ShrAssign<i16>	trait_impl	ShrAssign	src/int/api/ops/shift.rs	352	[]	[]	"{""generics"":{""params"":[],""where_predicates"":[]},""is_negative"":false,""is_unsafe"":false,""provided_trait_methods"":[]}"
arbi_anafis::ArbiInt	arbi_anafis::ArbiInt	trait	core::ops::bit::ShrAssign<i32>	method	shr_assign	src/int/api/ops/shift.rs	352	[]	"[{""other"":""#[allow(clippy :: as_conversions, clippy :: cast_possible_truncation, reason =\n\""shift trait impls normalize counts to usize; checked conversions panic instead of truncating on narrow targets\"")]""},{""other"":""#[attr = Inline(Hint)]""},{""other"":""#[attr = TrackCaller]""}]"	"{""generics"":{""params"":[],""where_predicates"":[]},""header"":{""abi"":""Rust"",""is_async"":false,""is_const"":false,""is_unsafe"":false},""sig"":{""inputs"":[[""self"",{""borrowed_ref"":{""is_mutable"":true,""lifetime"":null,""type"":{""generic"":""Self""}}}],[""shift"",{""primitive"":""i32""}]],""is_c_variadic"":false,""output"":null}}"
arbi_anafis::ArbiInt	arbi_anafis::ArbiInt	trait	core::ops::bit::ShrAssign<i32>	trait_impl	ShrAssign	src/int/api/ops/shift.rs	352	[]	[]	"{""generics"":{""params"":[],""where_predicates"":[]},""is_negative"":false,""is_unsafe"":false,""provided_trait_methods"":[]}"
arbi_anafis::ArbiInt	arbi_anafis::ArbiInt	trait	core::ops::bit::ShrAssign<i64>	method	shr_assign	src/int/api/ops/shift.rs	352	[]	"[{""other"":""#[allow(clippy :: as_conversions, clippy :: cast_possible_truncation, reason =\n\""shift trait impls normalize counts to usize; checked conversions panic instead of truncating on narrow targets\"")]""},{""other"":""#[attr = Inline(Hint)]""},{""other"":""#[attr = TrackCaller]""}]"	"{""generics"":{""params"":[],""where_predicates"":[]},""header"":{""abi"":""Rust"",""is_async"":false,""is_const"":false,""is_unsafe"":false},""sig"":{""inputs"":[[""self"",{""borrowed_ref"":{""is_mutable"":true,""lifetime"":null,""type"":{""generic"":""Self""}}}],[""shift"",{""primitive"":""i64""}]],""is_c_variadic"":false,""output"":null}}"
arbi_anafis::ArbiInt	arbi_anafis::ArbiInt	trait	core::ops::bit::ShrAssign<i64>	trait_impl	ShrAssign	src/int/api/ops/shift.rs	352	[]	[]	"{""generics"":{""params"":[],""where_predicates"":[]},""is_negative"":false,""is_unsafe"":false,""provided_trait_methods"":[]}"
arbi_anafis::ArbiInt	arbi_anafis::ArbiInt	trait	core::ops::bit::ShrAssign<i8>	method	shr_assign	src/int/api/ops/shift.rs	352	[]	"[{""other"":""#[allow(clippy :: as_conversions, clippy :: cast_possible_truncation, reason =\n\""shift trait impls normalize counts to usize; checked conversions panic instead of truncating on narrow targets\"")]""},{""other"":""#[attr = Inline(Hint)]""},{""other"":""#[attr = TrackCaller]""}]"	"{""generics"":{""params"":[],""where_predicates"":[]},""header"":{""abi"":""Rust"",""is_async"":false,""is_const"":false,""is_unsafe"":false},""sig"":{""inputs"":[[""self"",{""borrowed_ref"":{""is_mutable"":true,""lifetime"":null,""type"":{""generic"":""Self""}}}],[""shift"",{""primitive"":""i8""}]],""is_c_variadic"":false,""output"":null}}"
arbi_anafis::ArbiInt	arbi_anafis::ArbiInt	trait	core::ops::bit::ShrAssign<i8>	trait_impl	ShrAssign	src/int/api/ops/shift.rs	352	[]	[]	"{""generics"":{""params"":[],""where_predicates"":[]},""is_negative"":false,""is_unsafe"":false,""provided_trait_methods"":[]}"
arbi_anafis::ArbiInt	arbi_anafis::ArbiInt	trait	core::ops::bit::ShrAssign<isize>	method	shr_assign	src/int/api/ops/shift.rs	352	[]	"[{""other"":""#[allow(clippy :: as_conversions, clippy :: cast_possible_truncation, reason =\n\""shift trait impls normalize counts to usize; checked conversions panic instead of truncating on narrow targets\"")]""},{""other"":""#[attr = Inline(Hint)]""},{""other"":""#[attr = TrackCaller]""}]"	"{""generics"":{""params"":[],""where_predicates"":[]},""header"":{""abi"":""Rust"",""is_async"":false,""is_const"":false,""is_unsafe"":false},""sig"":{""inputs"":[[""self"",{""borrowed_ref"":{""is_mutable"":true,""lifetime"":null,""type"":{""generic"":""Self""}}}],[""shift"",{""primitive"":""isize""}]],""is_c_variadic"":false,""output"":null}}"
arbi_anafis::ArbiInt	arbi_anafis::ArbiInt	trait	core::ops::bit::ShrAssign<isize>	trait_impl	ShrAssign	src/int/api/ops/shift.rs	352	[]	[]	"{""generics"":{""params"":[],""where_predicates"":[]},""is_negative"":false,""is_unsafe"":false,""provided_trait_methods"":[]}"
arbi_anafis::ArbiInt	arbi_anafis::ArbiInt	trait	core::ops::bit::ShrAssign<u128>	method	shr_assign	src/int/api/ops/shift.rs	352	[]	"[{""other"":""#[allow(clippy :: as_conversions, clippy :: cast_possible_truncation, reason =\n\""shift trait impls normalize counts to usize; checked conversions panic instead of truncating on narrow targets\"")]""},{""other"":""#[attr = Inline(Hint)]""},{""other"":""#[attr = TrackCaller]""}]"	"{""generics"":{""params"":[],""where_predicates"":[]},""header"":{""abi"":""Rust"",""is_async"":false,""is_const"":false,""is_unsafe"":false},""sig"":{""inputs"":[[""self"",{""borrowed_ref"":{""is_mutable"":true,""lifetime"":null,""type"":{""generic"":""Self""}}}],[""shift"",{""primitive"":""u128""}]],""is_c_variadic"":false,""output"":null}}"
arbi_anafis::ArbiInt	arbi_anafis::ArbiInt	trait	core::ops::bit::ShrAssign<u128>	trait_impl	ShrAssign	src/int/api/ops/shift.rs	352	[]	[]	"{""generics"":{""params"":[],""where_predicates"":[]},""is_negative"":false,""is_unsafe"":false,""provided_trait_methods"":[]}"
arbi_anafis::ArbiInt	arbi_anafis::ArbiInt	trait	core::ops::bit::ShrAssign<u16>	method	shr_assign	src/int/api/ops/shift.rs	352	[]	"[{""other"":""#[allow(clippy :: as_conversions, clippy :: cast_possible_truncation, reason =\n\""shift trait impls normalize counts to usize; checked conversions panic instead of truncating on narrow targets\"")]""},{""other"":""#[attr = Inline(Hint)]""},{""other"":""#[attr = TrackCaller]""}]"	"{""generics"":{""params"":[],""where_predicates"":[]},""header"":{""abi"":""Rust"",""is_async"":false,""is_const"":false,""is_unsafe"":false},""sig"":{""inputs"":[[""self"",{""borrowed_ref"":{""is_mutable"":true,""lifetime"":null,""type"":{""generic"":""Self""}}}],[""shift"",{""primitive"":""u16""}]],""is_c_variadic"":false,""output"":null}}"
arbi_anafis::ArbiInt	arbi_anafis::ArbiInt	trait	core::ops::bit::ShrAssign<u16>	trait_impl	ShrAssign	src/int/api/ops/shift.rs	352	[]	[]	"{""generics"":{""params"":[],""where_predicates"":[]},""is_negative"":false,""is_unsafe"":false,""provided_trait_methods"":[]}"
arbi_anafis::ArbiInt	arbi_anafis::ArbiInt	trait	core::ops::bit::ShrAssign<u32>	method	shr_assign	src/int/api/ops/shift.rs	352	[]	"[{""other"":""#[allow(clippy :: as_conversions, clippy :: cast_possible_truncation, reason =\n\""shift trait impls normalize counts to usize; checked conversions panic instead of truncating on narrow targets\"")]""},{""other"":""#[attr = Inline(Hint)]""},{""other"":""#[attr = TrackCaller]""}]"	"{""generics"":{""params"":[],""where_predicates"":[]},""header"":{""abi"":""Rust"",""is_async"":false,""is_const"":false,""is_unsafe"":false},""sig"":{""inputs"":[[""self"",{""borrowed_ref"":{""is_mutable"":true,""lifetime"":null,""type"":{""generic"":""Self""}}}],[""shift"",{""primitive"":""u32""}]],""is_c_variadic"":false,""output"":null}}"
arbi_anafis::ArbiInt	arbi_anafis::ArbiInt	trait	core::ops::bit::ShrAssign<u32>	trait_impl	ShrAssign	src/int/api/ops/shift.rs	352	[]	[]	"{""generics"":{""params"":[],""where_predicates"":[]},""is_negative"":false,""is_unsafe"":false,""provided_trait_methods"":[]}"
arbi_anafis::ArbiInt	arbi_anafis::ArbiInt	trait	core::ops::bit::ShrAssign<u64>	method	shr_assign	src/int/api/ops/shift.rs	352	[]	"[{""other"":""#[allow(clippy :: as_conversions, clippy :: cast_possible_truncation, reason =\n\""shift trait impls normalize counts to usize; checked conversions panic instead of truncating on narrow targets\"")]""},{""other"":""#[attr = Inline(Hint)]""},{""other"":""#[attr = TrackCaller]""}]"	"{""generics"":{""params"":[],""where_predicates"":[]},""header"":{""abi"":""Rust"",""is_async"":false,""is_const"":false,""is_unsafe"":false},""sig"":{""inputs"":[[""self"",{""borrowed_ref"":{""is_mutable"":true,""lifetime"":null,""type"":{""generic"":""Self""}}}],[""shift"",{""primitive"":""u64""}]],""is_c_variadic"":false,""output"":null}}"
arbi_anafis::ArbiInt	arbi_anafis::ArbiInt	trait	core::ops::bit::ShrAssign<u64>	trait_impl	ShrAssign	src/int/api/ops/shift.rs	352	[]	[]	"{""generics"":{""params"":[],""where_predicates"":[]},""is_negative"":false,""is_unsafe"":false,""provided_trait_methods"":[]}"
arbi_anafis::ArbiInt	arbi_anafis::ArbiInt	trait	core::ops::bit::ShrAssign<u8>	method	shr_assign	src/int/api/ops/shift.rs	352	[]	"[{""other"":""#[allow(clippy :: as_conversions, clippy :: cast_possible_truncation, reason =\n\""shift trait impls normalize counts to usize; checked conversions panic instead of truncating on narrow targets\"")]""},{""other"":""#[attr = Inline(Hint)]""},{""other"":""#[attr = TrackCaller]""}]"	"{""generics"":{""params"":[],""where_predicates"":[]},""header"":{""abi"":""Rust"",""is_async"":false,""is_const"":false,""is_unsafe"":false},""sig"":{""inputs"":[[""self"",{""borrowed_ref"":{""is_mutable"":true,""lifetime"":null,""type"":{""generic"":""Self""}}}],[""shift"",{""primitive"":""u8""}]],""is_c_variadic"":false,""output"":null}}"
arbi_anafis::ArbiInt	arbi_anafis::ArbiInt	trait	core::ops::bit::ShrAssign<u8>	trait_impl	ShrAssign	src/int/api/ops/shift.rs	352	[]	[]	"{""generics"":{""params"":[],""where_predicates"":[]},""is_negative"":false,""is_unsafe"":false,""provided_trait_methods"":[]}"
arbi_anafis::ArbiInt	arbi_anafis::ArbiInt	trait	core::ops::bit::ShrAssign<usize>	method	shr_assign	src/int/api/ops/shift.rs	352	[]	"[{""other"":""#[allow(clippy :: as_conversions, clippy :: cast_possible_truncation, reason =\n\""shift trait impls normalize counts to usize; checked conversions panic instead of truncating on narrow targets\"")]""},{""other"":""#[attr = Inline(Hint)]""},{""other"":""#[attr = TrackCaller]""}]"	"{""generics"":{""params"":[],""where_predicates"":[]},""header"":{""abi"":""Rust"",""is_async"":false,""is_const"":false,""is_unsafe"":false},""sig"":{""inputs"":[[""self"",{""borrowed_ref"":{""is_mutable"":true,""lifetime"":null,""type"":{""generic"":""Self""}}}],[""shift"",{""primitive"":""usize""}]],""is_c_variadic"":false,""output"":null}}"
arbi_anafis::ArbiInt	arbi_anafis::ArbiInt	trait	core::ops::bit::ShrAssign<usize>	trait_impl	ShrAssign	src/int/api/ops/shift.rs	352	[]	[]	"{""generics"":{""params"":[],""where_predicates"":[]},""is_negative"":false,""is_unsafe"":false,""provided_trait_methods"":[]}"
arbi_anafis::ArbiInt	arbi_anafis::ArbiInt	trait	core::str::traits::FromStr	assoc_type	Err	src/int/api/string.rs	133	[]	[]	"{""bounds"":[],""default_unstable"":null,""generics"":{""params"":[],""where_predicates"":[]},""type"":{""resolved_path"":{""args"":null,""path"":""arbi_anafis::ParseArbiIntError""}}}"
arbi_anafis::ArbiInt	arbi_anafis::ArbiInt	trait	core::str::traits::FromStr	associated_function	from_str	src/int/api/string.rs	134	[]	[]	"{""generics"":{""params"":[],""where_predicates"":[]},""header"":{""abi"":""Rust"",""is_async"":false,""is_const"":false,""is_unsafe"":false},""sig"":{""inputs"":[[""s"",{""borrowed_ref"":{""is_mutable"":false,""lifetime"":null,""type"":{""primitive"":""str""}}}]],""is_c_variadic"":false,""output"":{""resolved_path"":{""args"":{""angle_bracketed"":{""args"":[{""type"":{""generic"":""Self""}},{""type"":{""qualified_path"":{""args"":null,""name"":""Err"",""self_type"":{""generic"":""Self""},""trait"":{""args"":null,""path"":""core::str::traits::FromStr""}}}}],""constraints"":[]}},""path"":""core::result::Result""}}}}"
arbi_anafis::ArbiInt	arbi_anafis::ArbiInt	trait	core::str::traits::FromStr	trait_impl	FromStr	src/int/api/string.rs	132	[]	[]	"{""generics"":{""params"":[],""where_predicates"":[]},""is_negative"":false,""is_unsafe"":false,""provided_trait_methods"":[]}"
arbi_anafis::ArbiInt	arbi_anafis::ArbiInt	trait	num_traits::Num	assoc_type	FromStrRadixErr	src/int/api/num_traits.rs	55	"[{""other"":""#[attr = CfgTrace([NameValue { name: \""feature\"", value: Some(\""num-traits\""), span: src/int/api/mod.rs:13:7: 13:29 (#0) },\nNameValue { name: \""feature\"", value: Some(\""num-traits\""), span: src/int/api/num_traits.rs:3:8: 3:30 (#0) }])]""}]"	[]	"{""bounds"":[],""default_unstable"":null,""generics"":{""params"":[],""where_predicates"":[]},""type"":{""resolved_path"":{""args"":null,""path"":""arbi_anafis::ParseArbiIntError""}}}"
arbi_anafis::ArbiInt	arbi_anafis::ArbiInt	trait	num_traits::Num	associated_function	from_str_radix	src/int/api/num_traits.rs	56	"[{""other"":""#[attr = CfgTrace([NameValue { name: \""feature\"", value: Some(\""num-traits\""), span: src/int/api/mod.rs:13:7: 13:29 (#0) },\nNameValue { name: \""feature\"", value: Some(\""num-traits\""), span: src/int/api/num_traits.rs:3:8: 3:30 (#0) }])]""}]"	[]	"{""generics"":{""params"":[],""where_predicates"":[]},""header"":{""abi"":""Rust"",""is_async"":false,""is_const"":false,""is_unsafe"":false},""sig"":{""inputs"":[[""str"",{""borrowed_ref"":{""is_mutable"":false,""lifetime"":null,""type"":{""primitive"":""str""}}}],[""radix"",{""primitive"":""u32""}]],""is_c_variadic"":false,""output"":{""resolved_path"":{""args"":{""angle_bracketed"":{""args"":[{""type"":{""generic"":""Self""}},{""type"":{""qualified_path"":{""args"":null,""name"":""FromStrRadixErr"",""self_type"":{""generic"":""Self""},""trait"":{""args"":null,""path"":""num_traits::Num""}}}}],""constraints"":[]}},""path"":""core::result::Result""}}}}"
arbi_anafis::ArbiInt	arbi_anafis::ArbiInt	trait	num_traits::Num	trait_impl	Num	src/int/api/num_traits.rs	54	"[{""other"":""#[attr = CfgTrace([NameValue { name: \""feature\"", value: Some(\""num-traits\""), span: src/int/api/mod.rs:13:7: 13:29 (#0) },\nNameValue { name: \""feature\"", value: Some(\""num-traits\""), span: src/int/api/num_traits.rs:3:8: 3:30 (#0) }])]""}]"	[]	"{""generics"":{""params"":[],""where_predicates"":[]},""is_negative"":false,""is_unsafe"":false,""provided_trait_methods"":[]}"
arbi_anafis::ArbiInt	arbi_anafis::ArbiInt	trait	num_traits::cast::FromPrimitive	associated_function	from_i128	src/int/api/num_traits.rs	176	"[{""other"":""#[attr = CfgTrace([NameValue { name: \""feature\"", value: Some(\""num-traits\""), span: src/int/api/mod.rs:13:7: 13:29 (#0) },\nNameValue { name: \""feature\"", value: Some(\""num-traits\""), span: src/int/api/num_traits.rs:3:8: 3:30 (#0) }])]""}]"	"[{""other"":""#[attr = Inline(Hint)]""}]"	"{""generics"":{""params"":[],""where_predicates"":[]},""header"":{""abi"":""Rust"",""is_async"":false,""is_const"":false,""is_unsafe"":false},""sig"":{""inputs"":[[""n"",{""primitive"":""i128""}]],""is_c_variadic"":false,""output"":{""resolved_path"":{""args"":{""angle_bracketed"":{""args"":[{""type"":{""generic"":""Self""}}],""constraints"":[]}},""path"":""core::option::Option""}}}}"
arbi_anafis::ArbiInt	arbi_anafis::ArbiInt	trait	num_traits::cast::FromPrimitive	associated_function	from_i64	src/int/api/num_traits.rs	172	"[{""other"":""#[attr = CfgTrace([NameValue { name: \""feature\"", value: Some(\""num-traits\""), span: src/int/api/mod.rs:13:7: 13:29 (#0) },\nNameValue { name: \""feature\"", value: Some(\""num-traits\""), span: src/int/api/num_traits.rs:3:8: 3:30 (#0) }])]""}]"	"[{""other"":""#[attr = Inline(Hint)]""}]"	"{""generics"":{""params"":[],""where_predicates"":[]},""header"":{""abi"":""Rust"",""is_async"":false,""is_const"":false,""is_unsafe"":false},""sig"":{""inputs"":[[""n"",{""primitive"":""i64""}]],""is_c_variadic"":false,""output"":{""resolved_path"":{""args"":{""angle_bracketed"":{""args"":[{""type"":{""generic"":""Self""}}],""constraints"":[]}},""path"":""core::option::Option""}}}}"
arbi_anafis::ArbiInt	arbi_anafis::ArbiInt	trait	num_traits::cast::FromPrimitive	associated_function	from_isize	src/int/api/num_traits.rs	180	"[{""other"":""#[attr = CfgTrace([NameValue { name: \""feature\"", value: Some(\""num-traits\""), span: src/int/api/mod.rs:13:7: 13:29 (#0) },\nNameValue { name: \""feature\"", value: Some(\""num-traits\""), span: src/int/api/num_traits.rs:3:8: 3:30 (#0) }])]""}]"	"[{""other"":""#[attr = Inline(Hint)]""}]"	"{""generics"":{""params"":[],""where_predicates"":[]},""header"":{""abi"":""Rust"",""is_async"":false,""is_const"":false,""is_unsafe"":false},""sig"":{""inputs"":[[""n"",{""primitive"":""isize""}]],""is_c_variadic"":false,""output"":{""resolved_path"":{""args"":{""angle_bracketed"":{""args"":[{""type"":{""generic"":""Self""}}],""constraints"":[]}},""path"":""core::option::Option""}}}}"
arbi_anafis::ArbiInt	arbi_anafis::ArbiInt	trait	num_traits::cast::FromPrimitive	associated_function	from_u128	src/int/api/num_traits.rs	188	"[{""other"":""#[attr = CfgTrace([NameValue { name: \""feature\"", value: Some(\""num-traits\""), span: src/int/api/mod.rs:13:7: 13:29 (#0) },\nNameValue { name: \""feature\"", value: Some(\""num-traits\""), span: src/int/api/num_traits.rs:3:8: 3:30 (#0) }])]""}]"	"[{""other"":""#[attr = Inline(Hint)]""}]"	"{""generics"":{""params"":[],""where_predicates"":[]},""header"":{""abi"":""Rust"",""is_async"":false,""is_const"":false,""is_unsafe"":false},""sig"":{""inputs"":[[""n"",{""primitive"":""u128""}]],""is_c_variadic"":false,""output"":{""resolved_path"":{""args"":{""angle_bracketed"":{""args"":[{""type"":{""generic"":""Self""}}],""constraints"":[]}},""path"":""core::option::Option""}}}}"
arbi_anafis::ArbiInt	arbi_anafis::ArbiInt	trait	num_traits::cast::FromPrimitive	associated_function	from_u64	src/int/api/num_traits.rs	184	"[{""other"":""#[attr = CfgTrace([NameValue { name: \""feature\"", value: Some(\""num-traits\""), span: src/int/api/mod.rs:13:7: 13:29 (#0) },\nNameValue { name: \""feature\"", value: Some(\""num-traits\""), span: src/int/api/num_traits.rs:3:8: 3:30 (#0) }])]""}]"	"[{""other"":""#[attr = Inline(Hint)]""}]"	"{""generics"":{""params"":[],""where_predicates"":[]},""header"":{""abi"":""Rust"",""is_async"":false,""is_const"":false,""is_unsafe"":false},""sig"":{""inputs"":[[""n"",{""primitive"":""u64""}]],""is_c_variadic"":false,""output"":{""resolved_path"":{""args"":{""angle_bracketed"":{""args"":[{""type"":{""generic"":""Self""}}],""constraints"":[]}},""path"":""core::option::Option""}}}}"
arbi_anafis::ArbiInt	arbi_anafis::ArbiInt	trait	num_traits::cast::FromPrimitive	associated_function	from_usize	src/int/api/num_traits.rs	192	"[{""other"":""#[attr = CfgTrace([NameValue { name: \""feature\"", value: Some(\""num-traits\""), span: src/int/api/mod.rs:13:7: 13:29 (#0) },\nNameValue { name: \""feature\"", value: Some(\""num-traits\""), span: src/int/api/num_traits.rs:3:8: 3:30 (#0) }])]""}]"	"[{""other"":""#[attr = Inline(Hint)]""}]"	"{""generics"":{""params"":[],""where_predicates"":[]},""header"":{""abi"":""Rust"",""is_async"":false,""is_const"":false,""is_unsafe"":false},""sig"":{""inputs"":[[""n"",{""primitive"":""usize""}]],""is_c_variadic"":false,""output"":{""resolved_path"":{""args"":{""angle_bracketed"":{""args"":[{""type"":{""generic"":""Self""}}],""constraints"":[]}},""path"":""core::option::Option""}}}}"
arbi_anafis::ArbiInt	arbi_anafis::ArbiInt	trait	num_traits::cast::FromPrimitive	trait_impl	FromPrimitive	src/int/api/num_traits.rs	170	"[{""other"":""#[attr = CfgTrace([NameValue { name: \""feature\"", value: Some(\""num-traits\""), span: src/int/api/mod.rs:13:7: 13:29 (#0) },\nNameValue { name: \""feature\"", value: Some(\""num-traits\""), span: src/int/api/num_traits.rs:3:8: 3:30 (#0) }])]""}]"	[]	"{""generics"":{""params"":[],""where_predicates"":[]},""is_negative"":false,""is_unsafe"":false,""provided_trait_methods"":[""from_f32"",""from_f64"",""from_i128"",""from_i16"",""from_i32"",""from_i8"",""from_isize"",""from_u128"",""from_u16"",""from_u32"",""from_u8"",""from_usize""]}"
arbi_anafis::ArbiInt	arbi_anafis::ArbiInt	trait	num_traits::cast::ToPrimitive	method	to_f32	src/int/api/num_traits.rs	138	"[{""other"":""#[attr = CfgTrace([NameValue { name: \""feature\"", value: Some(\""num-traits\""), span: src/int/api/mod.rs:13:7: 13:29 (#0) },\nNameValue { name: \""feature\"", value: Some(\""num-traits\""), span: src/int/api/num_traits.rs:3:8: 3:30 (#0) }])]""}]"	"[{""other"":""#[attr = Inline(Hint)]""}]"	"{""generics"":{""params"":[],""where_predicates"":[]},""header"":{""abi"":""Rust"",""is_async"":false,""is_const"":false,""is_unsafe"":false},""sig"":{""inputs"":[[""self"",{""borrowed_ref"":{""is_mutable"":false,""lifetime"":null,""type"":{""generic"":""Self""}}}]],""is_c_variadic"":false,""output"":{""resolved_path"":{""args"":{""angle_bracketed"":{""args"":[{""type"":{""primitive"":""f32""}}],""constraints"":[]}},""path"":""core::option::Option""}}}}"
arbi_anafis::ArbiInt	arbi_anafis::ArbiInt	trait	num_traits::cast::ToPrimitive	method	to_f64	src/int/api/num_traits.rs	134	"[{""other"":""#[attr = CfgTrace([NameValue { name: \""feature\"", value: Some(\""num-traits\""), span: src/int/api/mod.rs:13:7: 13:29 (#0) },\nNameValue { name: \""feature\"", value: Some(\""num-traits\""), span: src/int/api/num_traits.rs:3:8: 3:30 (#0) }])]""}]"	"[{""other"":""#[attr = Inline(Hint)]""}]"	"{""generics"":{""params"":[],""where_predicates"":[]},""header"":{""abi"":""Rust"",""is_async"":false,""is_const"":false,""is_unsafe"":false},""sig"":{""inputs"":[[""self"",{""borrowed_ref"":{""is_mutable"":false,""lifetime"":null,""type"":{""generic"":""Self""}}}]],""is_c_variadic"":false,""output"":{""resolved_path"":{""args"":{""angle_bracketed"":{""args"":[{""type"":{""primitive"":""f64""}}],""constraints"":[]}},""path"":""core::option::Option""}}}}"
arbi_anafis::ArbiInt	arbi_anafis::ArbiInt	trait	num_traits::cast::ToPrimitive	method	to_i128	src/int/api/num_traits.rs	114	"[{""other"":""#[attr = CfgTrace([NameValue { name: \""feature\"", value: Some(\""num-traits\""), span: src/int/api/mod.rs:13:7: 13:29 (#0) },\nNameValue { name: \""feature\"", value: Some(\""num-traits\""), span: src/int/api/num_traits.rs:3:8: 3:30 (#0) }])]""}]"	"[{""other"":""#[attr = Inline(Hint)]""}]"	"{""generics"":{""params"":[],""where_predicates"":[]},""header"":{""abi"":""Rust"",""is_async"":false,""is_const"":false,""is_unsafe"":false},""sig"":{""inputs"":[[""self"",{""borrowed_ref"":{""is_mutable"":false,""lifetime"":null,""type"":{""generic"":""Self""}}}]],""is_c_variadic"":false,""output"":{""resolved_path"":{""args"":{""angle_bracketed"":{""args"":[{""type"":{""primitive"":""i128""}}],""constraints"":[]}},""path"":""core::option::Option""}}}}"
arbi_anafis::ArbiInt	arbi_anafis::ArbiInt	trait	num_traits::cast::ToPrimitive	method	to_i64	src/int/api/num_traits.rs	110	"[{""other"":""#[attr = CfgTrace([NameValue { name: \""feature\"", value: Some(\""num-traits\""), span: src/int/api/mod.rs:13:7: 13:29 (#0) },\nNameValue { name: \""feature\"", value: Some(\""num-traits\""), span: src/int/api/num_traits.rs:3:8: 3:30 (#0) }])]""}]"	"[{""other"":""#[attr = Inline(Hint)]""}]"	"{""generics"":{""params"":[],""where_predicates"":[]},""header"":{""abi"":""Rust"",""is_async"":false,""is_const"":false,""is_unsafe"":false},""sig"":{""inputs"":[[""self"",{""borrowed_ref"":{""is_mutable"":false,""lifetime"":null,""type"":{""generic"":""Self""}}}]],""is_c_variadic"":false,""output"":{""resolved_path"":{""args"":{""angle_bracketed"":{""args"":[{""type"":{""primitive"":""i64""}}],""constraints"":[]}},""path"":""core::option::Option""}}}}"
arbi_anafis::ArbiInt	arbi_anafis::ArbiInt	trait	num_traits::cast::ToPrimitive	method	to_isize	src/int/api/num_traits.rs	118	"[{""other"":""#[attr = CfgTrace([NameValue { name: \""feature\"", value: Some(\""num-traits\""), span: src/int/api/mod.rs:13:7: 13:29 (#0) },\nNameValue { name: \""feature\"", value: Some(\""num-traits\""), span: src/int/api/num_traits.rs:3:8: 3:30 (#0) }])]""}]"	"[{""other"":""#[attr = Inline(Hint)]""}]"	"{""generics"":{""params"":[],""where_predicates"":[]},""header"":{""abi"":""Rust"",""is_async"":false,""is_const"":false,""is_unsafe"":false},""sig"":{""inputs"":[[""self"",{""borrowed_ref"":{""is_mutable"":false,""lifetime"":null,""type"":{""generic"":""Self""}}}]],""is_c_variadic"":false,""output"":{""resolved_path"":{""args"":{""angle_bracketed"":{""args"":[{""type"":{""primitive"":""isize""}}],""constraints"":[]}},""path"":""core::option::Option""}}}}"
arbi_anafis::ArbiInt	arbi_anafis::ArbiInt	trait	num_traits::cast::ToPrimitive	method	to_u128	src/int/api/num_traits.rs	126	"[{""other"":""#[attr = CfgTrace([NameValue { name: \""feature\"", value: Some(\""num-traits\""), span: src/int/api/mod.rs:13:7: 13:29 (#0) },\nNameValue { name: \""feature\"", value: Some(\""num-traits\""), span: src/int/api/num_traits.rs:3:8: 3:30 (#0) }])]""}]"	"[{""other"":""#[attr = Inline(Hint)]""}]"	"{""generics"":{""params"":[],""where_predicates"":[]},""header"":{""abi"":""Rust"",""is_async"":false,""is_const"":false,""is_unsafe"":false},""sig"":{""inputs"":[[""self"",{""borrowed_ref"":{""is_mutable"":false,""lifetime"":null,""type"":{""generic"":""Self""}}}]],""is_c_variadic"":false,""output"":{""resolved_path"":{""args"":{""angle_bracketed"":{""args"":[{""type"":{""primitive"":""u128""}}],""constraints"":[]}},""path"":""core::option::Option""}}}}"
arbi_anafis::ArbiInt	arbi_anafis::ArbiInt	trait	num_traits::cast::ToPrimitive	method	to_u64	src/int/api/num_traits.rs	122	"[{""other"":""#[attr = CfgTrace([NameValue { name: \""feature\"", value: Some(\""num-traits\""), span: src/int/api/mod.rs:13:7: 13:29 (#0) },\nNameValue { name: \""feature\"", value: Some(\""num-traits\""), span: src/int/api/num_traits.rs:3:8: 3:30 (#0) }])]""}]"	"[{""other"":""#[attr = Inline(Hint)]""}]"	"{""generics"":{""params"":[],""where_predicates"":[]},""header"":{""abi"":""Rust"",""is_async"":false,""is_const"":false,""is_unsafe"":false},""sig"":{""inputs"":[[""self"",{""borrowed_ref"":{""is_mutable"":false,""lifetime"":null,""type"":{""generic"":""Self""}}}]],""is_c_variadic"":false,""output"":{""resolved_path"":{""args"":{""angle_bracketed"":{""args"":[{""type"":{""primitive"":""u64""}}],""constraints"":[]}},""path"":""core::option::Option""}}}}"
arbi_anafis::ArbiInt	arbi_anafis::ArbiInt	trait	num_traits::cast::ToPrimitive	method	to_usize	src/int/api/num_traits.rs	130	"[{""other"":""#[attr = CfgTrace([NameValue { name: \""feature\"", value: Some(\""num-traits\""), span: src/int/api/mod.rs:13:7: 13:29 (#0) },\nNameValue { name: \""feature\"", value: Some(\""num-traits\""), span: src/int/api/num_traits.rs:3:8: 3:30 (#0) }])]""}]"	"[{""other"":""#[attr = Inline(Hint)]""}]"	"{""generics"":{""params"":[],""where_predicates"":[]},""header"":{""abi"":""Rust"",""is_async"":false,""is_const"":false,""is_unsafe"":false},""sig"":{""inputs"":[[""self"",{""borrowed_ref"":{""is_mutable"":false,""lifetime"":null,""type"":{""generic"":""Self""}}}]],""is_c_variadic"":false,""output"":{""resolved_path"":{""args"":{""angle_bracketed"":{""args"":[{""type"":{""primitive"":""usize""}}],""constraints"":[]}},""path"":""core::option::Option""}}}}"
arbi_anafis::ArbiInt	arbi_anafis::ArbiInt	trait	num_traits::cast::ToPrimitive	trait_impl	ToPrimitive	src/int/api/num_traits.rs	108	"[{""other"":""#[attr = CfgTrace([NameValue { name: \""feature\"", value: Some(\""num-traits\""), span: src/int/api/mod.rs:13:7: 13:29 (#0) },\nNameValue { name: \""feature\"", value: Some(\""num-traits\""), span: src/int/api/num_traits.rs:3:8: 3:30 (#0) }])]""}]"	[]	"{""generics"":{""params"":[],""where_predicates"":[]},""is_negative"":false,""is_unsafe"":false,""provided_trait_methods"":[""to_f32"",""to_f64"",""to_i128"",""to_i16"",""to_i32"",""to_i8"",""to_isize"",""to_u128"",""to_u16"",""to_u32"",""to_u8"",""to_usize""]}"
arbi_anafis::ArbiInt	arbi_anafis::ArbiInt	trait	num_traits::identities::One	associated_function	one	src/int/api/num_traits.rs	39	"[{""other"":""#[attr = CfgTrace([NameValue { name: \""feature\"", value: Some(\""num-traits\""), span: src/int/api/mod.rs:13:7: 13:29 (#0) },\nNameValue { name: \""feature\"", value: Some(\""num-traits\""), span: src/int/api/num_traits.rs:3:8: 3:30 (#0) }])]""}]"	[]	"{""generics"":{""params"":[],""where_predicates"":[]},""header"":{""abi"":""Rust"",""is_async"":false,""is_const"":false,""is_unsafe"":false},""sig"":{""inputs"":[],""is_c_variadic"":false,""output"":{""generic"":""Self""}}}"
arbi_anafis::ArbiInt	arbi_anafis::ArbiInt	trait	num_traits::identities::One	method	is_one	src/int/api/num_traits.rs	42	"[{""other"":""#[attr = CfgTrace([NameValue { name: \""feature\"", value: Some(\""num-traits\""), span: src/int/api/mod.rs:13:7: 13:29 (#0) },\nNameValue { name: \""feature\"", value: Some(\""num-traits\""), span: src/int/api/num_traits.rs:3:8: 3:30 (#0) }])]""}]"	[]	"{""generics"":{""params"":[],""where_predicates"":[]},""header"":{""abi"":""Rust"",""is_async"":false,""is_const"":false,""is_unsafe"":false},""sig"":{""inputs"":[[""self"",{""borrowed_ref"":{""is_mutable"":false,""lifetime"":null,""type"":{""generic"":""Self""}}}]],""is_c_variadic"":false,""output"":{""primitive"":""bool""}}}"
arbi_anafis::ArbiInt	arbi_anafis::ArbiInt	trait	num_traits::identities::One	trait_impl	One	src/int/api/num_traits.rs	38	"[{""other"":""#[attr = CfgTrace([NameValue { name: \""feature\"", value: Some(\""num-traits\""), span: src/int/api/mod.rs:13:7: 13:29 (#0) },\nNameValue { name: \""feature\"", value: Some(\""num-traits\""), span: src/int/api/num_traits.rs:3:8: 3:30 (#0) }])]""}]"	[]	"{""generics"":{""params"":[],""where_predicates"":[]},""is_negative"":false,""is_unsafe"":false,""provided_trait_methods"":[""is_one"",""set_one""]}"
arbi_anafis::ArbiInt	arbi_anafis::ArbiInt	trait	num_traits::identities::Zero	associated_function	zero	src/int/api/num_traits.rs	21	"[{""other"":""#[attr = CfgTrace([NameValue { name: \""feature\"", value: Some(\""num-traits\""), span: src/int/api/mod.rs:13:7: 13:29 (#0) },\nNameValue { name: \""feature\"", value: Some(\""num-traits\""), span: src/int/api/num_traits.rs:3:8: 3:30 (#0) }])]""}]"	[]	"{""generics"":{""params"":[],""where_predicates"":[]},""header"":{""abi"":""Rust"",""is_async"":false,""is_const"":false,""is_unsafe"":false},""sig"":{""inputs"":[],""is_c_variadic"":false,""output"":{""generic"":""Self""}}}"
arbi_anafis::ArbiInt	arbi_anafis::ArbiInt	trait	num_traits::identities::Zero	method	is_zero	src/int/api/num_traits.rs	24	"[{""other"":""#[attr = CfgTrace([NameValue { name: \""feature\"", value: Some(\""num-traits\""), span: src/int/api/mod.rs:13:7: 13:29 (#0) },\nNameValue { name: \""feature\"", value: Some(\""num-traits\""), span: src/int/api/num_traits.rs:3:8: 3:30 (#0) }])]""}]"	[]	"{""generics"":{""params"":[],""where_predicates"":[]},""header"":{""abi"":""Rust"",""is_async"":false,""is_const"":false,""is_unsafe"":false},""sig"":{""inputs"":[[""self"",{""borrowed_ref"":{""is_mutable"":false,""lifetime"":null,""type"":{""generic"":""Self""}}}]],""is_c_variadic"":false,""output"":{""primitive"":""bool""}}}"
arbi_anafis::ArbiInt	arbi_anafis::ArbiInt	trait	num_traits::identities::Zero	trait_impl	Zero	src/int/api/num_traits.rs	20	"[{""other"":""#[attr = CfgTrace([NameValue { name: \""feature\"", value: Some(\""num-traits\""), span: src/int/api/mod.rs:13:7: 13:29 (#0) },\nNameValue { name: \""feature\"", value: Some(\""num-traits\""), span: src/int/api/num_traits.rs:3:8: 3:30 (#0) }])]""}]"	[]	"{""generics"":{""params"":[],""where_predicates"":[]},""is_negative"":false,""is_unsafe"":false,""provided_trait_methods"":[""set_zero""]}"
arbi_anafis::ArbiInt	arbi_anafis::ArbiInt	trait	num_traits::sign::Signed	method	abs	src/int/api/num_traits.rs	64	"[{""other"":""#[attr = CfgTrace([NameValue { name: \""feature\"", value: Some(\""num-traits\""), span: src/int/api/mod.rs:13:7: 13:29 (#0) },\nNameValue { name: \""feature\"", value: Some(\""num-traits\""), span: src/int/api/num_traits.rs:3:8: 3:30 (#0) }])]""}]"	[]	"{""generics"":{""params"":[],""where_predicates"":[]},""header"":{""abi"":""Rust"",""is_async"":false,""is_const"":false,""is_unsafe"":false},""sig"":{""inputs"":[[""self"",{""borrowed_ref"":{""is_mutable"":false,""lifetime"":null,""type"":{""generic"":""Self""}}}]],""is_c_variadic"":false,""output"":{""generic"":""Self""}}}"
arbi_anafis::ArbiInt	arbi_anafis::ArbiInt	trait	num_traits::sign::Signed	method	abs_sub	src/int/api/num_traits.rs	67	"[{""other"":""#[attr = CfgTrace([NameValue { name: \""feature\"", value: Some(\""num-traits\""), span: src/int/api/mod.rs:13:7: 13:29 (#0) },\nNameValue { name: \""feature\"", value: Some(\""num-traits\""), span: src/int/api/num_traits.rs:3:8: 3:30 (#0) }])]""}]"	[]	"{""generics"":{""params"":[],""where_predicates"":[]},""header"":{""abi"":""Rust"",""is_async"":false,""is_const"":false,""is_unsafe"":false},""sig"":{""inputs"":[[""self"",{""borrowed_ref"":{""is_mutable"":false,""lifetime"":null,""type"":{""generic"":""Self""}}}],[""other"",{""borrowed_ref"":{""is_mutable"":false,""lifetime"":null,""type"":{""generic"":""Self""}}}]],""is_c_variadic"":false,""output"":{""generic"":""Self""}}}"
arbi_anafis::ArbiInt	arbi_anafis::ArbiInt	trait	num_traits::sign::Signed	method	is_negative	src/int/api/num_traits.rs	76	"[{""other"":""#[attr = CfgTrace([NameValue { name: \""feature\"", value: Some(\""num-traits\""), span: src/int/api/mod.rs:13:7: 13:29 (#0) },\nNameValue { name: \""feature\"", value: Some(\""num-traits\""), span: src/int/api/num_traits.rs:3:8: 3:30 (#0) }])]""}]"	[]	"{""generics"":{""params"":[],""where_predicates"":[]},""header"":{""abi"":""Rust"",""is_async"":false,""is_const"":false,""is_unsafe"":false},""sig"":{""inputs"":[[""self"",{""borrowed_ref"":{""is_mutable"":false,""lifetime"":null,""type"":{""generic"":""Self""}}}]],""is_c_variadic"":false,""output"":{""primitive"":""bool""}}}"
arbi_anafis::ArbiInt	arbi_anafis::ArbiInt	trait	num_traits::sign::Signed	method	is_positive	src/int/api/num_traits.rs	73	"[{""other"":""#[attr = CfgTrace([NameValue { name: \""feature\"", value: Some(\""num-traits\""), span: src/int/api/mod.rs:13:7: 13:29 (#0) },\nNameValue { name: \""feature\"", value: Some(\""num-traits\""), span: src/int/api/num_traits.rs:3:8: 3:30 (#0) }])]""}]"	[]	"{""generics"":{""params"":[],""where_predicates"":[]},""header"":{""abi"":""Rust"",""is_async"":false,""is_const"":false,""is_unsafe"":false},""sig"":{""inputs"":[[""self"",{""borrowed_ref"":{""is_mutable"":false,""lifetime"":null,""type"":{""generic"":""Self""}}}]],""is_c_variadic"":false,""output"":{""primitive"":""bool""}}}"
arbi_anafis::ArbiInt	arbi_anafis::ArbiInt	trait	num_traits::sign::Signed	method	signum	src/int/api/num_traits.rs	70	"[{""other"":""#[attr = CfgTrace([NameValue { name: \""feature\"", value: Some(\""num-traits\""), span: src/int/api/mod.rs:13:7: 13:29 (#0) },\nNameValue { name: \""feature\"", value: Some(\""num-traits\""), span: src/int/api/num_traits.rs:3:8: 3:30 (#0) }])]""}]"	[]	"{""generics"":{""params"":[],""where_predicates"":[]},""header"":{""abi"":""Rust"",""is_async"":false,""is_const"":false,""is_unsafe"":false},""sig"":{""inputs"":[[""self"",{""borrowed_ref"":{""is_mutable"":false,""lifetime"":null,""type"":{""generic"":""Self""}}}]],""is_c_variadic"":false,""output"":{""generic"":""Self""}}}"
arbi_anafis::ArbiInt	arbi_anafis::ArbiInt	trait	num_traits::sign::Signed	trait_impl	Signed	src/int/api/num_traits.rs	63	"[{""other"":""#[attr = CfgTrace([NameValue { name: \""feature\"", value: Some(\""num-traits\""), span: src/int/api/mod.rs:13:7: 13:29 (#0) },\nNameValue { name: \""feature\"", value: Some(\""num-traits\""), span: src/int/api/num_traits.rs:3:8: 3:30 (#0) }])]""}]"	[]	"{""generics"":{""params"":[],""where_predicates"":[]},""is_negative"":false,""is_unsafe"":false,""provided_trait_methods"":[]}"
arbi_anafis::ArbiInt	arbi_anafis::ArbiInt	type		struct	ArbiInt	src/int/api/types.rs	14	[]	[]	"{""generics"":{""params"":[],""where_predicates"":[]},""shape"":{""has_private_fields"":true,""kind"":""plain"",""public_fields"":[]}}"
arbi_anafis::ArbiInt	i128	trait	core::convert::TryFrom<arbi_anafis::ArbiInt>	assoc_type	Error	src/int/api/convert.rs	319	[]	[]	"{""bounds"":[],""default_unstable"":null,""generics"":{""params"":[],""where_predicates"":[]},""type"":{""resolved_path"":{""args"":null,""path"":""arbi_anafis::ArbiError""}}}"
arbi_anafis::ArbiInt	i128	trait	core::convert::TryFrom<arbi_anafis::ArbiInt>	associated_function	try_from	src/int/api/convert.rs	319	[]	[]	"{""generics"":{""params"":[],""where_predicates"":[]},""header"":{""abi"":""Rust"",""is_async"":false,""is_const"":false,""is_unsafe"":false},""sig"":{""inputs"":[[""value"",{""resolved_path"":{""args"":null,""path"":""arbi_anafis::ArbiInt""}}]],""is_c_variadic"":false,""output"":{""resolved_path"":{""args"":{""angle_bracketed"":{""args"":[{""type"":{""generic"":""Self""}},{""type"":{""qualified_path"":{""args"":null,""name"":""Error"",""self_type"":{""generic"":""Self""},""trait"":{""args"":null,""path"":""core::convert::TryFrom""}}}}],""constraints"":[]}},""path"":""core::result::Result""}}}}"
arbi_anafis::ArbiInt	i128	trait	core::convert::TryFrom<arbi_anafis::ArbiInt>	trait_impl	TryFrom	src/int/api/convert.rs	319	[]	[]	"{""generics"":{""params"":[],""where_predicates"":[]},""is_negative"":false,""is_unsafe"":false,""provided_trait_methods"":[]}"
arbi_anafis::ArbiInt	i16	trait	core::convert::TryFrom<arbi_anafis::ArbiInt>	assoc_type	Error	src/int/api/convert.rs	319	[]	[]	"{""bounds"":[],""default_unstable"":null,""generics"":{""params"":[],""where_predicates"":[]},""type"":{""resolved_path"":{""args"":null,""path"":""arbi_anafis::ArbiError""}}}"
arbi_anafis::ArbiInt	i16	trait	core::convert::TryFrom<arbi_anafis::ArbiInt>	associated_function	try_from	src/int/api/convert.rs	319	[]	[]	"{""generics"":{""params"":[],""where_predicates"":[]},""header"":{""abi"":""Rust"",""is_async"":false,""is_const"":false,""is_unsafe"":false},""sig"":{""inputs"":[[""value"",{""resolved_path"":{""args"":null,""path"":""arbi_anafis::ArbiInt""}}]],""is_c_variadic"":false,""output"":{""resolved_path"":{""args"":{""angle_bracketed"":{""args"":[{""type"":{""generic"":""Self""}},{""type"":{""qualified_path"":{""args"":null,""name"":""Error"",""self_type"":{""generic"":""Self""},""trait"":{""args"":null,""path"":""core::convert::TryFrom""}}}}],""constraints"":[]}},""path"":""core::result::Result""}}}}"
arbi_anafis::ArbiInt	i16	trait	core::convert::TryFrom<arbi_anafis::ArbiInt>	trait_impl	TryFrom	src/int/api/convert.rs	319	[]	[]	"{""generics"":{""params"":[],""where_predicates"":[]},""is_negative"":false,""is_unsafe"":false,""provided_trait_methods"":[]}"
arbi_anafis::ArbiInt	i32	trait	core::convert::TryFrom<arbi_anafis::ArbiInt>	assoc_type	Error	src/int/api/convert.rs	319	[]	[]	"{""bounds"":[],""default_unstable"":null,""generics"":{""params"":[],""where_predicates"":[]},""type"":{""resolved_path"":{""args"":null,""path"":""arbi_anafis::ArbiError""}}}"
arbi_anafis::ArbiInt	i32	trait	core::convert::TryFrom<arbi_anafis::ArbiInt>	associated_function	try_from	src/int/api/convert.rs	319	[]	[]	"{""generics"":{""params"":[],""where_predicates"":[]},""header"":{""abi"":""Rust"",""is_async"":false,""is_const"":false,""is_unsafe"":false},""sig"":{""inputs"":[[""value"",{""resolved_path"":{""args"":null,""path"":""arbi_anafis::ArbiInt""}}]],""is_c_variadic"":false,""output"":{""resolved_path"":{""args"":{""angle_bracketed"":{""args"":[{""type"":{""generic"":""Self""}},{""type"":{""qualified_path"":{""args"":null,""name"":""Error"",""self_type"":{""generic"":""Self""},""trait"":{""args"":null,""path"":""core::convert::TryFrom""}}}}],""constraints"":[]}},""path"":""core::result::Result""}}}}"
arbi_anafis::ArbiInt	i32	trait	core::convert::TryFrom<arbi_anafis::ArbiInt>	trait_impl	TryFrom	src/int/api/convert.rs	319	[]	[]	"{""generics"":{""params"":[],""where_predicates"":[]},""is_negative"":false,""is_unsafe"":false,""provided_trait_methods"":[]}"
arbi_anafis::ArbiInt	i64	trait	core::convert::TryFrom<arbi_anafis::ArbiInt>	assoc_type	Error	src/int/api/convert.rs	319	[]	[]	"{""bounds"":[],""default_unstable"":null,""generics"":{""params"":[],""where_predicates"":[]},""type"":{""resolved_path"":{""args"":null,""path"":""arbi_anafis::ArbiError""}}}"
arbi_anafis::ArbiInt	i64	trait	core::convert::TryFrom<arbi_anafis::ArbiInt>	associated_function	try_from	src/int/api/convert.rs	319	[]	[]	"{""generics"":{""params"":[],""where_predicates"":[]},""header"":{""abi"":""Rust"",""is_async"":false,""is_const"":false,""is_unsafe"":false},""sig"":{""inputs"":[[""value"",{""resolved_path"":{""args"":null,""path"":""arbi_anafis::ArbiInt""}}]],""is_c_variadic"":false,""output"":{""resolved_path"":{""args"":{""angle_bracketed"":{""args"":[{""type"":{""generic"":""Self""}},{""type"":{""qualified_path"":{""args"":null,""name"":""Error"",""self_type"":{""generic"":""Self""},""trait"":{""args"":null,""path"":""core::convert::TryFrom""}}}}],""constraints"":[]}},""path"":""core::result::Result""}}}}"
arbi_anafis::ArbiInt	i64	trait	core::convert::TryFrom<arbi_anafis::ArbiInt>	trait_impl	TryFrom	src/int/api/convert.rs	319	[]	[]	"{""generics"":{""params"":[],""where_predicates"":[]},""is_negative"":false,""is_unsafe"":false,""provided_trait_methods"":[]}"
arbi_anafis::ArbiInt	i8	trait	core::convert::TryFrom<arbi_anafis::ArbiInt>	assoc_type	Error	src/int/api/convert.rs	319	[]	[]	"{""bounds"":[],""default_unstable"":null,""generics"":{""params"":[],""where_predicates"":[]},""type"":{""resolved_path"":{""args"":null,""path"":""arbi_anafis::ArbiError""}}}"
arbi_anafis::ArbiInt	i8	trait	core::convert::TryFrom<arbi_anafis::ArbiInt>	associated_function	try_from	src/int/api/convert.rs	319	[]	[]	"{""generics"":{""params"":[],""where_predicates"":[]},""header"":{""abi"":""Rust"",""is_async"":false,""is_const"":false,""is_unsafe"":false},""sig"":{""inputs"":[[""value"",{""resolved_path"":{""args"":null,""path"":""arbi_anafis::ArbiInt""}}]],""is_c_variadic"":false,""output"":{""resolved_path"":{""args"":{""angle_bracketed"":{""args"":[{""type"":{""generic"":""Self""}},{""type"":{""qualified_path"":{""args"":null,""name"":""Error"",""self_type"":{""generic"":""Self""},""trait"":{""args"":null,""path"":""core::convert::TryFrom""}}}}],""constraints"":[]}},""path"":""core::result::Result""}}}}"
arbi_anafis::ArbiInt	i8	trait	core::convert::TryFrom<arbi_anafis::ArbiInt>	trait_impl	TryFrom	src/int/api/convert.rs	319	[]	[]	"{""generics"":{""params"":[],""where_predicates"":[]},""is_negative"":false,""is_unsafe"":false,""provided_trait_methods"":[]}"
arbi_anafis::ArbiInt	isize	trait	core::convert::TryFrom<arbi_anafis::ArbiInt>	assoc_type	Error	src/int/api/convert.rs	319	[]	[]	"{""bounds"":[],""default_unstable"":null,""generics"":{""params"":[],""where_predicates"":[]},""type"":{""resolved_path"":{""args"":null,""path"":""arbi_anafis::ArbiError""}}}"
arbi_anafis::ArbiInt	isize	trait	core::convert::TryFrom<arbi_anafis::ArbiInt>	associated_function	try_from	src/int/api/convert.rs	319	[]	[]	"{""generics"":{""params"":[],""where_predicates"":[]},""header"":{""abi"":""Rust"",""is_async"":false,""is_const"":false,""is_unsafe"":false},""sig"":{""inputs"":[[""value"",{""resolved_path"":{""args"":null,""path"":""arbi_anafis::ArbiInt""}}]],""is_c_variadic"":false,""output"":{""resolved_path"":{""args"":{""angle_bracketed"":{""args"":[{""type"":{""generic"":""Self""}},{""type"":{""qualified_path"":{""args"":null,""name"":""Error"",""self_type"":{""generic"":""Self""},""trait"":{""args"":null,""path"":""core::convert::TryFrom""}}}}],""constraints"":[]}},""path"":""core::result::Result""}}}}"
arbi_anafis::ArbiInt	isize	trait	core::convert::TryFrom<arbi_anafis::ArbiInt>	trait_impl	TryFrom	src/int/api/convert.rs	319	[]	[]	"{""generics"":{""params"":[],""where_predicates"":[]},""is_negative"":false,""is_unsafe"":false,""provided_trait_methods"":[]}"
arbi_anafis::ArbiInt	u128	trait	core::convert::TryFrom<arbi_anafis::ArbiInt>	assoc_type	Error	src/int/api/convert.rs	318	[]	[]	"{""bounds"":[],""default_unstable"":null,""generics"":{""params"":[],""where_predicates"":[]},""type"":{""resolved_path"":{""args"":null,""path"":""arbi_anafis::ArbiError""}}}"
arbi_anafis::ArbiInt	u128	trait	core::convert::TryFrom<arbi_anafis::ArbiInt>	associated_function	try_from	src/int/api/convert.rs	318	[]	[]	"{""generics"":{""params"":[],""where_predicates"":[]},""header"":{""abi"":""Rust"",""is_async"":false,""is_const"":false,""is_unsafe"":false},""sig"":{""inputs"":[[""value"",{""resolved_path"":{""args"":null,""path"":""arbi_anafis::ArbiInt""}}]],""is_c_variadic"":false,""output"":{""resolved_path"":{""args"":{""angle_bracketed"":{""args"":[{""type"":{""generic"":""Self""}},{""type"":{""qualified_path"":{""args"":null,""name"":""Error"",""self_type"":{""generic"":""Self""},""trait"":{""args"":null,""path"":""core::convert::TryFrom""}}}}],""constraints"":[]}},""path"":""core::result::Result""}}}}"
arbi_anafis::ArbiInt	u128	trait	core::convert::TryFrom<arbi_anafis::ArbiInt>	trait_impl	TryFrom	src/int/api/convert.rs	318	[]	[]	"{""generics"":{""params"":[],""where_predicates"":[]},""is_negative"":false,""is_unsafe"":false,""provided_trait_methods"":[]}"
arbi_anafis::ArbiInt	u16	trait	core::convert::TryFrom<arbi_anafis::ArbiInt>	assoc_type	Error	src/int/api/convert.rs	318	[]	[]	"{""bounds"":[],""default_unstable"":null,""generics"":{""params"":[],""where_predicates"":[]},""type"":{""resolved_path"":{""args"":null,""path"":""arbi_anafis::ArbiError""}}}"
arbi_anafis::ArbiInt	u16	trait	core::convert::TryFrom<arbi_anafis::ArbiInt>	associated_function	try_from	src/int/api/convert.rs	318	[]	[]	"{""generics"":{""params"":[],""where_predicates"":[]},""header"":{""abi"":""Rust"",""is_async"":false,""is_const"":false,""is_unsafe"":false},""sig"":{""inputs"":[[""value"",{""resolved_path"":{""args"":null,""path"":""arbi_anafis::ArbiInt""}}]],""is_c_variadic"":false,""output"":{""resolved_path"":{""args"":{""angle_bracketed"":{""args"":[{""type"":{""generic"":""Self""}},{""type"":{""qualified_path"":{""args"":null,""name"":""Error"",""self_type"":{""generic"":""Self""},""trait"":{""args"":null,""path"":""core::convert::TryFrom""}}}}],""constraints"":[]}},""path"":""core::result::Result""}}}}"
arbi_anafis::ArbiInt	u16	trait	core::convert::TryFrom<arbi_anafis::ArbiInt>	trait_impl	TryFrom	src/int/api/convert.rs	318	[]	[]	"{""generics"":{""params"":[],""where_predicates"":[]},""is_negative"":false,""is_unsafe"":false,""provided_trait_methods"":[]}"
arbi_anafis::ArbiInt	u32	trait	core::convert::TryFrom<arbi_anafis::ArbiInt>	assoc_type	Error	src/int/api/convert.rs	318	[]	[]	"{""bounds"":[],""default_unstable"":null,""generics"":{""params"":[],""where_predicates"":[]},""type"":{""resolved_path"":{""args"":null,""path"":""arbi_anafis::ArbiError""}}}"
arbi_anafis::ArbiInt	u32	trait	core::convert::TryFrom<arbi_anafis::ArbiInt>	associated_function	try_from	src/int/api/convert.rs	318	[]	[]	"{""generics"":{""params"":[],""where_predicates"":[]},""header"":{""abi"":""Rust"",""is_async"":false,""is_const"":false,""is_unsafe"":false},""sig"":{""inputs"":[[""value"",{""resolved_path"":{""args"":null,""path"":""arbi_anafis::ArbiInt""}}]],""is_c_variadic"":false,""output"":{""resolved_path"":{""args"":{""angle_bracketed"":{""args"":[{""type"":{""generic"":""Self""}},{""type"":{""qualified_path"":{""args"":null,""name"":""Error"",""self_type"":{""generic"":""Self""},""trait"":{""args"":null,""path"":""core::convert::TryFrom""}}}}],""constraints"":[]}},""path"":""core::result::Result""}}}}"
arbi_anafis::ArbiInt	u32	trait	core::convert::TryFrom<arbi_anafis::ArbiInt>	trait_impl	TryFrom	src/int/api/convert.rs	318	[]	[]	"{""generics"":{""params"":[],""where_predicates"":[]},""is_negative"":false,""is_unsafe"":false,""provided_trait_methods"":[]}"
arbi_anafis::ArbiInt	u64	trait	core::convert::TryFrom<arbi_anafis::ArbiInt>	assoc_type	Error	src/int/api/convert.rs	318	[]	[]	"{""bounds"":[],""default_unstable"":null,""generics"":{""params"":[],""where_predicates"":[]},""type"":{""resolved_path"":{""args"":null,""path"":""arbi_anafis::ArbiError""}}}"
arbi_anafis::ArbiInt	u64	trait	core::convert::TryFrom<arbi_anafis::ArbiInt>	associated_function	try_from	src/int/api/convert.rs	318	[]	[]	"{""generics"":{""params"":[],""where_predicates"":[]},""header"":{""abi"":""Rust"",""is_async"":false,""is_const"":false,""is_unsafe"":false},""sig"":{""inputs"":[[""value"",{""resolved_path"":{""args"":null,""path"":""arbi_anafis::ArbiInt""}}]],""is_c_variadic"":false,""output"":{""resolved_path"":{""args"":{""angle_bracketed"":{""args"":[{""type"":{""generic"":""Self""}},{""type"":{""qualified_path"":{""args"":null,""name"":""Error"",""self_type"":{""generic"":""Self""},""trait"":{""args"":null,""path"":""core::convert::TryFrom""}}}}],""constraints"":[]}},""path"":""core::result::Result""}}}}"
arbi_anafis::ArbiInt	u64	trait	core::convert::TryFrom<arbi_anafis::ArbiInt>	trait_impl	TryFrom	src/int/api/convert.rs	318	[]	[]	"{""generics"":{""params"":[],""where_predicates"":[]},""is_negative"":false,""is_unsafe"":false,""provided_trait_methods"":[]}"
arbi_anafis::ArbiInt	u8	trait	core::convert::TryFrom<arbi_anafis::ArbiInt>	assoc_type	Error	src/int/api/convert.rs	318	[]	[]	"{""bounds"":[],""default_unstable"":null,""generics"":{""params"":[],""where_predicates"":[]},""type"":{""resolved_path"":{""args"":null,""path"":""arbi_anafis::ArbiError""}}}"
arbi_anafis::ArbiInt	u8	trait	core::convert::TryFrom<arbi_anafis::ArbiInt>	associated_function	try_from	src/int/api/convert.rs	318	[]	[]	"{""generics"":{""params"":[],""where_predicates"":[]},""header"":{""abi"":""Rust"",""is_async"":false,""is_const"":false,""is_unsafe"":false},""sig"":{""inputs"":[[""value"",{""resolved_path"":{""args"":null,""path"":""arbi_anafis::ArbiInt""}}]],""is_c_variadic"":false,""output"":{""resolved_path"":{""args"":{""angle_bracketed"":{""args"":[{""type"":{""generic"":""Self""}},{""type"":{""qualified_path"":{""args"":null,""name"":""Error"",""self_type"":{""generic"":""Self""},""trait"":{""args"":null,""path"":""core::convert::TryFrom""}}}}],""constraints"":[]}},""path"":""core::result::Result""}}}}"
arbi_anafis::ArbiInt	u8	trait	core::convert::TryFrom<arbi_anafis::ArbiInt>	trait_impl	TryFrom	src/int/api/convert.rs	318	[]	[]	"{""generics"":{""params"":[],""where_predicates"":[]},""is_negative"":false,""is_unsafe"":false,""provided_trait_methods"":[]}"
arbi_anafis::ArbiInt	usize	trait	core::convert::TryFrom<arbi_anafis::ArbiInt>	assoc_type	Error	src/int/api/convert.rs	318	[]	[]	"{""bounds"":[],""default_unstable"":null,""generics"":{""params"":[],""where_predicates"":[]},""type"":{""resolved_path"":{""args"":null,""path"":""arbi_anafis::ArbiError""}}}"
arbi_anafis::ArbiInt	usize	trait	core::convert::TryFrom<arbi_anafis::ArbiInt>	associated_function	try_from	src/int/api/convert.rs	318	[]	[]	"{""generics"":{""params"":[],""where_predicates"":[]},""header"":{""abi"":""Rust"",""is_async"":false,""is_const"":false,""is_unsafe"":false},""sig"":{""inputs"":[[""value"",{""resolved_path"":{""args"":null,""path"":""arbi_anafis::ArbiInt""}}]],""is_c_variadic"":false,""output"":{""resolved_path"":{""args"":{""angle_bracketed"":{""args"":[{""type"":{""generic"":""Self""}},{""type"":{""qualified_path"":{""args"":null,""name"":""Error"",""self_type"":{""generic"":""Self""},""trait"":{""args"":null,""path"":""core::convert::TryFrom""}}}}],""constraints"":[]}},""path"":""core::result::Result""}}}}"
arbi_anafis::ArbiInt	usize	trait	core::convert::TryFrom<arbi_anafis::ArbiInt>	trait_impl	TryFrom	src/int/api/convert.rs	318	[]	[]	"{""generics"":{""params"":[],""where_predicates"":[]},""is_negative"":false,""is_unsafe"":false,""provided_trait_methods"":[]}"
arbi_anafis::ArbiInt;arbi_anafis::ArbiUint	arbi_anafis::ArbiInt	trait	core::cmp::PartialEq<arbi_anafis::ArbiUint>	method	eq	src/int/api/cmp.rs	78	[]	[]	"{""generics"":{""params"":[],""where_predicates"":[]},""header"":{""abi"":""Rust"",""is_async"":false,""is_const"":false,""is_unsafe"":false},""sig"":{""inputs"":[[""self"",{""borrowed_ref"":{""is_mutable"":false,""lifetime"":null,""type"":{""generic"":""Self""}}}],[""other"",{""borrowed_ref"":{""is_mutable"":false,""lifetime"":null,""type"":{""resolved_path"":{""args"":null,""path"":""arbi_anafis::ArbiUint""}}}}]],""is_c_variadic"":false,""output"":{""primitive"":""bool""}}}"
arbi_anafis::ArbiInt;arbi_anafis::ArbiUint	arbi_anafis::ArbiInt	trait	core::cmp::PartialEq<arbi_anafis::ArbiUint>	trait_impl	PartialEq	src/int/api/cmp.rs	77	[]	[]	"{""generics"":{""params"":[],""where_predicates"":[]},""is_negative"":false,""is_unsafe"":false,""provided_trait_methods"":[""ne""]}"
arbi_anafis::ArbiInt;arbi_anafis::ArbiUint	arbi_anafis::ArbiInt	trait	core::cmp::PartialOrd<arbi_anafis::ArbiUint>	method	partial_cmp	src/int/api/cmp.rs	96	[]	[]	"{""generics"":{""params"":[],""where_predicates"":[]},""header"":{""abi"":""Rust"",""is_async"":false,""is_const"":false,""is_unsafe"":false},""sig"":{""inputs"":[[""self"",{""borrowed_ref"":{""is_mutable"":false,""lifetime"":null,""type"":{""generic"":""Self""}}}],[""other"",{""borrowed_ref"":{""is_mutable"":false,""lifetime"":null,""type"":{""resolved_path"":{""args"":null,""path"":""arbi_anafis::ArbiUint""}}}}]],""is_c_variadic"":false,""output"":{""resolved_path"":{""args"":{""angle_bracketed"":{""args"":[{""type"":{""resolved_path"":{""args"":null,""path"":""core::cmp::Ordering""}}}],""constraints"":[]}},""path"":""core::option::Option""}}}}"
arbi_anafis::ArbiInt;arbi_anafis::ArbiUint	arbi_anafis::ArbiInt	trait	core::cmp::PartialOrd<arbi_anafis::ArbiUint>	trait_impl	PartialOrd	src/int/api/cmp.rs	95	[]	[]	"{""generics"":{""params"":[],""where_predicates"":[]},""is_negative"":false,""is_unsafe"":false,""provided_trait_methods"":[""__chaining_ge"",""__chaining_gt"",""__chaining_le"",""__chaining_lt"",""ge"",""gt"",""le"",""lt""]}"
arbi_anafis::ArbiInt;arbi_anafis::ArbiUint	arbi_anafis::ArbiInt	trait	core::convert::From<arbi_anafis::ArbiUint>	associated_function	from	src/int/api/convert.rs	229	[]	[]	"{""generics"":{""params"":[],""where_predicates"":[]},""header"":{""abi"":""Rust"",""is_async"":false,""is_const"":false,""is_unsafe"":false},""sig"":{""inputs"":[[""value"",{""resolved_path"":{""args"":null,""path"":""arbi_anafis::ArbiUint""}}]],""is_c_variadic"":false,""output"":{""generic"":""Self""}}}"
arbi_anafis::ArbiInt;arbi_anafis::ArbiUint	arbi_anafis::ArbiInt	trait	core::convert::From<arbi_anafis::ArbiUint>	trait_impl	From	src/int/api/convert.rs	228	[]	[]	"{""generics"":{""params"":[],""where_predicates"":[]},""is_negative"":false,""is_unsafe"":false,""provided_trait_methods"":[]}"
arbi_anafis::ArbiInt;arbi_anafis::ArbiUint	arbi_anafis::ArbiUint	trait	core::cmp::PartialEq<arbi_anafis::ArbiInt>	method	eq	src/int/api/cmp.rs	69	[]	[]	"{""generics"":{""params"":[],""where_predicates"":[]},""header"":{""abi"":""Rust"",""is_async"":false,""is_const"":false,""is_unsafe"":false},""sig"":{""inputs"":[[""self"",{""borrowed_ref"":{""is_mutable"":false,""lifetime"":null,""type"":{""generic"":""Self""}}}],[""other"",{""borrowed_ref"":{""is_mutable"":false,""lifetime"":null,""type"":{""resolved_path"":{""args"":null,""path"":""arbi_anafis::ArbiInt""}}}}]],""is_c_variadic"":false,""output"":{""primitive"":""bool""}}}"
arbi_anafis::ArbiInt;arbi_anafis::ArbiUint	arbi_anafis::ArbiUint	trait	core::cmp::PartialEq<arbi_anafis::ArbiInt>	trait_impl	PartialEq	src/int/api/cmp.rs	68	[]	[]	"{""generics"":{""params"":[],""where_predicates"":[]},""is_negative"":false,""is_unsafe"":false,""provided_trait_methods"":[""ne""]}"
arbi_anafis::ArbiInt;arbi_anafis::ArbiUint	arbi_anafis::ArbiUint	trait	core::cmp::PartialOrd<arbi_anafis::ArbiInt>	method	partial_cmp	src/int/api/cmp.rs	87	[]	[]	"{""generics"":{""params"":[],""where_predicates"":[]},""header"":{""abi"":""Rust"",""is_async"":false,""is_const"":false,""is_unsafe"":false},""sig"":{""inputs"":[[""self"",{""borrowed_ref"":{""is_mutable"":false,""lifetime"":null,""type"":{""generic"":""Self""}}}],[""other"",{""borrowed_ref"":{""is_mutable"":false,""lifetime"":null,""type"":{""resolved_path"":{""args"":null,""path"":""arbi_anafis::ArbiInt""}}}}]],""is_c_variadic"":false,""output"":{""resolved_path"":{""args"":{""angle_bracketed"":{""args"":[{""type"":{""resolved_path"":{""args"":null,""path"":""core::cmp::Ordering""}}}],""constraints"":[]}},""path"":""core::option::Option""}}}}"
arbi_anafis::ArbiInt;arbi_anafis::ArbiUint	arbi_anafis::ArbiUint	trait	core::cmp::PartialOrd<arbi_anafis::ArbiInt>	trait_impl	PartialOrd	src/int/api/cmp.rs	86	[]	[]	"{""generics"":{""params"":[],""where_predicates"":[]},""is_negative"":false,""is_unsafe"":false,""provided_trait_methods"":[""__chaining_ge"",""__chaining_gt"",""__chaining_le"",""__chaining_lt"",""ge"",""gt"",""le"",""lt""]}"
arbi_anafis::ArbiInt;arbi_anafis::ArbiUint	arbi_anafis::ArbiUint	trait	core::convert::TryFrom<arbi_anafis::ArbiInt>	assoc_type	Error	src/int/api/convert.rs	243	[]	[]	"{""bounds"":[],""default_unstable"":null,""generics"":{""params"":[],""where_predicates"":[]},""type"":{""resolved_path"":{""args"":null,""path"":""arbi_anafis::ArbiError""}}}"
arbi_anafis::ArbiInt;arbi_anafis::ArbiUint	arbi_anafis::ArbiUint	trait	core::convert::TryFrom<arbi_anafis::ArbiInt>	associated_function	try_from	src/int/api/convert.rs	244	[]	[]	"{""generics"":{""params"":[],""where_predicates"":[]},""header"":{""abi"":""Rust"",""is_async"":false,""is_const"":false,""is_unsafe"":false},""sig"":{""inputs"":[[""value"",{""resolved_path"":{""args"":null,""path"":""arbi_anafis::ArbiInt""}}]],""is_c_variadic"":false,""output"":{""resolved_path"":{""args"":{""angle_bracketed"":{""args"":[{""type"":{""generic"":""Self""}},{""type"":{""qualified_path"":{""args"":null,""name"":""Error"",""self_type"":{""generic"":""Self""},""trait"":{""args"":null,""path"":""core::convert::TryFrom""}}}}],""constraints"":[]}},""path"":""core::result::Result""}}}}"
arbi_anafis::ArbiInt;arbi_anafis::ArbiUint	arbi_anafis::ArbiUint	trait	core::convert::TryFrom<arbi_anafis::ArbiInt>	trait_impl	TryFrom	src/int/api/convert.rs	242	[]	[]	"{""generics"":{""params"":[],""where_predicates"":[]},""is_negative"":false,""is_unsafe"":false,""provided_trait_methods"":[]}"
arbi_anafis::ArbiInt;arbi_anafis::DebugVerbose	arbi_anafis::DebugVerbose<'_, arbi_anafis::ArbiInt>	trait	core::fmt::Debug	method	fmt	src/int/api/string.rs	18	[]	[]	"{""generics"":{""params"":[],""where_predicates"":[]},""header"":{""abi"":""Rust"",""is_async"":false,""is_const"":false,""is_unsafe"":false},""sig"":{""inputs"":[[""self"",{""borrowed_ref"":{""is_mutable"":false,""lifetime"":null,""type"":{""generic"":""Self""}}}],[""f"",{""borrowed_ref"":{""is_mutable"":true,""lifetime"":null,""type"":{""resolved_path"":{""args"":{""angle_bracketed"":{""args"":[{""lifetime"":""'_""}],""constraints"":[]}},""path"":""core::fmt::Formatter""}}}}]],""is_c_variadic"":false,""output"":{""resolved_path"":{""args"":null,""path"":""core::fmt::Result""}}}}"
arbi_anafis::ArbiInt;arbi_anafis::DebugVerbose	arbi_anafis::DebugVerbose<'_, arbi_anafis::ArbiInt>	trait	core::fmt::Debug	trait_impl	Debug	src/int/api/string.rs	17	[]	[]	"{""generics"":{""params"":[],""where_predicates"":[]},""is_negative"":false,""is_unsafe"":false,""provided_trait_methods"":[]}"
arbi_anafis::ArbiUint	&arbi_anafis::ArbiUint	trait	core::ops::arith::Add<&arbi_anafis::ArbiUint>	assoc_type	Output	src/int/api/ops/add.rs	63	[]	[]	"{""bounds"":[],""default_unstable"":null,""generics"":{""params"":[],""where_predicates"":[]},""type"":{""resolved_path"":{""args"":null,""path"":""arbi_anafis::ArbiUint""}}}"
arbi_anafis::ArbiUint	&arbi_anafis::ArbiUint	trait	core::ops::arith::Add<&arbi_anafis::ArbiUint>	method	add	src/int/api/ops/add.rs	66	[]	"[{""other"":""#[attr = Inline(Hint)]""},{""other"":""#[attr = TrackCaller]""}]"	"{""generics"":{""params"":[],""where_predicates"":[]},""header"":{""abi"":""Rust"",""is_async"":false,""is_const"":false,""is_unsafe"":false},""sig"":{""inputs"":[[""self"",{""generic"":""Self""}],[""rhs"",{""borrowed_ref"":{""is_mutable"":false,""lifetime"":null,""type"":{""resolved_path"":{""args"":null,""path"":""arbi_anafis::ArbiUint""}}}}]],""is_c_variadic"":false,""output"":{""qualified_path"":{""args"":null,""name"":""Output"",""self_type"":{""generic"":""Self""},""trait"":{""args"":null,""path"":""core::ops::arith::Add""}}}}}"
arbi_anafis::ArbiUint	&arbi_anafis::ArbiUint	trait	core::ops::arith::Add<&arbi_anafis::ArbiUint>	trait_impl	Add	src/int/api/ops/add.rs	62	[]	[]	"{""generics"":{""params"":[],""where_predicates"":[]},""is_negative"":false,""is_unsafe"":false,""provided_trait_methods"":[]}"
arbi_anafis::ArbiUint	&arbi_anafis::ArbiUint	trait	core::ops::arith::Add<arbi_anafis::ArbiUint>	assoc_type	Output	src/int/api/ops/add.rs	49	[]	[]	"{""bounds"":[],""default_unstable"":null,""generics"":{""params"":[],""where_predicates"":[]},""type"":{""resolved_path"":{""args"":null,""path"":""arbi_anafis::ArbiUint""}}}"
arbi_anafis::ArbiUint	&arbi_anafis::ArbiUint	trait	core::ops::arith::Add<arbi_anafis::ArbiUint>	method	add	src/int/api/ops/add.rs	52	[]	"[{""other"":""#[attr = Inline(Hint)]""},{""other"":""#[attr = TrackCaller]""}]"	"{""generics"":{""params"":[],""where_predicates"":[]},""header"":{""abi"":""Rust"",""is_async"":false,""is_const"":false,""is_unsafe"":false},""sig"":{""inputs"":[[""self"",{""generic"":""Self""}],[""rhs"",{""resolved_path"":{""args"":null,""path"":""arbi_anafis::ArbiUint""}}]],""is_c_variadic"":false,""output"":{""qualified_path"":{""args"":null,""name"":""Output"",""self_type"":{""generic"":""Self""},""trait"":{""args"":null,""path"":""core::ops::arith::Add""}}}}}"
arbi_anafis::ArbiUint	&arbi_anafis::ArbiUint	trait	core::ops::arith::Add<arbi_anafis::ArbiUint>	trait_impl	Add	src/int/api/ops/add.rs	48	[]	[]	"{""generics"":{""params"":[],""where_predicates"":[]},""is_negative"":false,""is_unsafe"":false,""provided_trait_methods"":[]}"
arbi_anafis::ArbiUint	&arbi_anafis::ArbiUint	trait	core::ops::arith::Div<&arbi_anafis::ArbiUint>	assoc_type	Output	src/int/api/ops/div.rs	57	[]	[]	"{""bounds"":[],""default_unstable"":null,""generics"":{""params"":[],""where_predicates"":[]},""type"":{""resolved_path"":{""args"":null,""path"":""arbi_anafis::ArbiUint""}}}"
arbi_anafis::ArbiUint	&arbi_anafis::ArbiUint	trait	core::ops::arith::Div<&arbi_anafis::ArbiUint>	method	div	src/int/api/ops/div.rs	60	[]	"[{""other"":""#[attr = Inline(Hint)]""},{""other"":""#[attr = TrackCaller]""}]"	"{""generics"":{""params"":[],""where_predicates"":[]},""header"":{""abi"":""Rust"",""is_async"":false,""is_const"":false,""is_unsafe"":false},""sig"":{""inputs"":[[""self"",{""generic"":""Self""}],[""rhs"",{""borrowed_ref"":{""is_mutable"":false,""lifetime"":null,""type"":{""resolved_path"":{""args"":null,""path"":""arbi_anafis::ArbiUint""}}}}]],""is_c_variadic"":false,""output"":{""qualified_path"":{""args"":null,""name"":""Output"",""self_type"":{""generic"":""Self""},""trait"":{""args"":null,""path"":""core::ops::arith::Div""}}}}}"
arbi_anafis::ArbiUint	&arbi_anafis::ArbiUint	trait	core::ops::arith::Div<&arbi_anafis::ArbiUint>	trait_impl	Div	src/int/api/ops/div.rs	56	[]	[]	"{""generics"":{""params"":[],""where_predicates"":[]},""is_negative"":false,""is_unsafe"":false,""provided_trait_methods"":[]}"
arbi_anafis::ArbiUint	&arbi_anafis::ArbiUint	trait	core::ops::arith::Div<arbi_anafis::ArbiUint>	assoc_type	Output	src/int/api/ops/div.rs	41	[]	[]	"{""bounds"":[],""default_unstable"":null,""generics"":{""params"":[],""where_predicates"":[]},""type"":{""resolved_path"":{""args"":null,""path"":""arbi_anafis::ArbiUint""}}}"
arbi_anafis::ArbiUint	&arbi_anafis::ArbiUint	trait	core::ops::arith::Div<arbi_anafis::ArbiUint>	method	div	src/int/api/ops/div.rs	44	[]	"[{""other"":""#[attr = Inline(Hint)]""},{""other"":""#[attr = TrackCaller]""}]"	"{""generics"":{""params"":[],""where_predicates"":[]},""header"":{""abi"":""Rust"",""is_async"":false,""is_const"":false,""is_unsafe"":false},""sig"":{""inputs"":[[""self"",{""generic"":""Self""}],[""rhs"",{""resolved_path"":{""args"":null,""path"":""arbi_anafis::ArbiUint""}}]],""is_c_variadic"":false,""output"":{""qualified_path"":{""args"":null,""name"":""Output"",""self_type"":{""generic"":""Self""},""trait"":{""args"":null,""path"":""core::ops::arith::Div""}}}}}"
arbi_anafis::ArbiUint	&arbi_anafis::ArbiUint	trait	core::ops::arith::Div<arbi_anafis::ArbiUint>	trait_impl	Div	src/int/api/ops/div.rs	40	[]	[]	"{""generics"":{""params"":[],""where_predicates"":[]},""is_negative"":false,""is_unsafe"":false,""provided_trait_methods"":[]}"
arbi_anafis::ArbiUint	&arbi_anafis::ArbiUint	trait	core::ops::arith::Mul<&arbi_anafis::ArbiUint>	assoc_type	Output	src/int/api/ops/mul.rs	52	[]	[]	"{""bounds"":[],""default_unstable"":null,""generics"":{""params"":[],""where_predicates"":[]},""type"":{""resolved_path"":{""args"":null,""path"":""arbi_anafis::ArbiUint""}}}"
arbi_anafis::ArbiUint	&arbi_anafis::ArbiUint	trait	core::ops::arith::Mul<&arbi_anafis::ArbiUint>	method	mul	src/int/api/ops/mul.rs	55	[]	"[{""other"":""#[attr = Inline(Hint)]""},{""other"":""#[attr = TrackCaller]""}]"	"{""generics"":{""params"":[],""where_predicates"":[]},""header"":{""abi"":""Rust"",""is_async"":false,""is_const"":false,""is_unsafe"":false},""sig"":{""inputs"":[[""self"",{""generic"":""Self""}],[""rhs"",{""borrowed_ref"":{""is_mutable"":false,""lifetime"":null,""type"":{""resolved_path"":{""args"":null,""path"":""arbi_anafis::ArbiUint""}}}}]],""is_c_variadic"":false,""output"":{""qualified_path"":{""args"":null,""name"":""Output"",""self_type"":{""generic"":""Self""},""trait"":{""args"":null,""path"":""core::ops::arith::Mul""}}}}}"
arbi_anafis::ArbiUint	&arbi_anafis::ArbiUint	trait	core::ops::arith::Mul<&arbi_anafis::ArbiUint>	trait_impl	Mul	src/int/api/ops/mul.rs	51	[]	[]	"{""generics"":{""params"":[],""where_predicates"":[]},""is_negative"":false,""is_unsafe"":false,""provided_trait_methods"":[]}"
arbi_anafis::ArbiUint	&arbi_anafis::ArbiUint	trait	core::ops::arith::Mul<arbi_anafis::ArbiUint>	assoc_type	Output	src/int/api/ops/mul.rs	38	[]	[]	"{""bounds"":[],""default_unstable"":null,""generics"":{""params"":[],""where_predicates"":[]},""type"":{""resolved_path"":{""args"":null,""path"":""arbi_anafis::ArbiUint""}}}"
arbi_anafis::ArbiUint	&arbi_anafis::ArbiUint	trait	core::ops::arith::Mul<arbi_anafis::ArbiUint>	method	mul	src/int/api/ops/mul.rs	41	[]	"[{""other"":""#[attr = Inline(Hint)]""},{""other"":""#[attr = TrackCaller]""}]"	"{""generics"":{""params"":[],""where_predicates"":[]},""header"":{""abi"":""Rust"",""is_async"":false,""is_const"":false,""is_unsafe"":false},""sig"":{""inputs"":[[""self"",{""generic"":""Self""}],[""rhs"",{""resolved_path"":{""args"":null,""path"":""arbi_anafis::ArbiUint""}}]],""is_c_variadic"":false,""output"":{""qualified_path"":{""args"":null,""name"":""Output"",""self_type"":{""generic"":""Self""},""trait"":{""args"":null,""path"":""core::ops::arith::Mul""}}}}}"
arbi_anafis::ArbiUint	&arbi_anafis::ArbiUint	trait	core::ops::arith::Mul<arbi_anafis::ArbiUint>	trait_impl	Mul	src/int/api/ops/mul.rs	37	[]	[]	"{""generics"":{""params"":[],""where_predicates"":[]},""is_negative"":false,""is_unsafe"":false,""provided_trait_methods"":[]}"
arbi_anafis::ArbiUint	&arbi_anafis::ArbiUint	trait	core::ops::arith::Rem<&arbi_anafis::ArbiUint>	assoc_type	Output	src/int/api/ops/div.rs	135	[]	[]	"{""bounds"":[],""default_unstable"":null,""generics"":{""params"":[],""where_predicates"":[]},""type"":{""resolved_path"":{""args"":null,""path"":""arbi_anafis::ArbiUint""}}}"
arbi_anafis::ArbiUint	&arbi_anafis::ArbiUint	trait	core::ops::arith::Rem<&arbi_anafis::ArbiUint>	method	rem	src/int/api/ops/div.rs	138	[]	"[{""other"":""#[attr = Inline(Hint)]""},{""other"":""#[attr = TrackCaller]""}]"	"{""generics"":{""params"":[],""where_predicates"":[]},""header"":{""abi"":""Rust"",""is_async"":false,""is_const"":false,""is_unsafe"":false},""sig"":{""inputs"":[[""self"",{""generic"":""Self""}],[""rhs"",{""borrowed_ref"":{""is_mutable"":false,""lifetime"":null,""type"":{""resolved_path"":{""args"":null,""path"":""arbi_anafis::ArbiUint""}}}}]],""is_c_variadic"":false,""output"":{""qualified_path"":{""args"":null,""name"":""Output"",""self_type"":{""generic"":""Self""},""trait"":{""args"":null,""path"":""core::ops::arith::Rem""}}}}}"
arbi_anafis::ArbiUint	&arbi_anafis::ArbiUint	trait	core::ops::arith::Rem<&arbi_anafis::ArbiUint>	trait_impl	Rem	src/int/api/ops/div.rs	134	[]	[]	"{""generics"":{""params"":[],""where_predicates"":[]},""is_negative"":false,""is_unsafe"":false,""provided_trait_methods"":[]}"
arbi_anafis::ArbiUint	&arbi_anafis::ArbiUint	trait	core::ops::arith::Rem<arbi_anafis::ArbiUint>	assoc_type	Output	src/int/api/ops/div.rs	119	[]	[]	"{""bounds"":[],""default_unstable"":null,""generics"":{""params"":[],""where_predicates"":[]},""type"":{""resolved_path"":{""args"":null,""path"":""arbi_anafis::ArbiUint""}}}"
arbi_anafis::ArbiUint	&arbi_anafis::ArbiUint	trait	core::ops::arith::Rem<arbi_anafis::ArbiUint>	method	rem	src/int/api/ops/div.rs	122	[]	"[{""other"":""#[attr = Inline(Hint)]""},{""other"":""#[attr = TrackCaller]""}]"	"{""generics"":{""params"":[],""where_predicates"":[]},""header"":{""abi"":""Rust"",""is_async"":false,""is_const"":false,""is_unsafe"":false},""sig"":{""inputs"":[[""self"",{""generic"":""Self""}],[""rhs"",{""resolved_path"":{""args"":null,""path"":""arbi_anafis::ArbiUint""}}]],""is_c_variadic"":false,""output"":{""qualified_path"":{""args"":null,""name"":""Output"",""self_type"":{""generic"":""Self""},""trait"":{""args"":null,""path"":""core::ops::arith::Rem""}}}}}"
arbi_anafis::ArbiUint	&arbi_anafis::ArbiUint	trait	core::ops::arith::Rem<arbi_anafis::ArbiUint>	trait_impl	Rem	src/int/api/ops/div.rs	118	[]	[]	"{""generics"":{""params"":[],""where_predicates"":[]},""is_negative"":false,""is_unsafe"":false,""provided_trait_methods"":[]}"
arbi_anafis::ArbiUint	&arbi_anafis::ArbiUint	trait	core::ops::arith::Sub<&arbi_anafis::ArbiUint>	assoc_type	Output	src/int/api/ops/sub.rs	56	[]	[]	"{""bounds"":[],""default_unstable"":null,""generics"":{""params"":[],""where_predicates"":[]},""type"":{""resolved_path"":{""args"":null,""path"":""arbi_anafis::ArbiUint""}}}"
arbi_anafis::ArbiUint	&arbi_anafis::ArbiUint	trait	core::ops::arith::Sub<&arbi_anafis::ArbiUint>	method	sub	src/int/api/ops/sub.rs	59	[]	"[{""other"":""#[attr = Inline(Hint)]""},{""other"":""#[attr = TrackCaller]""}]"	"{""generics"":{""params"":[],""where_predicates"":[]},""header"":{""abi"":""Rust"",""is_async"":false,""is_const"":false,""is_unsafe"":false},""sig"":{""inputs"":[[""self"",{""generic"":""Self""}],[""rhs"",{""borrowed_ref"":{""is_mutable"":false,""lifetime"":null,""type"":{""resolved_path"":{""args"":null,""path"":""arbi_anafis::ArbiUint""}}}}]],""is_c_variadic"":false,""output"":{""qualified_path"":{""args"":null,""name"":""Output"",""self_type"":{""generic"":""Self""},""trait"":{""args"":null,""path"":""core::ops::arith::Sub""}}}}}"
arbi_anafis::ArbiUint	&arbi_anafis::ArbiUint	trait	core::ops::arith::Sub<&arbi_anafis::ArbiUint>	trait_impl	Sub	src/int/api/ops/sub.rs	55	[]	[]	"{""generics"":{""params"":[],""where_predicates"":[]},""is_negative"":false,""is_unsafe"":false,""provided_trait_methods"":[]}"
arbi_anafis::ArbiUint	&arbi_anafis::ArbiUint	trait	core::ops::arith::Sub<arbi_anafis::ArbiUint>	assoc_type	Output	src/int/api/ops/sub.rs	40	[]	[]	"{""bounds"":[],""default_unstable"":null,""generics"":{""params"":[],""where_predicates"":[]},""type"":{""resolved_path"":{""args"":null,""path"":""arbi_anafis::ArbiUint""}}}"
arbi_anafis::ArbiUint	&arbi_anafis::ArbiUint	trait	core::ops::arith::Sub<arbi_anafis::ArbiUint>	method	sub	src/int/api/ops/sub.rs	43	[]	"[{""other"":""#[attr = Inline(Hint)]""},{""other"":""#[attr = TrackCaller]""}]"	"{""generics"":{""params"":[],""where_predicates"":[]},""header"":{""abi"":""Rust"",""is_async"":false,""is_const"":false,""is_unsafe"":false},""sig"":{""inputs"":[[""self"",{""generic"":""Self""}],[""rhs"",{""resolved_path"":{""args"":null,""path"":""arbi_anafis::ArbiUint""}}]],""is_c_variadic"":false,""output"":{""qualified_path"":{""args"":null,""name"":""Output"",""self_type"":{""generic"":""Self""},""trait"":{""args"":null,""path"":""core::ops::arith::Sub""}}}}}"
arbi_anafis::ArbiUint	&arbi_anafis::ArbiUint	trait	core::ops::arith::Sub<arbi_anafis::ArbiUint>	trait_impl	Sub	src/int/api/ops/sub.rs	39	[]	[]	"{""generics"":{""params"":[],""where_predicates"":[]},""is_negative"":false,""is_unsafe"":false,""provided_trait_methods"":[]}"
arbi_anafis::ArbiUint	&arbi_anafis::ArbiUint	trait	core::ops::bit::BitAnd<&arbi_anafis::ArbiUint>	assoc_type	Output	src/int/api/ops/bitwise/unsigned.rs	56	[]	[]	"{""bounds"":[],""default_unstable"":null,""generics"":{""params"":[],""where_predicates"":[]},""type"":{""resolved_path"":{""args"":null,""path"":""arbi_anafis::ArbiUint""}}}"
arbi_anafis::ArbiUint	&arbi_anafis::ArbiUint	trait	core::ops::bit::BitAnd<&arbi_anafis::ArbiUint>	method	bitand	src/int/api/ops/bitwise/unsigned.rs	59	[]	"[{""other"":""#[attr = Inline(Hint)]""},{""other"":""#[attr = TrackCaller]""}]"	"{""generics"":{""params"":[],""where_predicates"":[]},""header"":{""abi"":""Rust"",""is_async"":false,""is_const"":false,""is_unsafe"":false},""sig"":{""inputs"":[[""self"",{""generic"":""Self""}],[""rhs"",{""borrowed_ref"":{""is_mutable"":false,""lifetime"":null,""type"":{""resolved_path"":{""args"":null,""path"":""arbi_anafis::ArbiUint""}}}}]],""is_c_variadic"":false,""output"":{""qualified_path"":{""args"":null,""name"":""Output"",""self_type"":{""generic"":""Self""},""trait"":{""args"":null,""path"":""core::ops::bit::BitAnd""}}}}}"
arbi_anafis::ArbiUint	&arbi_anafis::ArbiUint	trait	core::ops::bit::BitAnd<&arbi_anafis::ArbiUint>	trait_impl	BitAnd	src/int/api/ops/bitwise/unsigned.rs	55	[]	[]	"{""generics"":{""params"":[],""where_predicates"":[]},""is_negative"":false,""is_unsafe"":false,""provided_trait_methods"":[]}"
arbi_anafis::ArbiUint	&arbi_anafis::ArbiUint	trait	core::ops::bit::BitAnd<arbi_anafis::ArbiUint>	assoc_type	Output	src/int/api/ops/bitwise/unsigned.rs	40	[]	[]	"{""bounds"":[],""default_unstable"":null,""generics"":{""params"":[],""where_predicates"":[]},""type"":{""resolved_path"":{""args"":null,""path"":""arbi_anafis::ArbiUint""}}}"
arbi_anafis::ArbiUint	&arbi_anafis::ArbiUint	trait	core::ops::bit::BitAnd<arbi_anafis::ArbiUint>	method	bitand	src/int/api/ops/bitwise/unsigned.rs	43	[]	"[{""other"":""#[attr = Inline(Hint)]""},{""other"":""#[attr = TrackCaller]""}]"	"{""generics"":{""params"":[],""where_predicates"":[]},""header"":{""abi"":""Rust"",""is_async"":false,""is_const"":false,""is_unsafe"":false},""sig"":{""inputs"":[[""self"",{""generic"":""Self""}],[""rhs"",{""resolved_path"":{""args"":null,""path"":""arbi_anafis::ArbiUint""}}]],""is_c_variadic"":false,""output"":{""qualified_path"":{""args"":null,""name"":""Output"",""self_type"":{""generic"":""Self""},""trait"":{""args"":null,""path"":""core::ops::bit::BitAnd""}}}}}"
arbi_anafis::ArbiUint	&arbi_anafis::ArbiUint	trait	core::ops::bit::BitAnd<arbi_anafis::ArbiUint>	trait_impl	BitAnd	src/int/api/ops/bitwise/unsigned.rs	39	[]	[]	"{""generics"":{""params"":[],""where_predicates"":[]},""is_negative"":false,""is_unsafe"":false,""provided_trait_methods"":[]}"
arbi_anafis::ArbiUint	&arbi_anafis::ArbiUint	trait	core::ops::bit::BitOr<&arbi_anafis::ArbiUint>	assoc_type	Output	src/int/api/ops/bitwise/unsigned.rs	142	[]	[]	"{""bounds"":[],""default_unstable"":null,""generics"":{""params"":[],""where_predicates"":[]},""type"":{""resolved_path"":{""args"":null,""path"":""arbi_anafis::ArbiUint""}}}"
arbi_anafis::ArbiUint	&arbi_anafis::ArbiUint	trait	core::ops::bit::BitOr<&arbi_anafis::ArbiUint>	method	bitor	src/int/api/ops/bitwise/unsigned.rs	145	[]	"[{""other"":""#[attr = Inline(Hint)]""},{""other"":""#[attr = TrackCaller]""}]"	"{""generics"":{""params"":[],""where_predicates"":[]},""header"":{""abi"":""Rust"",""is_async"":false,""is_const"":false,""is_unsafe"":false},""sig"":{""inputs"":[[""self"",{""generic"":""Self""}],[""rhs"",{""borrowed_ref"":{""is_mutable"":false,""lifetime"":null,""type"":{""resolved_path"":{""args"":null,""path"":""arbi_anafis::ArbiUint""}}}}]],""is_c_variadic"":false,""output"":{""qualified_path"":{""args"":null,""name"":""Output"",""self_type"":{""generic"":""Self""},""trait"":{""args"":null,""path"":""core::ops::bit::BitOr""}}}}}"
arbi_anafis::ArbiUint	&arbi_anafis::ArbiUint	trait	core::ops::bit::BitOr<&arbi_anafis::ArbiUint>	trait_impl	BitOr	src/int/api/ops/bitwise/unsigned.rs	141	[]	[]	"{""generics"":{""params"":[],""where_predicates"":[]},""is_negative"":false,""is_unsafe"":false,""provided_trait_methods"":[]}"
arbi_anafis::ArbiUint	&arbi_anafis::ArbiUint	trait	core::ops::bit::BitOr<arbi_anafis::ArbiUint>	assoc_type	Output	src/int/api/ops/bitwise/unsigned.rs	126	[]	[]	"{""bounds"":[],""default_unstable"":null,""generics"":{""params"":[],""where_predicates"":[]},""type"":{""resolved_path"":{""args"":null,""path"":""arbi_anafis::ArbiUint""}}}"
arbi_anafis::ArbiUint	&arbi_anafis::ArbiUint	trait	core::ops::bit::BitOr<arbi_anafis::ArbiUint>	method	bitor	src/int/api/ops/bitwise/unsigned.rs	129	[]	"[{""other"":""#[attr = Inline(Hint)]""},{""other"":""#[attr = TrackCaller]""}]"	"{""generics"":{""params"":[],""where_predicates"":[]},""header"":{""abi"":""Rust"",""is_async"":false,""is_const"":false,""is_unsafe"":false},""sig"":{""inputs"":[[""self"",{""generic"":""Self""}],[""rhs"",{""resolved_path"":{""args"":null,""path"":""arbi_anafis::ArbiUint""}}]],""is_c_variadic"":false,""output"":{""qualified_path"":{""args"":null,""name"":""Output"",""self_type"":{""generic"":""Self""},""trait"":{""args"":null,""path"":""core::ops::bit::BitOr""}}}}}"
arbi_anafis::ArbiUint	&arbi_anafis::ArbiUint	trait	core::ops::bit::BitOr<arbi_anafis::ArbiUint>	trait_impl	BitOr	src/int/api/ops/bitwise/unsigned.rs	125	[]	[]	"{""generics"":{""params"":[],""where_predicates"":[]},""is_negative"":false,""is_unsafe"":false,""provided_trait_methods"":[]}"
arbi_anafis::ArbiUint	&arbi_anafis::ArbiUint	trait	core::ops::bit::BitXor<&arbi_anafis::ArbiUint>	assoc_type	Output	src/int/api/ops/bitwise/unsigned.rs	228	[]	[]	"{""bounds"":[],""default_unstable"":null,""generics"":{""params"":[],""where_predicates"":[]},""type"":{""resolved_path"":{""args"":null,""path"":""arbi_anafis::ArbiUint""}}}"
arbi_anafis::ArbiUint	&arbi_anafis::ArbiUint	trait	core::ops::bit::BitXor<&arbi_anafis::ArbiUint>	method	bitxor	src/int/api/ops/bitwise/unsigned.rs	231	[]	"[{""other"":""#[attr = Inline(Hint)]""},{""other"":""#[attr = TrackCaller]""}]"	"{""generics"":{""params"":[],""where_predicates"":[]},""header"":{""abi"":""Rust"",""is_async"":false,""is_const"":false,""is_unsafe"":false},""sig"":{""inputs"":[[""self"",{""generic"":""Self""}],[""rhs"",{""borrowed_ref"":{""is_mutable"":false,""lifetime"":null,""type"":{""resolved_path"":{""args"":null,""path"":""arbi_anafis::ArbiUint""}}}}]],""is_c_variadic"":false,""output"":{""qualified_path"":{""args"":null,""name"":""Output"",""self_type"":{""generic"":""Self""},""trait"":{""args"":null,""path"":""core::ops::bit::BitXor""}}}}}"
arbi_anafis::ArbiUint	&arbi_anafis::ArbiUint	trait	core::ops::bit::BitXor<&arbi_anafis::ArbiUint>	trait_impl	BitXor	src/int/api/ops/bitwise/unsigned.rs	227	[]	[]	"{""generics"":{""params"":[],""where_predicates"":[]},""is_negative"":false,""is_unsafe"":false,""provided_trait_methods"":[]}"
arbi_anafis::ArbiUint	&arbi_anafis::ArbiUint	trait	core::ops::bit::BitXor<arbi_anafis::ArbiUint>	assoc_type	Output	src/int/api/ops/bitwise/unsigned.rs	212	[]	[]	"{""bounds"":[],""default_unstable"":null,""generics"":{""params"":[],""where_predicates"":[]},""type"":{""resolved_path"":{""args"":null,""path"":""arbi_anafis::ArbiUint""}}}"
arbi_anafis::ArbiUint	&arbi_anafis::ArbiUint	trait	core::ops::bit::BitXor<arbi_anafis::ArbiUint>	method	bitxor	src/int/api/ops/bitwise/unsigned.rs	215	[]	"[{""other"":""#[attr = Inline(Hint)]""},{""other"":""#[attr = TrackCaller]""}]"	"{""generics"":{""params"":[],""where_predicates"":[]},""header"":{""abi"":""Rust"",""is_async"":false,""is_const"":false,""is_unsafe"":false},""sig"":{""inputs"":[[""self"",{""generic"":""Self""}],[""rhs"",{""resolved_path"":{""args"":null,""path"":""arbi_anafis::ArbiUint""}}]],""is_c_variadic"":false,""output"":{""qualified_path"":{""args"":null,""name"":""Output"",""self_type"":{""generic"":""Self""},""trait"":{""args"":null,""path"":""core::ops::bit::BitXor""}}}}}"
arbi_anafis::ArbiUint	&arbi_anafis::ArbiUint	trait	core::ops::bit::BitXor<arbi_anafis::ArbiUint>	trait_impl	BitXor	src/int/api/ops/bitwise/unsigned.rs	211	[]	[]	"{""generics"":{""params"":[],""where_predicates"":[]},""is_negative"":false,""is_unsafe"":false,""provided_trait_methods"":[]}"
arbi_anafis::ArbiUint	&arbi_anafis::ArbiUint	trait	core::ops::bit::Not	assoc_type	Output	src/int/api/ops/bitwise/unsigned.rs	285	[]	[]	"{""bounds"":[],""default_unstable"":null,""generics"":{""params"":[],""where_predicates"":[]},""type"":{""resolved_path"":{""args"":null,""path"":""arbi_anafis::ArbiUint""}}}"
arbi_anafis::ArbiUint	&arbi_anafis::ArbiUint	trait	core::ops::bit::Not	method	not	src/int/api/ops/bitwise/unsigned.rs	288	[]	"[{""other"":""#[attr = Inline(Hint)]""},{""other"":""#[attr = TrackCaller]""}]"	"{""generics"":{""params"":[],""where_predicates"":[]},""header"":{""abi"":""Rust"",""is_async"":false,""is_const"":false,""is_unsafe"":false},""sig"":{""inputs"":[[""self"",{""generic"":""Self""}]],""is_c_variadic"":false,""output"":{""qualified_path"":{""args"":null,""name"":""Output"",""self_type"":{""generic"":""Self""},""trait"":{""args"":null,""path"":""core::ops::bit::Not""}}}}}"
arbi_anafis::ArbiUint	&arbi_anafis::ArbiUint	trait	core::ops::bit::Not	trait_impl	Not	src/int/api/ops/bitwise/unsigned.rs	284	[]	[]	"{""generics"":{""params"":[],""where_predicates"":[]},""is_negative"":false,""is_unsafe"":false,""provided_trait_methods"":[]}"
arbi_anafis::ArbiUint	&arbi_anafis::ArbiUint	trait	core::ops::bit::Shl<i128>	assoc_type	Output	src/int/api/ops/shift.rs	345	[]	[]	"{""bounds"":[],""default_unstable"":null,""generics"":{""params"":[],""where_predicates"":[]},""type"":{""resolved_path"":{""args"":null,""path"":""arbi_anafis::ArbiUint""}}}"
arbi_anafis::ArbiUint	&arbi_anafis::ArbiUint	trait	core::ops::bit::Shl<i128>	method	shl	src/int/api/ops/shift.rs	345	[]	"[{""other"":""#[allow(clippy :: as_conversions, clippy :: cast_possible_truncation, reason =\n\""shift trait impls normalize counts to usize; checked conversions panic instead of truncating on narrow targets\"")]""},{""other"":""#[attr = Inline(Hint)]""},{""other"":""#[attr = TrackCaller]""}]"	"{""generics"":{""params"":[],""where_predicates"":[]},""header"":{""abi"":""Rust"",""is_async"":false,""is_const"":false,""is_unsafe"":false},""sig"":{""inputs"":[[""self"",{""generic"":""Self""}],[""shift"",{""primitive"":""i128""}]],""is_c_variadic"":false,""output"":{""qualified_path"":{""args"":null,""name"":""Output"",""self_type"":{""generic"":""Self""},""trait"":{""args"":null,""path"":""core::ops::bit::Shl""}}}}}"
arbi_anafis::ArbiUint	&arbi_anafis::ArbiUint	trait	core::ops::bit::Shl<i128>	trait_impl	Shl	src/int/api/ops/shift.rs	345	[]	[]	"{""generics"":{""params"":[],""where_predicates"":[]},""is_negative"":false,""is_unsafe"":false,""provided_trait_methods"":[]}"
arbi_anafis::ArbiUint	&arbi_anafis::ArbiUint	trait	core::ops::bit::Shl<i16>	assoc_type	Output	src/int/api/ops/shift.rs	345	[]	[]	"{""bounds"":[],""default_unstable"":null,""generics"":{""params"":[],""where_predicates"":[]},""type"":{""resolved_path"":{""args"":null,""path"":""arbi_anafis::ArbiUint""}}}"
arbi_anafis::ArbiUint	&arbi_anafis::ArbiUint	trait	core::ops::bit::Shl<i16>	method	shl	src/int/api/ops/shift.rs	345	[]	"[{""other"":""#[allow(clippy :: as_conversions, clippy :: cast_possible_truncation, reason =\n\""shift trait impls normalize counts to usize; checked conversions panic instead of truncating on narrow targets\"")]""},{""other"":""#[attr = Inline(Hint)]""},{""other"":""#[attr = TrackCaller]""}]"	"{""generics"":{""params"":[],""where_predicates"":[]},""header"":{""abi"":""Rust"",""is_async"":false,""is_const"":false,""is_unsafe"":false},""sig"":{""inputs"":[[""self"",{""generic"":""Self""}],[""shift"",{""primitive"":""i16""}]],""is_c_variadic"":false,""output"":{""qualified_path"":{""args"":null,""name"":""Output"",""self_type"":{""generic"":""Self""},""trait"":{""args"":null,""path"":""core::ops::bit::Shl""}}}}}"
arbi_anafis::ArbiUint	&arbi_anafis::ArbiUint	trait	core::ops::bit::Shl<i16>	trait_impl	Shl	src/int/api/ops/shift.rs	345	[]	[]	"{""generics"":{""params"":[],""where_predicates"":[]},""is_negative"":false,""is_unsafe"":false,""provided_trait_methods"":[]}"
arbi_anafis::ArbiUint	&arbi_anafis::ArbiUint	trait	core::ops::bit::Shl<i32>	assoc_type	Output	src/int/api/ops/shift.rs	345	[]	[]	"{""bounds"":[],""default_unstable"":null,""generics"":{""params"":[],""where_predicates"":[]},""type"":{""resolved_path"":{""args"":null,""path"":""arbi_anafis::ArbiUint""}}}"
arbi_anafis::ArbiUint	&arbi_anafis::ArbiUint	trait	core::ops::bit::Shl<i32>	method	shl	src/int/api/ops/shift.rs	345	[]	"[{""other"":""#[allow(clippy :: as_conversions, clippy :: cast_possible_truncation, reason =\n\""shift trait impls normalize counts to usize; checked conversions panic instead of truncating on narrow targets\"")]""},{""other"":""#[attr = Inline(Hint)]""},{""other"":""#[attr = TrackCaller]""}]"	"{""generics"":{""params"":[],""where_predicates"":[]},""header"":{""abi"":""Rust"",""is_async"":false,""is_const"":false,""is_unsafe"":false},""sig"":{""inputs"":[[""self"",{""generic"":""Self""}],[""shift"",{""primitive"":""i32""}]],""is_c_variadic"":false,""output"":{""qualified_path"":{""args"":null,""name"":""Output"",""self_type"":{""generic"":""Self""},""trait"":{""args"":null,""path"":""core::ops::bit::Shl""}}}}}"
arbi_anafis::ArbiUint	&arbi_anafis::ArbiUint	trait	core::ops::bit::Shl<i32>	trait_impl	Shl	src/int/api/ops/shift.rs	345	[]	[]	"{""generics"":{""params"":[],""where_predicates"":[]},""is_negative"":false,""is_unsafe"":false,""provided_trait_methods"":[]}"
arbi_anafis::ArbiUint	&arbi_anafis::ArbiUint	trait	core::ops::bit::Shl<i64>	assoc_type	Output	src/int/api/ops/shift.rs	345	[]	[]	"{""bounds"":[],""default_unstable"":null,""generics"":{""params"":[],""where_predicates"":[]},""type"":{""resolved_path"":{""args"":null,""path"":""arbi_anafis::ArbiUint""}}}"
arbi_anafis::ArbiUint	&arbi_anafis::ArbiUint	trait	core::ops::bit::Shl<i64>	method	shl	src/int/api/ops/shift.rs	345	[]	"[{""other"":""#[allow(clippy :: as_conversions, clippy :: cast_possible_truncation, reason =\n\""shift trait impls normalize counts to usize; checked conversions panic instead of truncating on narrow targets\"")]""},{""other"":""#[attr = Inline(Hint)]""},{""other"":""#[attr = TrackCaller]""}]"	"{""generics"":{""params"":[],""where_predicates"":[]},""header"":{""abi"":""Rust"",""is_async"":false,""is_const"":false,""is_unsafe"":false},""sig"":{""inputs"":[[""self"",{""generic"":""Self""}],[""shift"",{""primitive"":""i64""}]],""is_c_variadic"":false,""output"":{""qualified_path"":{""args"":null,""name"":""Output"",""self_type"":{""generic"":""Self""},""trait"":{""args"":null,""path"":""core::ops::bit::Shl""}}}}}"
arbi_anafis::ArbiUint	&arbi_anafis::ArbiUint	trait	core::ops::bit::Shl<i64>	trait_impl	Shl	src/int/api/ops/shift.rs	345	[]	[]	"{""generics"":{""params"":[],""where_predicates"":[]},""is_negative"":false,""is_unsafe"":false,""provided_trait_methods"":[]}"
arbi_anafis::ArbiUint	&arbi_anafis::ArbiUint	trait	core::ops::bit::Shl<i8>	assoc_type	Output	src/int/api/ops/shift.rs	345	[]	[]	"{""bounds"":[],""default_unstable"":null,""generics"":{""params"":[],""where_predicates"":[]},""type"":{""resolved_path"":{""args"":null,""path"":""arbi_anafis::ArbiUint""}}}"
arbi_anafis::ArbiUint	&arbi_anafis::ArbiUint	trait	core::ops::bit::Shl<i8>	method	shl	src/int/api/ops/shift.rs	345	[]	"[{""other"":""#[allow(clippy :: as_conversions, clippy :: cast_possible_truncation, reason =\n\""shift trait impls normalize counts to usize; checked conversions panic instead of truncating on narrow targets\"")]""},{""other"":""#[attr = Inline(Hint)]""},{""other"":""#[attr = TrackCaller]""}]"	"{""generics"":{""params"":[],""where_predicates"":[]},""header"":{""abi"":""Rust"",""is_async"":false,""is_const"":false,""is_unsafe"":false},""sig"":{""inputs"":[[""self"",{""generic"":""Self""}],[""shift"",{""primitive"":""i8""}]],""is_c_variadic"":false,""output"":{""qualified_path"":{""args"":null,""name"":""Output"",""self_type"":{""generic"":""Self""},""trait"":{""args"":null,""path"":""core::ops::bit::Shl""}}}}}"
arbi_anafis::ArbiUint	&arbi_anafis::ArbiUint	trait	core::ops::bit::Shl<i8>	trait_impl	Shl	src/int/api/ops/shift.rs	345	[]	[]	"{""generics"":{""params"":[],""where_predicates"":[]},""is_negative"":false,""is_unsafe"":false,""provided_trait_methods"":[]}"
arbi_anafis::ArbiUint	&arbi_anafis::ArbiUint	trait	core::ops::bit::Shl<isize>	assoc_type	Output	src/int/api/ops/shift.rs	345	[]	[]	"{""bounds"":[],""default_unstable"":null,""generics"":{""params"":[],""where_predicates"":[]},""type"":{""resolved_path"":{""args"":null,""path"":""arbi_anafis::ArbiUint""}}}"
arbi_anafis::ArbiUint	&arbi_anafis::ArbiUint	trait	core::ops::bit::Shl<isize>	method	shl	src/int/api/ops/shift.rs	345	[]	"[{""other"":""#[allow(clippy :: as_conversions, clippy :: cast_possible_truncation, reason =\n\""shift trait impls normalize counts to usize; checked conversions panic instead of truncating on narrow targets\"")]""},{""other"":""#[attr = Inline(Hint)]""},{""other"":""#[attr = TrackCaller]""}]"	"{""generics"":{""params"":[],""where_predicates"":[]},""header"":{""abi"":""Rust"",""is_async"":false,""is_const"":false,""is_unsafe"":false},""sig"":{""inputs"":[[""self"",{""generic"":""Self""}],[""shift"",{""primitive"":""isize""}]],""is_c_variadic"":false,""output"":{""qualified_path"":{""args"":null,""name"":""Output"",""self_type"":{""generic"":""Self""},""trait"":{""args"":null,""path"":""core::ops::bit::Shl""}}}}}"
arbi_anafis::ArbiUint	&arbi_anafis::ArbiUint	trait	core::ops::bit::Shl<isize>	trait_impl	Shl	src/int/api/ops/shift.rs	345	[]	[]	"{""generics"":{""params"":[],""where_predicates"":[]},""is_negative"":false,""is_unsafe"":false,""provided_trait_methods"":[]}"
arbi_anafis::ArbiUint	&arbi_anafis::ArbiUint	trait	core::ops::bit::Shl<u128>	assoc_type	Output	src/int/api/ops/shift.rs	345	[]	[]	"{""bounds"":[],""default_unstable"":null,""generics"":{""params"":[],""where_predicates"":[]},""type"":{""resolved_path"":{""args"":null,""path"":""arbi_anafis::ArbiUint""}}}"
arbi_anafis::ArbiUint	&arbi_anafis::ArbiUint	trait	core::ops::bit::Shl<u128>	method	shl	src/int/api/ops/shift.rs	345	[]	"[{""other"":""#[allow(clippy :: as_conversions, clippy :: cast_possible_truncation, reason =\n\""shift trait impls normalize counts to usize; checked conversions panic instead of truncating on narrow targets\"")]""},{""other"":""#[attr = Inline(Hint)]""},{""other"":""#[attr = TrackCaller]""}]"	"{""generics"":{""params"":[],""where_predicates"":[]},""header"":{""abi"":""Rust"",""is_async"":false,""is_const"":false,""is_unsafe"":false},""sig"":{""inputs"":[[""self"",{""generic"":""Self""}],[""shift"",{""primitive"":""u128""}]],""is_c_variadic"":false,""output"":{""qualified_path"":{""args"":null,""name"":""Output"",""self_type"":{""generic"":""Self""},""trait"":{""args"":null,""path"":""core::ops::bit::Shl""}}}}}"
arbi_anafis::ArbiUint	&arbi_anafis::ArbiUint	trait	core::ops::bit::Shl<u128>	trait_impl	Shl	src/int/api/ops/shift.rs	345	[]	[]	"{""generics"":{""params"":[],""where_predicates"":[]},""is_negative"":false,""is_unsafe"":false,""provided_trait_methods"":[]}"
arbi_anafis::ArbiUint	&arbi_anafis::ArbiUint	trait	core::ops::bit::Shl<u16>	assoc_type	Output	src/int/api/ops/shift.rs	345	[]	[]	"{""bounds"":[],""default_unstable"":null,""generics"":{""params"":[],""where_predicates"":[]},""type"":{""resolved_path"":{""args"":null,""path"":""arbi_anafis::ArbiUint""}}}"
arbi_anafis::ArbiUint	&arbi_anafis::ArbiUint	trait	core::ops::bit::Shl<u16>	method	shl	src/int/api/ops/shift.rs	345	[]	"[{""other"":""#[allow(clippy :: as_conversions, clippy :: cast_possible_truncation, reason =\n\""shift trait impls normalize counts to usize; checked conversions panic instead of truncating on narrow targets\"")]""},{""other"":""#[attr = Inline(Hint)]""},{""other"":""#[attr = TrackCaller]""}]"	"{""generics"":{""params"":[],""where_predicates"":[]},""header"":{""abi"":""Rust"",""is_async"":false,""is_const"":false,""is_unsafe"":false},""sig"":{""inputs"":[[""self"",{""generic"":""Self""}],[""shift"",{""primitive"":""u16""}]],""is_c_variadic"":false,""output"":{""qualified_path"":{""args"":null,""name"":""Output"",""self_type"":{""generic"":""Self""},""trait"":{""args"":null,""path"":""core::ops::bit::Shl""}}}}}"
arbi_anafis::ArbiUint	&arbi_anafis::ArbiUint	trait	core::ops::bit::Shl<u16>	trait_impl	Shl	src/int/api/ops/shift.rs	345	[]	[]	"{""generics"":{""params"":[],""where_predicates"":[]},""is_negative"":false,""is_unsafe"":false,""provided_trait_methods"":[]}"
arbi_anafis::ArbiUint	&arbi_anafis::ArbiUint	trait	core::ops::bit::Shl<u32>	assoc_type	Output	src/int/api/ops/shift.rs	345	[]	[]	"{""bounds"":[],""default_unstable"":null,""generics"":{""params"":[],""where_predicates"":[]},""type"":{""resolved_path"":{""args"":null,""path"":""arbi_anafis::ArbiUint""}}}"
arbi_anafis::ArbiUint	&arbi_anafis::ArbiUint	trait	core::ops::bit::Shl<u32>	method	shl	src/int/api/ops/shift.rs	345	[]	"[{""other"":""#[allow(clippy :: as_conversions, clippy :: cast_possible_truncation, reason =\n\""shift trait impls normalize counts to usize; checked conversions panic instead of truncating on narrow targets\"")]""},{""other"":""#[attr = Inline(Hint)]""},{""other"":""#[attr = TrackCaller]""}]"	"{""generics"":{""params"":[],""where_predicates"":[]},""header"":{""abi"":""Rust"",""is_async"":false,""is_const"":false,""is_unsafe"":false},""sig"":{""inputs"":[[""self"",{""generic"":""Self""}],[""shift"",{""primitive"":""u32""}]],""is_c_variadic"":false,""output"":{""qualified_path"":{""args"":null,""name"":""Output"",""self_type"":{""generic"":""Self""},""trait"":{""args"":null,""path"":""core::ops::bit::Shl""}}}}}"
arbi_anafis::ArbiUint	&arbi_anafis::ArbiUint	trait	core::ops::bit::Shl<u32>	trait_impl	Shl	src/int/api/ops/shift.rs	345	[]	[]	"{""generics"":{""params"":[],""where_predicates"":[]},""is_negative"":false,""is_unsafe"":false,""provided_trait_methods"":[]}"
arbi_anafis::ArbiUint	&arbi_anafis::ArbiUint	trait	core::ops::bit::Shl<u64>	assoc_type	Output	src/int/api/ops/shift.rs	345	[]	[]	"{""bounds"":[],""default_unstable"":null,""generics"":{""params"":[],""where_predicates"":[]},""type"":{""resolved_path"":{""args"":null,""path"":""arbi_anafis::ArbiUint""}}}"
arbi_anafis::ArbiUint	&arbi_anafis::ArbiUint	trait	core::ops::bit::Shl<u64>	method	shl	src/int/api/ops/shift.rs	345	[]	"[{""other"":""#[allow(clippy :: as_conversions, clippy :: cast_possible_truncation, reason =\n\""shift trait impls normalize counts to usize; checked conversions panic instead of truncating on narrow targets\"")]""},{""other"":""#[attr = Inline(Hint)]""},{""other"":""#[attr = TrackCaller]""}]"	"{""generics"":{""params"":[],""where_predicates"":[]},""header"":{""abi"":""Rust"",""is_async"":false,""is_const"":false,""is_unsafe"":false},""sig"":{""inputs"":[[""self"",{""generic"":""Self""}],[""shift"",{""primitive"":""u64""}]],""is_c_variadic"":false,""output"":{""qualified_path"":{""args"":null,""name"":""Output"",""self_type"":{""generic"":""Self""},""trait"":{""args"":null,""path"":""core::ops::bit::Shl""}}}}}"
arbi_anafis::ArbiUint	&arbi_anafis::ArbiUint	trait	core::ops::bit::Shl<u64>	trait_impl	Shl	src/int/api/ops/shift.rs	345	[]	[]	"{""generics"":{""params"":[],""where_predicates"":[]},""is_negative"":false,""is_unsafe"":false,""provided_trait_methods"":[]}"
arbi_anafis::ArbiUint	&arbi_anafis::ArbiUint	trait	core::ops::bit::Shl<u8>	assoc_type	Output	src/int/api/ops/shift.rs	345	[]	[]	"{""bounds"":[],""default_unstable"":null,""generics"":{""params"":[],""where_predicates"":[]},""type"":{""resolved_path"":{""args"":null,""path"":""arbi_anafis::ArbiUint""}}}"
arbi_anafis::ArbiUint	&arbi_anafis::ArbiUint	trait	core::ops::bit::Shl<u8>	method	shl	src/int/api/ops/shift.rs	345	[]	"[{""other"":""#[allow(clippy :: as_conversions, clippy :: cast_possible_truncation, reason =\n\""shift trait impls normalize counts to usize; checked conversions panic instead of truncating on narrow targets\"")]""},{""other"":""#[attr = Inline(Hint)]""},{""other"":""#[attr = TrackCaller]""}]"	"{""generics"":{""params"":[],""where_predicates"":[]},""header"":{""abi"":""Rust"",""is_async"":false,""is_const"":false,""is_unsafe"":false},""sig"":{""inputs"":[[""self"",{""generic"":""Self""}],[""shift"",{""primitive"":""u8""}]],""is_c_variadic"":false,""output"":{""qualified_path"":{""args"":null,""name"":""Output"",""self_type"":{""generic"":""Self""},""trait"":{""args"":null,""path"":""core::ops::bit::Shl""}}}}}"
arbi_anafis::ArbiUint	&arbi_anafis::ArbiUint	trait	core::ops::bit::Shl<u8>	trait_impl	Shl	src/int/api/ops/shift.rs	345	[]	[]	"{""generics"":{""params"":[],""where_predicates"":[]},""is_negative"":false,""is_unsafe"":false,""provided_trait_methods"":[]}"
arbi_anafis::ArbiUint	&arbi_anafis::ArbiUint	trait	core::ops::bit::Shl<usize>	assoc_type	Output	src/int/api/ops/shift.rs	345	[]	[]	"{""bounds"":[],""default_unstable"":null,""generics"":{""params"":[],""where_predicates"":[]},""type"":{""resolved_path"":{""args"":null,""path"":""arbi_anafis::ArbiUint""}}}"
arbi_anafis::ArbiUint	&arbi_anafis::ArbiUint	trait	core::ops::bit::Shl<usize>	method	shl	src/int/api/ops/shift.rs	345	[]	"[{""other"":""#[allow(clippy :: as_conversions, clippy :: cast_possible_truncation, reason =\n\""shift trait impls normalize counts to usize; checked conversions panic instead of truncating on narrow targets\"")]""},{""other"":""#[attr = Inline(Hint)]""},{""other"":""#[attr = TrackCaller]""}]"	"{""generics"":{""params"":[],""where_predicates"":[]},""header"":{""abi"":""Rust"",""is_async"":false,""is_const"":false,""is_unsafe"":false},""sig"":{""inputs"":[[""self"",{""generic"":""Self""}],[""shift"",{""primitive"":""usize""}]],""is_c_variadic"":false,""output"":{""qualified_path"":{""args"":null,""name"":""Output"",""self_type"":{""generic"":""Self""},""trait"":{""args"":null,""path"":""core::ops::bit::Shl""}}}}}"
arbi_anafis::ArbiUint	&arbi_anafis::ArbiUint	trait	core::ops::bit::Shl<usize>	trait_impl	Shl	src/int/api/ops/shift.rs	345	[]	[]	"{""generics"":{""params"":[],""where_predicates"":[]},""is_negative"":false,""is_unsafe"":false,""provided_trait_methods"":[]}"
arbi_anafis::ArbiUint	&arbi_anafis::ArbiUint	trait	core::ops::bit::Shr<i128>	assoc_type	Output	src/int/api/ops/shift.rs	346	[]	[]	"{""bounds"":[],""default_unstable"":null,""generics"":{""params"":[],""where_predicates"":[]},""type"":{""resolved_path"":{""args"":null,""path"":""arbi_anafis::ArbiUint""}}}"
arbi_anafis::ArbiUint	&arbi_anafis::ArbiUint	trait	core::ops::bit::Shr<i128>	method	shr	src/int/api/ops/shift.rs	346	[]	"[{""other"":""#[allow(clippy :: as_conversions, clippy :: cast_possible_truncation, reason =\n\""shift trait impls normalize counts to usize; checked conversions panic instead of truncating on narrow targets\"")]""},{""other"":""#[attr = Inline(Hint)]""},{""other"":""#[attr = TrackCaller]""}]"	"{""generics"":{""params"":[],""where_predicates"":[]},""header"":{""abi"":""Rust"",""is_async"":false,""is_const"":false,""is_unsafe"":false},""sig"":{""inputs"":[[""self"",{""generic"":""Self""}],[""shift"",{""primitive"":""i128""}]],""is_c_variadic"":false,""output"":{""qualified_path"":{""args"":null,""name"":""Output"",""self_type"":{""generic"":""Self""},""trait"":{""args"":null,""path"":""core::ops::bit::Shr""}}}}}"
arbi_anafis::ArbiUint	&arbi_anafis::ArbiUint	trait	core::ops::bit::Shr<i128>	trait_impl	Shr	src/int/api/ops/shift.rs	346	[]	[]	"{""generics"":{""params"":[],""where_predicates"":[]},""is_negative"":false,""is_unsafe"":false,""provided_trait_methods"":[]}"
arbi_anafis::ArbiUint	&arbi_anafis::ArbiUint	trait	core::ops::bit::Shr<i16>	assoc_type	Output	src/int/api/ops/shift.rs	346	[]	[]	"{""bounds"":[],""default_unstable"":null,""generics"":{""params"":[],""where_predicates"":[]},""type"":{""resolved_path"":{""args"":null,""path"":""arbi_anafis::ArbiUint""}}}"
arbi_anafis::ArbiUint	&arbi_anafis::ArbiUint	trait	core::ops::bit::Shr<i16>	method	shr	src/int/api/ops/shift.rs	346	[]	"[{""other"":""#[allow(clippy :: as_conversions, clippy :: cast_possible_truncation, reason =\n\""shift trait impls normalize counts to usize; checked conversions panic instead of truncating on narrow targets\"")]""},{""other"":""#[attr = Inline(Hint)]""},{""other"":""#[attr = TrackCaller]""}]"	"{""generics"":{""params"":[],""where_predicates"":[]},""header"":{""abi"":""Rust"",""is_async"":false,""is_const"":false,""is_unsafe"":false},""sig"":{""inputs"":[[""self"",{""generic"":""Self""}],[""shift"",{""primitive"":""i16""}]],""is_c_variadic"":false,""output"":{""qualified_path"":{""args"":null,""name"":""Output"",""self_type"":{""generic"":""Self""},""trait"":{""args"":null,""path"":""core::ops::bit::Shr""}}}}}"
arbi_anafis::ArbiUint	&arbi_anafis::ArbiUint	trait	core::ops::bit::Shr<i16>	trait_impl	Shr	src/int/api/ops/shift.rs	346	[]	[]	"{""generics"":{""params"":[],""where_predicates"":[]},""is_negative"":false,""is_unsafe"":false,""provided_trait_methods"":[]}"
arbi_anafis::ArbiUint	&arbi_anafis::ArbiUint	trait	core::ops::bit::Shr<i32>	assoc_type	Output	src/int/api/ops/shift.rs	346	[]	[]	"{""bounds"":[],""default_unstable"":null,""generics"":{""params"":[],""where_predicates"":[]},""type"":{""resolved_path"":{""args"":null,""path"":""arbi_anafis::ArbiUint""}}}"
arbi_anafis::ArbiUint	&arbi_anafis::ArbiUint	trait	core::ops::bit::Shr<i32>	method	shr	src/int/api/ops/shift.rs	346	[]	"[{""other"":""#[allow(clippy :: as_conversions, clippy :: cast_possible_truncation, reason =\n\""shift trait impls normalize counts to usize; checked conversions panic instead of truncating on narrow targets\"")]""},{""other"":""#[attr = Inline(Hint)]""},{""other"":""#[attr = TrackCaller]""}]"	"{""generics"":{""params"":[],""where_predicates"":[]},""header"":{""abi"":""Rust"",""is_async"":false,""is_const"":false,""is_unsafe"":false},""sig"":{""inputs"":[[""self"",{""generic"":""Self""}],[""shift"",{""primitive"":""i32""}]],""is_c_variadic"":false,""output"":{""qualified_path"":{""args"":null,""name"":""Output"",""self_type"":{""generic"":""Self""},""trait"":{""args"":null,""path"":""core::ops::bit::Shr""}}}}}"
arbi_anafis::ArbiUint	&arbi_anafis::ArbiUint	trait	core::ops::bit::Shr<i32>	trait_impl	Shr	src/int/api/ops/shift.rs	346	[]	[]	"{""generics"":{""params"":[],""where_predicates"":[]},""is_negative"":false,""is_unsafe"":false,""provided_trait_methods"":[]}"
arbi_anafis::ArbiUint	&arbi_anafis::ArbiUint	trait	core::ops::bit::Shr<i64>	assoc_type	Output	src/int/api/ops/shift.rs	346	[]	[]	"{""bounds"":[],""default_unstable"":null,""generics"":{""params"":[],""where_predicates"":[]},""type"":{""resolved_path"":{""args"":null,""path"":""arbi_anafis::ArbiUint""}}}"
arbi_anafis::ArbiUint	&arbi_anafis::ArbiUint	trait	core::ops::bit::Shr<i64>	method	shr	src/int/api/ops/shift.rs	346	[]	"[{""other"":""#[allow(clippy :: as_conversions, clippy :: cast_possible_truncation, reason =\n\""shift trait impls normalize counts to usize; checked conversions panic instead of truncating on narrow targets\"")]""},{""other"":""#[attr = Inline(Hint)]""},{""other"":""#[attr = TrackCaller]""}]"	"{""generics"":{""params"":[],""where_predicates"":[]},""header"":{""abi"":""Rust"",""is_async"":false,""is_const"":false,""is_unsafe"":false},""sig"":{""inputs"":[[""self"",{""generic"":""Self""}],[""shift"",{""primitive"":""i64""}]],""is_c_variadic"":false,""output"":{""qualified_path"":{""args"":null,""name"":""Output"",""self_type"":{""generic"":""Self""},""trait"":{""args"":null,""path"":""core::ops::bit::Shr""}}}}}"
arbi_anafis::ArbiUint	&arbi_anafis::ArbiUint	trait	core::ops::bit::Shr<i64>	trait_impl	Shr	src/int/api/ops/shift.rs	346	[]	[]	"{""generics"":{""params"":[],""where_predicates"":[]},""is_negative"":false,""is_unsafe"":false,""provided_trait_methods"":[]}"
arbi_anafis::ArbiUint	&arbi_anafis::ArbiUint	trait	core::ops::bit::Shr<i8>	assoc_type	Output	src/int/api/ops/shift.rs	346	[]	[]	"{""bounds"":[],""default_unstable"":null,""generics"":{""params"":[],""where_predicates"":[]},""type"":{""resolved_path"":{""args"":null,""path"":""arbi_anafis::ArbiUint""}}}"
arbi_anafis::ArbiUint	&arbi_anafis::ArbiUint	trait	core::ops::bit::Shr<i8>	method	shr	src/int/api/ops/shift.rs	346	[]	"[{""other"":""#[allow(clippy :: as_conversions, clippy :: cast_possible_truncation, reason =\n\""shift trait impls normalize counts to usize; checked conversions panic instead of truncating on narrow targets\"")]""},{""other"":""#[attr = Inline(Hint)]""},{""other"":""#[attr = TrackCaller]""}]"	"{""generics"":{""params"":[],""where_predicates"":[]},""header"":{""abi"":""Rust"",""is_async"":false,""is_const"":false,""is_unsafe"":false},""sig"":{""inputs"":[[""self"",{""generic"":""Self""}],[""shift"",{""primitive"":""i8""}]],""is_c_variadic"":false,""output"":{""qualified_path"":{""args"":null,""name"":""Output"",""self_type"":{""generic"":""Self""},""trait"":{""args"":null,""path"":""core::ops::bit::Shr""}}}}}"
arbi_anafis::ArbiUint	&arbi_anafis::ArbiUint	trait	core::ops::bit::Shr<i8>	trait_impl	Shr	src/int/api/ops/shift.rs	346	[]	[]	"{""generics"":{""params"":[],""where_predicates"":[]},""is_negative"":false,""is_unsafe"":false,""provided_trait_methods"":[]}"
arbi_anafis::ArbiUint	&arbi_anafis::ArbiUint	trait	core::ops::bit::Shr<isize>	assoc_type	Output	src/int/api/ops/shift.rs	346	[]	[]	"{""bounds"":[],""default_unstable"":null,""generics"":{""params"":[],""where_predicates"":[]},""type"":{""resolved_path"":{""args"":null,""path"":""arbi_anafis::ArbiUint""}}}"
arbi_anafis::ArbiUint	&arbi_anafis::ArbiUint	trait	core::ops::bit::Shr<isize>	method	shr	src/int/api/ops/shift.rs	346	[]	"[{""other"":""#[allow(clippy :: as_conversions, clippy :: cast_possible_truncation, reason =\n\""shift trait impls normalize counts to usize; checked conversions panic instead of truncating on narrow targets\"")]""},{""other"":""#[attr = Inline(Hint)]""},{""other"":""#[attr = TrackCaller]""}]"	"{""generics"":{""params"":[],""where_predicates"":[]},""header"":{""abi"":""Rust"",""is_async"":false,""is_const"":false,""is_unsafe"":false},""sig"":{""inputs"":[[""self"",{""generic"":""Self""}],[""shift"",{""primitive"":""isize""}]],""is_c_variadic"":false,""output"":{""qualified_path"":{""args"":null,""name"":""Output"",""self_type"":{""generic"":""Self""},""trait"":{""args"":null,""path"":""core::ops::bit::Shr""}}}}}"
arbi_anafis::ArbiUint	&arbi_anafis::ArbiUint	trait	core::ops::bit::Shr<isize>	trait_impl	Shr	src/int/api/ops/shift.rs	346	[]	[]	"{""generics"":{""params"":[],""where_predicates"":[]},""is_negative"":false,""is_unsafe"":false,""provided_trait_methods"":[]}"
arbi_anafis::ArbiUint	&arbi_anafis::ArbiUint	trait	core::ops::bit::Shr<u128>	assoc_type	Output	src/int/api/ops/shift.rs	346	[]	[]	"{""bounds"":[],""default_unstable"":null,""generics"":{""params"":[],""where_predicates"":[]},""type"":{""resolved_path"":{""args"":null,""path"":""arbi_anafis::ArbiUint""}}}"
arbi_anafis::ArbiUint	&arbi_anafis::ArbiUint	trait	core::ops::bit::Shr<u128>	method	shr	src/int/api/ops/shift.rs	346	[]	"[{""other"":""#[allow(clippy :: as_conversions, clippy :: cast_possible_truncation, reason =\n\""shift trait impls normalize counts to usize; checked conversions panic instead of truncating on narrow targets\"")]""},{""other"":""#[attr = Inline(Hint)]""},{""other"":""#[attr = TrackCaller]""}]"	"{""generics"":{""params"":[],""where_predicates"":[]},""header"":{""abi"":""Rust"",""is_async"":false,""is_const"":false,""is_unsafe"":false},""sig"":{""inputs"":[[""self"",{""generic"":""Self""}],[""shift"",{""primitive"":""u128""}]],""is_c_variadic"":false,""output"":{""qualified_path"":{""args"":null,""name"":""Output"",""self_type"":{""generic"":""Self""},""trait"":{""args"":null,""path"":""core::ops::bit::Shr""}}}}}"
arbi_anafis::ArbiUint	&arbi_anafis::ArbiUint	trait	core::ops::bit::Shr<u128>	trait_impl	Shr	src/int/api/ops/shift.rs	346	[]	[]	"{""generics"":{""params"":[],""where_predicates"":[]},""is_negative"":false,""is_unsafe"":false,""provided_trait_methods"":[]}"
arbi_anafis::ArbiUint	&arbi_anafis::ArbiUint	trait	core::ops::bit::Shr<u16>	assoc_type	Output	src/int/api/ops/shift.rs	346	[]	[]	"{""bounds"":[],""default_unstable"":null,""generics"":{""params"":[],""where_predicates"":[]},""type"":{""resolved_path"":{""args"":null,""path"":""arbi_anafis::ArbiUint""}}}"
arbi_anafis::ArbiUint	&arbi_anafis::ArbiUint	trait	core::ops::bit::Shr<u16>	method	shr	src/int/api/ops/shift.rs	346	[]	"[{""other"":""#[allow(clippy :: as_conversions, clippy :: cast_possible_truncation, reason =\n\""shift trait impls normalize counts to usize; checked conversions panic instead of truncating on narrow targets\"")]""},{""other"":""#[attr = Inline(Hint)]""},{""other"":""#[attr = TrackCaller]""}]"	"{""generics"":{""params"":[],""where_predicates"":[]},""header"":{""abi"":""Rust"",""is_async"":false,""is_const"":false,""is_unsafe"":false},""sig"":{""inputs"":[[""self"",{""generic"":""Self""}],[""shift"",{""primitive"":""u16""}]],""is_c_variadic"":false,""output"":{""qualified_path"":{""args"":null,""name"":""Output"",""self_type"":{""generic"":""Self""},""trait"":{""args"":null,""path"":""core::ops::bit::Shr""}}}}}"
arbi_anafis::ArbiUint	&arbi_anafis::ArbiUint	trait	core::ops::bit::Shr<u16>	trait_impl	Shr	src/int/api/ops/shift.rs	346	[]	[]	"{""generics"":{""params"":[],""where_predicates"":[]},""is_negative"":false,""is_unsafe"":false,""provided_trait_methods"":[]}"
arbi_anafis::ArbiUint	&arbi_anafis::ArbiUint	trait	core::ops::bit::Shr<u32>	assoc_type	Output	src/int/api/ops/shift.rs	346	[]	[]	"{""bounds"":[],""default_unstable"":null,""generics"":{""params"":[],""where_predicates"":[]},""type"":{""resolved_path"":{""args"":null,""path"":""arbi_anafis::ArbiUint""}}}"
arbi_anafis::ArbiUint	&arbi_anafis::ArbiUint	trait	core::ops::bit::Shr<u32>	method	shr	src/int/api/ops/shift.rs	346	[]	"[{""other"":""#[allow(clippy :: as_conversions, clippy :: cast_possible_truncation, reason =\n\""shift trait impls normalize counts to usize; checked conversions panic instead of truncating on narrow targets\"")]""},{""other"":""#[attr = Inline(Hint)]""},{""other"":""#[attr = TrackCaller]""}]"	"{""generics"":{""params"":[],""where_predicates"":[]},""header"":{""abi"":""Rust"",""is_async"":false,""is_const"":false,""is_unsafe"":false},""sig"":{""inputs"":[[""self"",{""generic"":""Self""}],[""shift"",{""primitive"":""u32""}]],""is_c_variadic"":false,""output"":{""qualified_path"":{""args"":null,""name"":""Output"",""self_type"":{""generic"":""Self""},""trait"":{""args"":null,""path"":""core::ops::bit::Shr""}}}}}"
arbi_anafis::ArbiUint	&arbi_anafis::ArbiUint	trait	core::ops::bit::Shr<u32>	trait_impl	Shr	src/int/api/ops/shift.rs	346	[]	[]	"{""generics"":{""params"":[],""where_predicates"":[]},""is_negative"":false,""is_unsafe"":false,""provided_trait_methods"":[]}"
arbi_anafis::ArbiUint	&arbi_anafis::ArbiUint	trait	core::ops::bit::Shr<u64>	assoc_type	Output	src/int/api/ops/shift.rs	346	[]	[]	"{""bounds"":[],""default_unstable"":null,""generics"":{""params"":[],""where_predicates"":[]},""type"":{""resolved_path"":{""args"":null,""path"":""arbi_anafis::ArbiUint""}}}"
arbi_anafis::ArbiUint	&arbi_anafis::ArbiUint	trait	core::ops::bit::Shr<u64>	method	shr	src/int/api/ops/shift.rs	346	[]	"[{""other"":""#[allow(clippy :: as_conversions, clippy :: cast_possible_truncation, reason =\n\""shift trait impls normalize counts to usize; checked conversions panic instead of truncating on narrow targets\"")]""},{""other"":""#[attr = Inline(Hint)]""},{""other"":""#[attr = TrackCaller]""}]"	"{""generics"":{""params"":[],""where_predicates"":[]},""header"":{""abi"":""Rust"",""is_async"":false,""is_const"":false,""is_unsafe"":false},""sig"":{""inputs"":[[""self"",{""generic"":""Self""}],[""shift"",{""primitive"":""u64""}]],""is_c_variadic"":false,""output"":{""qualified_path"":{""args"":null,""name"":""Output"",""self_type"":{""generic"":""Self""},""trait"":{""args"":null,""path"":""core::ops::bit::Shr""}}}}}"
arbi_anafis::ArbiUint	&arbi_anafis::ArbiUint	trait	core::ops::bit::Shr<u64>	trait_impl	Shr	src/int/api/ops/shift.rs	346	[]	[]	"{""generics"":{""params"":[],""where_predicates"":[]},""is_negative"":false,""is_unsafe"":false,""provided_trait_methods"":[]}"
arbi_anafis::ArbiUint	&arbi_anafis::ArbiUint	trait	core::ops::bit::Shr<u8>	assoc_type	Output	src/int/api/ops/shift.rs	346	[]	[]	"{""bounds"":[],""default_unstable"":null,""generics"":{""params"":[],""where_predicates"":[]},""type"":{""resolved_path"":{""args"":null,""path"":""arbi_anafis::ArbiUint""}}}"
arbi_anafis::ArbiUint	&arbi_anafis::ArbiUint	trait	core::ops::bit::Shr<u8>	method	shr	src/int/api/ops/shift.rs	346	[]	"[{""other"":""#[allow(clippy :: as_conversions, clippy :: cast_possible_truncation, reason =\n\""shift trait impls normalize counts to usize; checked conversions panic instead of truncating on narrow targets\"")]""},{""other"":""#[attr = Inline(Hint)]""},{""other"":""#[attr = TrackCaller]""}]"	"{""generics"":{""params"":[],""where_predicates"":[]},""header"":{""abi"":""Rust"",""is_async"":false,""is_const"":false,""is_unsafe"":false},""sig"":{""inputs"":[[""self"",{""generic"":""Self""}],[""shift"",{""primitive"":""u8""}]],""is_c_variadic"":false,""output"":{""qualified_path"":{""args"":null,""name"":""Output"",""self_type"":{""generic"":""Self""},""trait"":{""args"":null,""path"":""core::ops::bit::Shr""}}}}}"
arbi_anafis::ArbiUint	&arbi_anafis::ArbiUint	trait	core::ops::bit::Shr<u8>	trait_impl	Shr	src/int/api/ops/shift.rs	346	[]	[]	"{""generics"":{""params"":[],""where_predicates"":[]},""is_negative"":false,""is_unsafe"":false,""provided_trait_methods"":[]}"
arbi_anafis::ArbiUint	&arbi_anafis::ArbiUint	trait	core::ops::bit::Shr<usize>	assoc_type	Output	src/int/api/ops/shift.rs	346	[]	[]	"{""bounds"":[],""default_unstable"":null,""generics"":{""params"":[],""where_predicates"":[]},""type"":{""resolved_path"":{""args"":null,""path"":""arbi_anafis::ArbiUint""}}}"
arbi_anafis::ArbiUint	&arbi_anafis::ArbiUint	trait	core::ops::bit::Shr<usize>	method	shr	src/int/api/ops/shift.rs	346	[]	"[{""other"":""#[allow(clippy :: as_conversions, clippy :: cast_possible_truncation, reason =\n\""shift trait impls normalize counts to usize; checked conversions panic instead of truncating on narrow targets\"")]""},{""other"":""#[attr = Inline(Hint)]""},{""other"":""#[attr = TrackCaller]""}]"	"{""generics"":{""params"":[],""where_predicates"":[]},""header"":{""abi"":""Rust"",""is_async"":false,""is_const"":false,""is_unsafe"":false},""sig"":{""inputs"":[[""self"",{""generic"":""Self""}],[""shift"",{""primitive"":""usize""}]],""is_c_variadic"":false,""output"":{""qualified_path"":{""args"":null,""name"":""Output"",""self_type"":{""generic"":""Self""},""trait"":{""args"":null,""path"":""core::ops::bit::Shr""}}}}}"
arbi_anafis::ArbiUint	&arbi_anafis::ArbiUint	trait	core::ops::bit::Shr<usize>	trait_impl	Shr	src/int/api/ops/shift.rs	346	[]	[]	"{""generics"":{""params"":[],""where_predicates"":[]},""is_negative"":false,""is_unsafe"":false,""provided_trait_methods"":[]}"
arbi_anafis::ArbiUint	arbi_anafis::ArbiUint	inherent		associated_function	factorial	src/int/api/uint/theory/arithmetic.rs	35	[]	"[{""must_use"":{""reason"":null}},{""other"":""#[attr = TrackCaller]""}]"	"{""generics"":{""params"":[],""where_predicates"":[]},""header"":{""abi"":""Rust"",""is_async"":false,""is_const"":false,""is_unsafe"":false},""sig"":{""inputs"":[[""n"",{""primitive"":""u32""}],[""precision"",{""resolved_path"":{""args"":null,""path"":""arbi_anafis::Precision""}}]],""is_c_variadic"":false,""output"":{""generic"":""Self""}}}"
arbi_anafis::ArbiUint	arbi_anafis::ArbiUint	inherent		associated_function	from_be_bytes	src/int/api/uint/convert.rs	160	[]	"[{""must_use"":{""reason"":null}}]"	"{""generics"":{""params"":[],""where_predicates"":[]},""header"":{""abi"":""Rust"",""is_async"":false,""is_const"":false,""is_unsafe"":false},""sig"":{""inputs"":[[""bytes"",{""borrowed_ref"":{""is_mutable"":false,""lifetime"":null,""type"":{""slice"":{""primitive"":""u8""}}}}]],""is_c_variadic"":false,""output"":{""generic"":""Self""}}}"
arbi_anafis::ArbiUint	arbi_anafis::ArbiUint	inherent		associated_function	from_le_bytes	src/int/api/uint/convert.rs	146	[]	"[{""must_use"":{""reason"":null}}]"	"{""generics"":{""params"":[],""where_predicates"":[]},""header"":{""abi"":""Rust"",""is_async"":false,""is_const"":false,""is_unsafe"":false},""sig"":{""inputs"":[[""bytes"",{""borrowed_ref"":{""is_mutable"":false,""lifetime"":null,""type"":{""slice"":{""primitive"":""u8""}}}}]],""is_c_variadic"":false,""output"":{""generic"":""Self""}}}"
arbi_anafis::ArbiUint	arbi_anafis::ArbiUint	inherent		associated_function	from_str_radix	src/int/api/uint/convert.rs	81	[]	"[{""other"":""#[allow(clippy::same_name_method, reason =\n\""Provided as an inherent method for convenience without needing to import num_traits\"")]""}]"	"{""generics"":{""params"":[],""where_predicates"":[]},""header"":{""abi"":""Rust"",""is_async"":false,""is_const"":false,""is_unsafe"":false},""sig"":{""inputs"":[[""s"",{""borrowed_ref"":{""is_mutable"":false,""lifetime"":null,""type"":{""primitive"":""str""}}}],[""radix"",{""primitive"":""u32""}]],""is_c_variadic"":false,""output"":{""resolved_path"":{""args"":{""angle_bracketed"":{""args"":[{""type"":{""generic"":""Self""}},{""type"":{""resolved_path"":{""args"":null,""path"":""arbi_anafis::ParseArbiUintError""}}}],""constraints"":[]}},""path"":""core::result::Result""}}}}"
arbi_anafis::ArbiUint	arbi_anafis::ArbiUint	inherent		associated_function	max_for_precision	src/int/api/uint/constructors.rs	132	[]	"[{""must_use"":{""reason"":null}}]"	"{""generics"":{""params"":[],""where_predicates"":[]},""header"":{""abi"":""Rust"",""is_async"":false,""is_const"":false,""is_unsafe"":false},""sig"":{""inputs"":[[""bits"",{""primitive"":""usize""}]],""is_c_variadic"":false,""output"":{""generic"":""Self""}}}"
arbi_anafis::ArbiUint	arbi_anafis::ArbiUint	inherent		associated_function	min_for_precision	src/int/api/uint/constructors.rs	148	[]	"[{""must_use"":{""reason"":null}}]"	"{""generics"":{""params"":[],""where_predicates"":[]},""header"":{""abi"":""Rust"",""is_async"":false,""is_const"":true,""is_unsafe"":false},""sig"":{""inputs"":[[""bits"",{""primitive"":""usize""}]],""is_c_variadic"":false,""output"":{""generic"":""Self""}}}"
arbi_anafis::ArbiUint	arbi_anafis::ArbiUint	inherent		associated_function	new	src/int/api/uint/constructors.rs	54	[]	"[{""must_use"":{""reason"":null}}]"	"{""generics"":{""params"":[{""kind"":{""type"":{""bounds"":[],""default"":null,""is_synthetic"":false}},""name"":""T""}],""where_predicates"":[{""bound_predicate"":{""bounds"":[{""trait_bound"":{""generic_params"":[],""modifier"":""none"",""trait"":{""args"":{""angle_bracketed"":{""args"":[{""type"":{""generic"":""T""}}],""constraints"":[]}},""path"":""core::convert::From""}}}],""generic_params"":[],""type"":{""generic"":""Self""}}}]},""header"":{""abi"":""Rust"",""is_async"":false,""is_const"":false,""is_unsafe"":false},""sig"":{""inputs"":[[""value"",{""generic"":""T""}]],""is_c_variadic"":false,""output"":{""generic"":""Self""}}}"
arbi_anafis::ArbiUint	arbi_anafis::ArbiUint	inherent		associated_function	one	src/int/api/uint/constructors.rs	29	[]	"[{""other"":""#[allow(clippy::same_name_method, reason =\n\""Provided as an inherent method for convenience without needing to import num_traits\"")]""},{""must_use"":{""reason"":null}}]"	"{""generics"":{""params"":[],""where_predicates"":[]},""header"":{""abi"":""Rust"",""is_async"":false,""is_const"":false,""is_unsafe"":false},""sig"":{""inputs"":[],""is_c_variadic"":false,""output"":{""generic"":""Self""}}}"
arbi_anafis::ArbiUint	arbi_anafis::ArbiUint	inherent		associated_function	with_capacity	src/int/api/uint/constructors.rs	39	[]	"[{""must_use"":{""reason"":null}}]"	"{""generics"":{""params"":[],""where_predicates"":[]},""header"":{""abi"":""Rust"",""is_async"":false,""is_const"":false,""is_unsafe"":false},""sig"":{""inputs"":[[""capacity"",{""primitive"":""usize""}]],""is_c_variadic"":false,""output"":{""generic"":""Self""}}}"
arbi_anafis::ArbiUint	arbi_anafis::ArbiUint	inherent		associated_function	with_precision_checked	src/int/api/uint/constructors.rs	67	[]	[]	"{""generics"":{""params"":[{""kind"":{""type"":{""bounds"":[],""default"":null,""is_synthetic"":false}},""name"":""T""}],""where_predicates"":[{""bound_predicate"":{""bounds"":[{""trait_bound"":{""generic_params"":[],""modifier"":""none"",""trait"":{""args"":{""angle_bracketed"":{""args"":[{""type"":{""generic"":""T""}}],""constraints"":[]}},""path"":""core::convert::From""}}}],""generic_params"":[],""type"":{""generic"":""Self""}}}]},""header"":{""abi"":""Rust"",""is_async"":false,""is_const"":false,""is_unsafe"":false},""sig"":{""inputs"":[[""value"",{""generic"":""T""}],[""bits"",{""resolved_path"":{""args"":null,""path"":""arbi_anafis::BoundedPrecision""}}]],""is_c_variadic"":false,""output"":{""resolved_path"":{""args"":{""angle_bracketed"":{""args"":[{""type"":{""generic"":""Self""}},{""type"":{""resolved_path"":{""args"":null,""path"":""arbi_anafis::ArbiError""}}}],""constraints"":[]}},""path"":""core::result::Result""}}}}"
arbi_anafis::ArbiUint	arbi_anafis::ArbiUint	inherent		associated_function	with_precision_saturating	src/int/api/uint/constructors.rs	105	[]	"[{""must_use"":{""reason"":null}}]"	"{""generics"":{""params"":[{""kind"":{""type"":{""bounds"":[],""default"":null,""is_synthetic"":false}},""name"":""T""}],""where_predicates"":[{""bound_predicate"":{""bounds"":[{""trait_bound"":{""generic_params"":[],""modifier"":""none"",""trait"":{""args"":{""angle_bracketed"":{""args"":[{""type"":{""generic"":""T""}}],""constraints"":[]}},""path"":""core::convert::From""}}}],""generic_params"":[],""type"":{""generic"":""Self""}}}]},""header"":{""abi"":""Rust"",""is_async"":false,""is_const"":false,""is_unsafe"":false},""sig"":{""inputs"":[[""value"",{""generic"":""T""}],[""bits"",{""resolved_path"":{""args"":null,""path"":""arbi_anafis::BoundedPrecision""}}]],""is_c_variadic"":false,""output"":{""generic"":""Self""}}}"
arbi_anafis::ArbiUint	arbi_anafis::ArbiUint	inherent		associated_function	with_precision_wrapping	src/int/api/uint/constructors.rs	88	[]	"[{""must_use"":{""reason"":null}}]"	"{""generics"":{""params"":[{""kind"":{""type"":{""bounds"":[],""default"":null,""is_synthetic"":false}},""name"":""T""}],""where_predicates"":[{""bound_predicate"":{""bounds"":[{""trait_bound"":{""generic_params"":[],""modifier"":""none"",""trait"":{""args"":{""angle_bracketed"":{""args"":[{""type"":{""generic"":""T""}}],""constraints"":[]}},""path"":""core::convert::From""}}}],""generic_params"":[],""type"":{""generic"":""Self""}}}]},""header"":{""abi"":""Rust"",""is_async"":false,""is_const"":false,""is_unsafe"":false},""sig"":{""inputs"":[[""value"",{""generic"":""T""}],[""bits"",{""resolved_path"":{""args"":null,""path"":""arbi_anafis::BoundedPrecision""}}]],""is_c_variadic"":false,""output"":{""generic"":""Self""}}}"
arbi_anafis::ArbiUint	arbi_anafis::ArbiUint	inherent		associated_function	zero	src/int/api/uint/constructors.rs	15	[]	"[{""other"":""#[allow(clippy::same_name_method, reason =\n\""Provided as an inherent method for convenience without needing to import num_traits\"")]""},{""must_use"":{""reason"":null}}]"	"{""generics"":{""params"":[],""where_predicates"":[]},""header"":{""abi"":""Rust"",""is_async"":false,""is_const"":false,""is_unsafe"":false},""sig"":{""inputs"":[],""is_c_variadic"":false,""output"":{""generic"":""Self""}}}"
arbi_anafis::ArbiUint	arbi_anafis::ArbiUint	inherent		associated_function	zero_with_precision	src/int/api/uint/constructors.rs	157	[]	"[{""must_use"":{""reason"":null}}]"	"{""generics"":{""params"":[],""where_predicates"":[]},""header"":{""abi"":""Rust"",""is_async"":false,""is_const"":true,""is_unsafe"":false},""sig"":{""inputs"":[[""bits"",{""resolved_path"":{""args"":null,""path"":""arbi_anafis::BoundedPrecision""}}]],""is_c_variadic"":false,""output"":{""generic"":""Self""}}}"
arbi_anafis::ArbiUint	arbi_anafis::ArbiUint	inherent		method	abs_diff	src/int/api/uint/math/bounded.rs	288	[]	"[{""must_use"":{""reason"":null}}]"	"{""generics"":{""params"":[],""where_predicates"":[]},""header"":{""abi"":""Rust"",""is_async"":false,""is_const"":false,""is_unsafe"":false},""sig"":{""inputs"":[[""self"",{""borrowed_ref"":{""is_mutable"":false,""lifetime"":null,""type"":{""generic"":""Self""}}}],[""other"",{""borrowed_ref"":{""is_mutable"":false,""lifetime"":null,""type"":{""generic"":""Self""}}}]],""is_c_variadic"":false,""output"":{""generic"":""Self""}}}"
arbi_anafis::ArbiUint	arbi_anafis::ArbiUint	inherent		method	add_mod	src/int/api/uint/theory/modular.rs	8	[]	"[{""must_use"":{""reason"":null}}]"	"{""generics"":{""params"":[],""where_predicates"":[]},""header"":{""abi"":""Rust"",""is_async"":false,""is_const"":false,""is_unsafe"":false},""sig"":{""inputs"":[[""self"",{""borrowed_ref"":{""is_mutable"":false,""lifetime"":null,""type"":{""generic"":""Self""}}}],[""other"",{""borrowed_ref"":{""is_mutable"":false,""lifetime"":null,""type"":{""generic"":""Self""}}}],[""modulus"",{""borrowed_ref"":{""is_mutable"":false,""lifetime"":null,""type"":{""generic"":""Self""}}}]],""is_c_variadic"":false,""output"":{""resolved_path"":{""args"":{""angle_bracketed"":{""args"":[{""type"":{""generic"":""Self""}}],""constraints"":[]}},""path"":""core::option::Option""}}}}"
arbi_anafis::ArbiUint	arbi_anafis::ArbiUint	inherent		method	as_debug_verbose	src/int/api/uint/capacity.rs	24	[]	"[{""must_use"":{""reason"":null}}]"	"{""generics"":{""params"":[],""where_predicates"":[]},""header"":{""abi"":""Rust"",""is_async"":false,""is_const"":true,""is_unsafe"":false},""sig"":{""inputs"":[[""self"",{""borrowed_ref"":{""is_mutable"":false,""lifetime"":null,""type"":{""generic"":""Self""}}}]],""is_c_variadic"":false,""output"":{""resolved_path"":{""args"":{""angle_bracketed"":{""args"":[{""lifetime"":""'_""},{""type"":{""generic"":""Self""}}],""constraints"":[]}},""path"":""arbi_anafis::DebugVerbose""}}}}"
arbi_anafis::ArbiUint	arbi_anafis::ArbiUint	inherent		method	assign_add	src/int/api/uint/math/assignment.rs	19	[]	"[{""other"":""#[allow(clippy::inline_always, reason =\n\""Hot arithmetic entry point critical for in-place assignment peak performance\"")]""},{""other"":""#[attr = TrackCaller]""},{""other"":""#[attr = Inline(Always)]""}]"	"{""generics"":{""params"":[],""where_predicates"":[]},""header"":{""abi"":""Rust"",""is_async"":false,""is_const"":false,""is_unsafe"":false},""sig"":{""inputs"":[[""self"",{""borrowed_ref"":{""is_mutable"":true,""lifetime"":null,""type"":{""generic"":""Self""}}}],[""a"",{""borrowed_ref"":{""is_mutable"":false,""lifetime"":null,""type"":{""generic"":""Self""}}}],[""b"",{""borrowed_ref"":{""is_mutable"":false,""lifetime"":null,""type"":{""generic"":""Self""}}}]],""is_c_variadic"":false,""output"":null}}"
arbi_anafis::ArbiUint	arbi_anafis::ArbiUint	inherent		method	assign_mul	src/int/api/uint/math/assignment.rs	60	[]	"[{""other"":""#[allow(clippy::inline_always, reason =\n\""Hot arithmetic entry point critical for in-place assignment peak performance\"")]""},{""other"":""#[attr = TrackCaller]""},{""other"":""#[attr = Inline(Always)]""}]"	"{""generics"":{""params"":[],""where_predicates"":[]},""header"":{""abi"":""Rust"",""is_async"":false,""is_const"":false,""is_unsafe"":false},""sig"":{""inputs"":[[""self"",{""borrowed_ref"":{""is_mutable"":true,""lifetime"":null,""type"":{""generic"":""Self""}}}],[""a"",{""borrowed_ref"":{""is_mutable"":false,""lifetime"":null,""type"":{""generic"":""Self""}}}],[""b"",{""borrowed_ref"":{""is_mutable"":false,""lifetime"":null,""type"":{""generic"":""Self""}}}]],""is_c_variadic"":false,""output"":null}}"
arbi_anafis::ArbiUint	arbi_anafis::ArbiUint	inherent		method	assign_square	src/int/api/uint/math/assignment.rs	82	[]	"[{""other"":""#[allow(clippy::inline_always, reason =\n\""Hot arithmetic entry point critical for in-place assignment peak performance\"")]""},{""other"":""#[attr = TrackCaller]""},{""other"":""#[attr = Inline(Always)]""}]"	"{""generics"":{""params"":[],""where_predicates"":[]},""header"":{""abi"":""Rust"",""is_async"":false,""is_const"":false,""is_unsafe"":false},""sig"":{""inputs"":[[""self"",{""borrowed_ref"":{""is_mutable"":true,""lifetime"":null,""type"":{""generic"":""Self""}}}],[""a"",{""borrowed_ref"":{""is_mutable"":false,""lifetime"":null,""type"":{""generic"":""Self""}}}]],""is_c_variadic"":false,""output"":null}}"
arbi_anafis::ArbiUint	arbi_anafis::ArbiUint	inherent		method	assign_sub	src/int/api/uint/math/assignment.rs	99	[]	"[{""other"":""#[allow(clippy::inline_always, reason =\n\""Hot arithmetic entry point critical for in-place assignment peak performance\"")]""},{""must_use"":{""reason"":""the return value reports whether unsigned subtraction underflowed""}},{""other"":""#[attr = Inline(Always)]""}]"	"{""generics"":{""params"":[],""where_predicates"":[]},""header"":{""abi"":""Rust"",""is_async"":false,""is_const"":false,""is_unsafe"":false},""sig"":{""inputs"":[[""self"",{""borrowed_ref"":{""is_mutable"":true,""lifetime"":null,""type"":{""generic"":""Self""}}}],[""a"",{""borrowed_ref"":{""is_mutable"":false,""lifetime"":null,""type"":{""generic"":""Self""}}}],[""b"",{""borrowed_ref"":{""is_mutable"":false,""lifetime"":null,""type"":{""generic"":""Self""}}}]],""is_c_variadic"":false,""output"":{""primitive"":""bool""}}}"
arbi_anafis::ArbiUint	arbi_anafis::ArbiUint	inherent		method	barrett_reduce	src/int/api/uint/theory/modular.rs	135	[]	"[{""must_use"":{""reason"":null}}]"	"{""generics"":{""params"":[],""where_predicates"":[]},""header"":{""abi"":""Rust"",""is_async"":false,""is_const"":false,""is_unsafe"":false},""sig"":{""inputs"":[[""self"",{""borrowed_ref"":{""is_mutable"":false,""lifetime"":null,""type"":{""generic"":""Self""}}}],[""modulus"",{""borrowed_ref"":{""is_mutable"":false,""lifetime"":null,""type"":{""generic"":""Self""}}}]],""is_c_variadic"":false,""output"":{""resolved_path"":{""args"":{""angle_bracketed"":{""args"":[{""type"":{""generic"":""Self""}}],""constraints"":[]}},""path"":""core::option::Option""}}}}"
arbi_anafis::ArbiUint	arbi_anafis::ArbiUint	inherent		method	bit_range	src/int/api/uint/bitwise.rs	216	[]	"[{""must_use"":{""reason"":null}}]"	"{""generics"":{""params"":[],""where_predicates"":[]},""header"":{""abi"":""Rust"",""is_async"":false,""is_const"":false,""is_unsafe"":false},""sig"":{""inputs"":[[""self"",{""borrowed_ref"":{""is_mutable"":false,""lifetime"":null,""type"":{""generic"":""Self""}}}],[""from"",{""primitive"":""usize""}],[""to"",{""primitive"":""usize""}]],""is_c_variadic"":false,""output"":{""generic"":""Self""}}}"
arbi_anafis::ArbiUint	arbi_anafis::ArbiUint	inherent		method	capacity	src/int/api/uint/capacity.rs	46	[]	"[{""must_use"":{""reason"":null}}]"	"{""generics"":{""params"":[],""where_predicates"":[]},""header"":{""abi"":""Rust"",""is_async"":false,""is_const"":true,""is_unsafe"":false},""sig"":{""inputs"":[[""self"",{""borrowed_ref"":{""is_mutable"":false,""lifetime"":null,""type"":{""generic"":""Self""}}}]],""is_c_variadic"":false,""output"":{""primitive"":""usize""}}}"
arbi_anafis::ArbiUint	arbi_anafis::ArbiUint	inherent		method	checked_add	src/int/api/uint/math/checked.rs	14	[]	"[{""must_use"":{""reason"":null}}]"	"{""generics"":{""params"":[],""where_predicates"":[]},""header"":{""abi"":""Rust"",""is_async"":false,""is_const"":false,""is_unsafe"":false},""sig"":{""inputs"":[[""self"",{""borrowed_ref"":{""is_mutable"":false,""lifetime"":null,""type"":{""generic"":""Self""}}}],[""rhs"",{""borrowed_ref"":{""is_mutable"":false,""lifetime"":null,""type"":{""generic"":""Self""}}}]],""is_c_variadic"":false,""output"":{""resolved_path"":{""args"":{""angle_bracketed"":{""args"":[{""type"":{""generic"":""Self""}}],""constraints"":[]}},""path"":""core::option::Option""}}}}"
arbi_anafis::ArbiUint	arbi_anafis::ArbiUint	inherent		method	checked_div	src/int/api/uint/math/checked.rs	33	[]	"[{""must_use"":{""reason"":null}}]"	"{""generics"":{""params"":[],""where_predicates"":[]},""header"":{""abi"":""Rust"",""is_async"":false,""is_const"":false,""is_unsafe"":false},""sig"":{""inputs"":[[""self"",{""borrowed_ref"":{""is_mutable"":false,""lifetime"":null,""type"":{""generic"":""Self""}}}],[""rhs"",{""borrowed_ref"":{""is_mutable"":false,""lifetime"":null,""type"":{""generic"":""Self""}}}]],""is_c_variadic"":false,""output"":{""resolved_path"":{""args"":{""angle_bracketed"":{""args"":[{""type"":{""generic"":""Self""}}],""constraints"":[]}},""path"":""core::option::Option""}}}}"
arbi_anafis::ArbiUint	arbi_anafis::ArbiUint	inherent		method	checked_div_ceil	src/int/api/uint/math/division.rs	174	[]	"[{""must_use"":{""reason"":null}}]"	"{""generics"":{""params"":[],""where_predicates"":[]},""header"":{""abi"":""Rust"",""is_async"":false,""is_const"":false,""is_unsafe"":false},""sig"":{""inputs"":[[""self"",{""borrowed_ref"":{""is_mutable"":false,""lifetime"":null,""type"":{""generic"":""Self""}}}],[""rhs"",{""borrowed_ref"":{""is_mutable"":false,""lifetime"":null,""type"":{""generic"":""Self""}}}]],""is_c_variadic"":false,""output"":{""resolved_path"":{""args"":{""angle_bracketed"":{""args"":[{""type"":{""generic"":""Self""}}],""constraints"":[]}},""path"":""core::option::Option""}}}}"
arbi_anafis::ArbiUint	arbi_anafis::ArbiUint	inherent		method	checked_div_euclid	src/int/api/uint/math/division.rs	97	[]	"[{""must_use"":{""reason"":null}}]"	"{""generics"":{""params"":[],""where_predicates"":[]},""header"":{""abi"":""Rust"",""is_async"":false,""is_const"":false,""is_unsafe"":false},""sig"":{""inputs"":[[""self"",{""borrowed_ref"":{""is_mutable"":false,""lifetime"":null,""type"":{""generic"":""Self""}}}],[""rhs"",{""borrowed_ref"":{""is_mutable"":false,""lifetime"":null,""type"":{""generic"":""Self""}}}]],""is_c_variadic"":false,""output"":{""resolved_path"":{""args"":{""angle_bracketed"":{""args"":[{""type"":{""generic"":""Self""}}],""constraints"":[]}},""path"":""core::option::Option""}}}}"
arbi_anafis::ArbiUint	arbi_anafis::ArbiUint	inherent		method	checked_div_floor	src/int/api/uint/math/division.rs	134	[]	"[{""must_use"":{""reason"":null}}]"	"{""generics"":{""params"":[],""where_predicates"":[]},""header"":{""abi"":""Rust"",""is_async"":false,""is_const"":false,""is_unsafe"":false},""sig"":{""inputs"":[[""self"",{""borrowed_ref"":{""is_mutable"":false,""lifetime"":null,""type"":{""generic"":""Self""}}}],[""rhs"",{""borrowed_ref"":{""is_mutable"":false,""lifetime"":null,""type"":{""generic"":""Self""}}}]],""is_c_variadic"":false,""output"":{""resolved_path"":{""args"":{""angle_bracketed"":{""args"":[{""type"":{""generic"":""Self""}}],""constraints"":[]}},""path"":""core::option::Option""}}}}"
arbi_anafis::ArbiUint	arbi_anafis::ArbiUint	inherent		method	checked_div_trunc	src/int/api/uint/math/division.rs	59	[]	"[{""must_use"":{""reason"":null}}]"	"{""generics"":{""params"":[],""where_predicates"":[]},""header"":{""abi"":""Rust"",""is_async"":false,""is_const"":false,""is_unsafe"":false},""sig"":{""inputs"":[[""self"",{""borrowed_ref"":{""is_mutable"":false,""lifetime"":null,""type"":{""generic"":""Self""}}}],[""rhs"",{""borrowed_ref"":{""is_mutable"":false,""lifetime"":null,""type"":{""generic"":""Self""}}}]],""is_c_variadic"":false,""output"":{""resolved_path"":{""args"":{""angle_bracketed"":{""args"":[{""type"":{""generic"":""Self""}}],""constraints"":[]}},""path"":""core::option::Option""}}}}"
arbi_anafis::ArbiUint	arbi_anafis::ArbiUint	inherent		method	checked_mod_floor	src/int/api/uint/math/division.rs	149	[]	"[{""must_use"":{""reason"":null}}]"	"{""generics"":{""params"":[],""where_predicates"":[]},""header"":{""abi"":""Rust"",""is_async"":false,""is_const"":false,""is_unsafe"":false},""sig"":{""inputs"":[[""self"",{""borrowed_ref"":{""is_mutable"":false,""lifetime"":null,""type"":{""generic"":""Self""}}}],[""rhs"",{""borrowed_ref"":{""is_mutable"":false,""lifetime"":null,""type"":{""generic"":""Self""}}}]],""is_c_variadic"":false,""output"":{""resolved_path"":{""args"":{""angle_bracketed"":{""args"":[{""type"":{""generic"":""Self""}}],""constraints"":[]}},""path"":""core::option::Option""}}}}"
arbi_anafis::ArbiUint	arbi_anafis::ArbiUint	inherent		method	checked_mul	src/int/api/uint/math/checked.rs	27	[]	"[{""must_use"":{""reason"":null}}]"	"{""generics"":{""params"":[],""where_predicates"":[]},""header"":{""abi"":""Rust"",""is_async"":false,""is_const"":false,""is_unsafe"":false},""sig"":{""inputs"":[[""self"",{""borrowed_ref"":{""is_mutable"":false,""lifetime"":null,""type"":{""generic"":""Self""}}}],[""rhs"",{""borrowed_ref"":{""is_mutable"":false,""lifetime"":null,""type"":{""generic"":""Self""}}}]],""is_c_variadic"":false,""output"":{""resolved_path"":{""args"":{""angle_bracketed"":{""args"":[{""type"":{""generic"":""Self""}}],""constraints"":[]}},""path"":""core::option::Option""}}}}"
arbi_anafis::ArbiUint	arbi_anafis::ArbiUint	inherent		method	checked_next_power_of_two	src/int/api/uint/theory/powers.rs	74	[]	"[{""must_use"":{""reason"":null}}]"	"{""generics"":{""params"":[],""where_predicates"":[]},""header"":{""abi"":""Rust"",""is_async"":false,""is_const"":false,""is_unsafe"":false},""sig"":{""inputs"":[[""self"",{""borrowed_ref"":{""is_mutable"":false,""lifetime"":null,""type"":{""generic"":""Self""}}}]],""is_c_variadic"":false,""output"":{""resolved_path"":{""args"":{""angle_bracketed"":{""args"":[{""type"":{""generic"":""Self""}}],""constraints"":[]}},""path"":""core::option::Option""}}}}"
arbi_anafis::ArbiUint	arbi_anafis::ArbiUint	inherent		method	checked_pow	src/int/api/uint/theory/powers.rs	22	[]	"[{""must_use"":{""reason"":null}}]"	"{""generics"":{""params"":[],""where_predicates"":[]},""header"":{""abi"":""Rust"",""is_async"":false,""is_const"":false,""is_unsafe"":false},""sig"":{""inputs"":[[""self"",{""borrowed_ref"":{""is_mutable"":false,""lifetime"":null,""type"":{""generic"":""Self""}}}],[""exp"",{""primitive"":""u32""}]],""is_c_variadic"":false,""output"":{""resolved_path"":{""args"":{""angle_bracketed"":{""args"":[{""type"":{""generic"":""Self""}}],""constraints"":[]}},""path"":""core::option::Option""}}}}"
arbi_anafis::ArbiUint	arbi_anafis::ArbiUint	inherent		method	checked_rem	src/int/api/uint/math/checked.rs	39	[]	"[{""must_use"":{""reason"":null}}]"	"{""generics"":{""params"":[],""where_predicates"":[]},""header"":{""abi"":""Rust"",""is_async"":false,""is_const"":false,""is_unsafe"":false},""sig"":{""inputs"":[[""self"",{""borrowed_ref"":{""is_mutable"":false,""lifetime"":null,""type"":{""generic"":""Self""}}}],[""rhs"",{""borrowed_ref"":{""is_mutable"":false,""lifetime"":null,""type"":{""generic"":""Self""}}}]],""is_c_variadic"":false,""output"":{""resolved_path"":{""args"":{""angle_bracketed"":{""args"":[{""type"":{""generic"":""Self""}}],""constraints"":[]}},""path"":""core::option::Option""}}}}"
arbi_anafis::ArbiUint	arbi_anafis::ArbiUint	inherent		method	checked_rem_euclid	src/int/api/uint/math/division.rs	112	[]	"[{""must_use"":{""reason"":null}}]"	"{""generics"":{""params"":[],""where_predicates"":[]},""header"":{""abi"":""Rust"",""is_async"":false,""is_const"":false,""is_unsafe"":false},""sig"":{""inputs"":[[""self"",{""borrowed_ref"":{""is_mutable"":false,""lifetime"":null,""type"":{""generic"":""Self""}}}],[""rhs"",{""borrowed_ref"":{""is_mutable"":false,""lifetime"":null,""type"":{""generic"":""Self""}}}]],""is_c_variadic"":false,""output"":{""resolved_path"":{""args"":{""angle_bracketed"":{""args"":[{""type"":{""generic"":""Self""}}],""constraints"":[]}},""path"":""core::option::Option""}}}}"
arbi_anafis::ArbiUint	arbi_anafis::ArbiUint	inherent		method	checked_rem_trunc	src/int/api/uint/math/division.rs	75	[]	"[{""must_use"":{""reason"":null}}]"	"{""generics"":{""params"":[],""where_predicates"":[]},""header"":{""abi"":""Rust"",""is_async"":false,""is_const"":false,""is_unsafe"":false},""sig"":{""inputs"":[[""self"",{""borrowed_ref"":{""is_mutable"":false,""lifetime"":null,""type"":{""generic"":""Self""}}}],[""rhs"",{""borrowed_ref"":{""is_mutable"":false,""lifetime"":null,""type"":{""generic"":""Self""}}}]],""is_c_variadic"":false,""output"":{""resolved_path"":{""args"":{""angle_bracketed"":{""args"":[{""type"":{""generic"":""Self""}}],""constraints"":[]}},""path"":""core::option::Option""}}}}"
arbi_anafis::ArbiUint	arbi_anafis::ArbiUint	inherent		method	checked_shl	src/int/api/uint/shift.rs	16	[]	"[{""must_use"":{""reason"":null}}]"	"{""generics"":{""params"":[],""where_predicates"":[]},""header"":{""abi"":""Rust"",""is_async"":false,""is_const"":false,""is_unsafe"":false},""sig"":{""inputs"":[[""self"",{""borrowed_ref"":{""is_mutable"":false,""lifetime"":null,""type"":{""generic"":""Self""}}}],[""shift"",{""primitive"":""usize""}]],""is_c_variadic"":false,""output"":{""resolved_path"":{""args"":{""angle_bracketed"":{""args"":[{""type"":{""generic"":""Self""}}],""constraints"":[]}},""path"":""core::option::Option""}}}}"
arbi_anafis::ArbiUint	arbi_anafis::ArbiUint	inherent		method	checked_sub	src/int/api/uint/math/checked.rs	20	[]	"[{""must_use"":{""reason"":null}}]"	"{""generics"":{""params"":[],""where_predicates"":[]},""header"":{""abi"":""Rust"",""is_async"":false,""is_const"":false,""is_unsafe"":false},""sig"":{""inputs"":[[""self"",{""borrowed_ref"":{""is_mutable"":false,""lifetime"":null,""type"":{""generic"":""Self""}}}],[""rhs"",{""borrowed_ref"":{""is_mutable"":false,""lifetime"":null,""type"":{""generic"":""Self""}}}]],""is_c_variadic"":false,""output"":{""resolved_path"":{""args"":{""angle_bracketed"":{""args"":[{""type"":{""generic"":""Self""}}],""constraints"":[]}},""path"":""core::option::Option""}}}}"
arbi_anafis::ArbiUint	arbi_anafis::ArbiUint	inherent		method	clamp	src/int/api/uint/properties.rs	95	[]	"[{""other"":""#[allow(clippy::same_name_method, reason =\n\""Inherent method mirrors num_traits trait for ergonomic access without trait import\"")]""},{""other"":""#[attr = Inline(Hint)]""},{""must_use"":{""reason"":null}}]"	"{""generics"":{""params"":[],""where_predicates"":[]},""header"":{""abi"":""Rust"",""is_async"":false,""is_const"":false,""is_unsafe"":false},""sig"":{""inputs"":[[""self"",{""generic"":""Self""}],[""min"",{""generic"":""Self""}],[""max"",{""generic"":""Self""}]],""is_c_variadic"":false,""output"":{""generic"":""Self""}}}"
arbi_anafis::ArbiUint	arbi_anafis::ArbiUint	inherent		method	clear_bit	src/int/api/uint/bitwise.rs	186	[]	"[{""must_use"":{""reason"":null}}]"	"{""generics"":{""params"":[],""where_predicates"":[]},""header"":{""abi"":""Rust"",""is_async"":false,""is_const"":false,""is_unsafe"":false},""sig"":{""inputs"":[[""self"",{""borrowed_ref"":{""is_mutable"":false,""lifetime"":null,""type"":{""generic"":""Self""}}}],[""bit"",{""primitive"":""usize""}]],""is_c_variadic"":false,""output"":{""generic"":""Self""}}}"
arbi_anafis::ArbiUint	arbi_anafis::ArbiUint	inherent		method	count_ones	src/int/api/uint/bitwise.rs	137	[]	"[{""must_use"":{""reason"":null}}]"	"{""generics"":{""params"":[],""where_predicates"":[]},""header"":{""abi"":""Rust"",""is_async"":false,""is_const"":false,""is_unsafe"":false},""sig"":{""inputs"":[[""self"",{""borrowed_ref"":{""is_mutable"":false,""lifetime"":null,""type"":{""generic"":""Self""}}}]],""is_c_variadic"":false,""output"":{""primitive"":""usize""}}}"
arbi_anafis::ArbiUint	arbi_anafis::ArbiUint	inherent		method	count_zeros	src/int/api/uint/bitwise.rs	144	[]	"[{""must_use"":{""reason"":null}}]"	"{""generics"":{""params"":[],""where_predicates"":[]},""header"":{""abi"":""Rust"",""is_async"":false,""is_const"":false,""is_unsafe"":false},""sig"":{""inputs"":[[""self"",{""borrowed_ref"":{""is_mutable"":false,""lifetime"":null,""type"":{""generic"":""Self""}}}]],""is_c_variadic"":false,""output"":{""resolved_path"":{""args"":{""angle_bracketed"":{""args"":[{""type"":{""primitive"":""usize""}}],""constraints"":[]}},""path"":""core::option::Option""}}}}"
arbi_anafis::ArbiUint	arbi_anafis::ArbiUint	inherent		method	div_ceil	src/int/api/uint/math/division.rs	159	[]	"[{""must_use"":{""reason"":null}},{""other"":""#[attr = TrackCaller]""}]"	"{""generics"":{""params"":[],""where_predicates"":[]},""header"":{""abi"":""Rust"",""is_async"":false,""is_const"":false,""is_unsafe"":false},""sig"":{""inputs"":[[""self"",{""borrowed_ref"":{""is_mutable"":false,""lifetime"":null,""type"":{""generic"":""Self""}}}],[""rhs"",{""borrowed_ref"":{""is_mutable"":false,""lifetime"":null,""type"":{""generic"":""Self""}}}]],""is_c_variadic"":false,""output"":{""generic"":""Self""}}}"
arbi_anafis::ArbiUint	arbi_anafis::ArbiUint	inherent		method	div_euclid	src/int/api/uint/math/division.rs	91	[]	"[{""must_use"":{""reason"":null}}]"	"{""generics"":{""params"":[],""where_predicates"":[]},""header"":{""abi"":""Rust"",""is_async"":false,""is_const"":false,""is_unsafe"":false},""sig"":{""inputs"":[[""self"",{""borrowed_ref"":{""is_mutable"":false,""lifetime"":null,""type"":{""generic"":""Self""}}}],[""rhs"",{""borrowed_ref"":{""is_mutable"":false,""lifetime"":null,""type"":{""generic"":""Self""}}}]],""is_c_variadic"":false,""output"":{""generic"":""Self""}}}"
arbi_anafis::ArbiUint	arbi_anafis::ArbiUint	inherent		method	div_floor	src/int/api/uint/math/division.rs	128	[]	"[{""must_use"":{""reason"":null}}]"	"{""generics"":{""params"":[],""where_predicates"":[]},""header"":{""abi"":""Rust"",""is_async"":false,""is_const"":false,""is_unsafe"":false},""sig"":{""inputs"":[[""self"",{""borrowed_ref"":{""is_mutable"":false,""lifetime"":null,""type"":{""generic"":""Self""}}}],[""rhs"",{""borrowed_ref"":{""is_mutable"":false,""lifetime"":null,""type"":{""generic"":""Self""}}}]],""is_c_variadic"":false,""output"":{""generic"":""Self""}}}"
arbi_anafis::ArbiUint	arbi_anafis::ArbiUint	inherent		method	div_rem	src/int/api/uint/math/division.rs	8	[]	"[{""must_use"":{""reason"":null}}]"	"{""generics"":{""params"":[],""where_predicates"":[]},""header"":{""abi"":""Rust"",""is_async"":false,""is_const"":false,""is_unsafe"":false},""sig"":{""inputs"":[[""self"",{""borrowed_ref"":{""is_mutable"":false,""lifetime"":null,""type"":{""generic"":""Self""}}}],[""rhs"",{""borrowed_ref"":{""is_mutable"":false,""lifetime"":null,""type"":{""generic"":""Self""}}}]],""is_c_variadic"":false,""output"":{""resolved_path"":{""args"":{""angle_bracketed"":{""args"":[{""type"":{""tuple"":[{""generic"":""Self""},{""generic"":""Self""}]}}],""constraints"":[]}},""path"":""core::option::Option""}}}}"
arbi_anafis::ArbiUint	arbi_anafis::ArbiUint	inherent		method	div_rem_euclid	src/int/api/uint/math/division.rs	82	[]	"[{""must_use"":{""reason"":null}}]"	"{""generics"":{""params"":[],""where_predicates"":[]},""header"":{""abi"":""Rust"",""is_async"":false,""is_const"":false,""is_unsafe"":false},""sig"":{""inputs"":[[""self"",{""borrowed_ref"":{""is_mutable"":false,""lifetime"":null,""type"":{""generic"":""Self""}}}],[""rhs"",{""borrowed_ref"":{""is_mutable"":false,""lifetime"":null,""type"":{""generic"":""Self""}}}]],""is_c_variadic"":false,""output"":{""resolved_path"":{""args"":{""angle_bracketed"":{""args"":[{""type"":{""tuple"":[{""generic"":""Self""},{""generic"":""Self""}]}}],""constraints"":[]}},""path"":""core::option::Option""}}}}"
arbi_anafis::ArbiUint	arbi_anafis::ArbiUint	inherent		method	div_rem_floor	src/int/api/uint/math/division.rs	119	[]	"[{""must_use"":{""reason"":null}}]"	"{""generics"":{""params"":[],""where_predicates"":[]},""header"":{""abi"":""Rust"",""is_async"":false,""is_const"":false,""is_unsafe"":false},""sig"":{""inputs"":[[""self"",{""borrowed_ref"":{""is_mutable"":false,""lifetime"":null,""type"":{""generic"":""Self""}}}],[""rhs"",{""borrowed_ref"":{""is_mutable"":false,""lifetime"":null,""type"":{""generic"":""Self""}}}]],""is_c_variadic"":false,""output"":{""resolved_path"":{""args"":{""angle_bracketed"":{""args"":[{""type"":{""tuple"":[{""generic"":""Self""},{""generic"":""Self""}]}}],""constraints"":[]}},""path"":""core::option::Option""}}}}"
arbi_anafis::ArbiUint	arbi_anafis::ArbiUint	inherent		method	div_trunc	src/int/api/uint/math/division.rs	49	[]	"[{""must_use"":{""reason"":null}}]"	"{""generics"":{""params"":[],""where_predicates"":[]},""header"":{""abi"":""Rust"",""is_async"":false,""is_const"":false,""is_unsafe"":false},""sig"":{""inputs"":[[""self"",{""borrowed_ref"":{""is_mutable"":false,""lifetime"":null,""type"":{""generic"":""Self""}}}],[""rhs"",{""borrowed_ref"":{""is_mutable"":false,""lifetime"":null,""type"":{""generic"":""Self""}}}]],""is_c_variadic"":false,""output"":{""generic"":""Self""}}}"
arbi_anafis::ArbiUint	arbi_anafis::ArbiUint	inherent		method	euler_phi	src/int/api/uint/theory/arithmetic.rs	8	[]	"[{""must_use"":{""reason"":null}}]"	"{""generics"":{""params"":[],""where_predicates"":[]},""header"":{""abi"":""Rust"",""is_async"":false,""is_const"":false,""is_unsafe"":false},""sig"":{""inputs"":[[""self"",{""borrowed_ref"":{""is_mutable"":false,""lifetime"":null,""type"":{""generic"":""Self""}}}]],""is_c_variadic"":false,""output"":{""resolved_path"":{""args"":{""angle_bracketed"":{""args"":[{""type"":{""generic"":""Self""}}],""constraints"":[]}},""path"":""core::option::Option""}}}}"
arbi_anafis::ArbiUint	arbi_anafis::ArbiUint	inherent		method	extended_gcd	src/int/api/uint/theory/gcd.rs	75	[]	"[{""must_use"":{""reason"":null}}]"	"{""generics"":{""params"":[],""where_predicates"":[]},""header"":{""abi"":""Rust"",""is_async"":false,""is_const"":false,""is_unsafe"":false},""sig"":{""inputs"":[[""self"",{""borrowed_ref"":{""is_mutable"":false,""lifetime"":null,""type"":{""generic"":""Self""}}}],[""other"",{""borrowed_ref"":{""is_mutable"":false,""lifetime"":null,""type"":{""generic"":""Self""}}}]],""is_c_variadic"":false,""output"":{""resolved_path"":{""args"":{""angle_bracketed"":{""args"":[{""type"":{""tuple"":[{""generic"":""Self""},{""generic"":""Self""},{""generic"":""Self""}]}}],""constraints"":[]}},""path"":""core::option::Option""}}}}"
arbi_anafis::ArbiUint	arbi_anafis::ArbiUint	inherent		method	find_first_set_bit	src/int/api/uint/bitwise.rs	198	[]	"[{""must_use"":{""reason"":null}}]"	"{""generics"":{""params"":[],""where_predicates"":[]},""header"":{""abi"":""Rust"",""is_async"":false,""is_const"":false,""is_unsafe"":false},""sig"":{""inputs"":[[""self"",{""borrowed_ref"":{""is_mutable"":false,""lifetime"":null,""type"":{""generic"":""Self""}}}]],""is_c_variadic"":false,""output"":{""resolved_path"":{""args"":{""angle_bracketed"":{""args"":[{""type"":{""primitive"":""usize""}}],""constraints"":[]}},""path"":""core::option::Option""}}}}"
arbi_anafis::ArbiUint	arbi_anafis::ArbiUint	inherent		method	find_first_zero_bit	src/int/api/uint/bitwise.rs	13	[]	"[{""must_use"":{""reason"":null}}]"	"{""generics"":{""params"":[],""where_predicates"":[]},""header"":{""abi"":""Rust"",""is_async"":false,""is_const"":false,""is_unsafe"":false},""sig"":{""inputs"":[[""self"",{""borrowed_ref"":{""is_mutable"":false,""lifetime"":null,""type"":{""generic"":""Self""}}}]],""is_c_variadic"":false,""output"":{""primitive"":""usize""}}}"
arbi_anafis::ArbiUint	arbi_anafis::ArbiUint	inherent		method	find_next_set_bit	src/int/api/uint/bitwise.rs	204	[]	"[{""must_use"":{""reason"":null}}]"	"{""generics"":{""params"":[],""where_predicates"":[]},""header"":{""abi"":""Rust"",""is_async"":false,""is_const"":false,""is_unsafe"":false},""sig"":{""inputs"":[[""self"",{""borrowed_ref"":{""is_mutable"":false,""lifetime"":null,""type"":{""generic"":""Self""}}}],[""from"",{""primitive"":""usize""}]],""is_c_variadic"":false,""output"":{""resolved_path"":{""args"":{""angle_bracketed"":{""args"":[{""type"":{""primitive"":""usize""}}],""constraints"":[]}},""path"":""core::option::Option""}}}}"
arbi_anafis::ArbiUint	arbi_anafis::ArbiUint	inherent		method	find_next_zero_bit	src/int/api/uint/bitwise.rs	210	[]	"[{""must_use"":{""reason"":null}}]"	"{""generics"":{""params"":[],""where_predicates"":[]},""header"":{""abi"":""Rust"",""is_async"":false,""is_const"":false,""is_unsafe"":false},""sig"":{""inputs"":[[""self"",{""borrowed_ref"":{""is_mutable"":false,""lifetime"":null,""type"":{""generic"":""Self""}}}],[""from"",{""primitive"":""usize""}]],""is_c_variadic"":false,""output"":{""primitive"":""usize""}}}"
arbi_anafis::ArbiUint	arbi_anafis::ArbiUint	inherent		method	gcd	src/int/api/uint/theory/gcd.rs	8	[]	"[{""must_use"":{""reason"":null}}]"	"{""generics"":{""params"":[],""where_predicates"":[]},""header"":{""abi"":""Rust"",""is_async"":false,""is_const"":false,""is_unsafe"":false},""sig"":{""inputs"":[[""self"",{""borrowed_ref"":{""is_mutable"":false,""lifetime"":null,""type"":{""generic"":""Self""}}}],[""other"",{""borrowed_ref"":{""is_mutable"":false,""lifetime"":null,""type"":{""generic"":""Self""}}}]],""is_c_variadic"":false,""output"":{""generic"":""Self""}}}"
arbi_anafis::ArbiUint	arbi_anafis::ArbiUint	inherent		method	gcd_lcm	src/int/api/uint/theory/gcd.rs	23	[]	"[{""must_use"":{""reason"":null}}]"	"{""generics"":{""params"":[],""where_predicates"":[]},""header"":{""abi"":""Rust"",""is_async"":false,""is_const"":false,""is_unsafe"":false},""sig"":{""inputs"":[[""self"",{""borrowed_ref"":{""is_mutable"":false,""lifetime"":null,""type"":{""generic"":""Self""}}}],[""other"",{""borrowed_ref"":{""is_mutable"":false,""lifetime"":null,""type"":{""generic"":""Self""}}}]],""is_c_variadic"":false,""output"":{""resolved_path"":{""args"":{""angle_bracketed"":{""args"":[{""type"":{""tuple"":[{""generic"":""Self""},{""generic"":""Self""}]}}],""constraints"":[]}},""path"":""core::option::Option""}}}}"
arbi_anafis::ArbiUint	arbi_anafis::ArbiUint	inherent		method	get_bit	src/int/api/uint/bitwise.rs	152	[]	"[{""must_use"":{""reason"":null}}]"	"{""generics"":{""params"":[],""where_predicates"":[]},""header"":{""abi"":""Rust"",""is_async"":false,""is_const"":false,""is_unsafe"":false},""sig"":{""inputs"":[[""self"",{""borrowed_ref"":{""is_mutable"":false,""lifetime"":null,""type"":{""generic"":""Self""}}}],[""bit"",{""primitive"":""usize""}]],""is_c_variadic"":false,""output"":{""primitive"":""bool""}}}"
arbi_anafis::ArbiUint	arbi_anafis::ArbiUint	inherent		method	invert	src/int/api/uint/theory/modular.rs	80	[]	"[{""must_use"":{""reason"":null}}]"	"{""generics"":{""params"":[],""where_predicates"":[]},""header"":{""abi"":""Rust"",""is_async"":false,""is_const"":false,""is_unsafe"":false},""sig"":{""inputs"":[[""self"",{""borrowed_ref"":{""is_mutable"":false,""lifetime"":null,""type"":{""generic"":""Self""}}}],[""modulus"",{""borrowed_ref"":{""is_mutable"":false,""lifetime"":null,""type"":{""generic"":""Self""}}}]],""is_c_variadic"":false,""output"":{""resolved_path"":{""args"":{""angle_bracketed"":{""args"":[{""type"":{""generic"":""Self""}}],""constraints"":[]}},""path"":""core::option::Option""}}}}"
arbi_anafis::ArbiUint	arbi_anafis::ArbiUint	inherent		method	is_coprime	src/int/api/uint/theory/gcd.rs	64	[]	"[{""must_use"":{""reason"":null}}]"	"{""generics"":{""params"":[],""where_predicates"":[]},""header"":{""abi"":""Rust"",""is_async"":false,""is_const"":false,""is_unsafe"":false},""sig"":{""inputs"":[[""self"",{""borrowed_ref"":{""is_mutable"":false,""lifetime"":null,""type"":{""generic"":""Self""}}}],[""other"",{""borrowed_ref"":{""is_mutable"":false,""lifetime"":null,""type"":{""generic"":""Self""}}}]],""is_c_variadic"":false,""output"":{""primitive"":""bool""}}}"
arbi_anafis::ArbiUint	arbi_anafis::ArbiUint	inherent		method	is_divisible_by	src/int/api/uint/math/division.rs	32	[]	"[{""must_use"":{""reason"":null}}]"	"{""generics"":{""params"":[],""where_predicates"":[]},""header"":{""abi"":""Rust"",""is_async"":false,""is_const"":false,""is_unsafe"":false},""sig"":{""inputs"":[[""self"",{""borrowed_ref"":{""is_mutable"":false,""lifetime"":null,""type"":{""generic"":""Self""}}}],[""other"",{""borrowed_ref"":{""is_mutable"":false,""lifetime"":null,""type"":{""generic"":""Self""}}}]],""is_c_variadic"":false,""output"":{""primitive"":""bool""}}}"
arbi_anafis::ArbiUint	arbi_anafis::ArbiUint	inherent		method	is_divisor_of	src/int/api/uint/math/division.rs	40	[]	"[{""must_use"":{""reason"":null}}]"	"{""generics"":{""params"":[],""where_predicates"":[]},""header"":{""abi"":""Rust"",""is_async"":false,""is_const"":false,""is_unsafe"":false},""sig"":{""inputs"":[[""self"",{""borrowed_ref"":{""is_mutable"":false,""lifetime"":null,""type"":{""generic"":""Self""}}}],[""other"",{""borrowed_ref"":{""is_mutable"":false,""lifetime"":null,""type"":{""generic"":""Self""}}}]],""is_c_variadic"":false,""output"":{""primitive"":""bool""}}}"
arbi_anafis::ArbiUint	arbi_anafis::ArbiUint	inherent		method	is_even	src/int/api/uint/properties.rs	31	[]	"[{""other"":""#[attr = Inline(Hint)]""},{""must_use"":{""reason"":null}}]"	"{""generics"":{""params"":[],""where_predicates"":[]},""header"":{""abi"":""Rust"",""is_async"":false,""is_const"":false,""is_unsafe"":false},""sig"":{""inputs"":[[""self"",{""borrowed_ref"":{""is_mutable"":false,""lifetime"":null,""type"":{""generic"":""Self""}}}]],""is_c_variadic"":false,""output"":{""primitive"":""bool""}}}"
arbi_anafis::ArbiUint	arbi_anafis::ArbiUint	inherent		method	is_odd	src/int/api/uint/properties.rs	38	[]	"[{""other"":""#[attr = Inline(Hint)]""},{""must_use"":{""reason"":null}}]"	"{""generics"":{""params"":[],""where_predicates"":[]},""header"":{""abi"":""Rust"",""is_async"":false,""is_const"":false,""is_unsafe"":false},""sig"":{""inputs"":[[""self"",{""borrowed_ref"":{""is_mutable"":false,""lifetime"":null,""type"":{""generic"":""Self""}}}]],""is_c_variadic"":false,""output"":{""primitive"":""bool""}}}"
arbi_anafis::ArbiUint	arbi_anafis::ArbiUint	inherent		method	is_one	src/int/api/uint/properties.rs	24	[]	"[{""other"":""#[allow(clippy::same_name_method, reason =\n\""Inherent method mirrors num_traits trait for ergonomic access without trait import\"")]""},{""other"":""#[attr = Inline(Hint)]""},{""must_use"":{""reason"":null}}]"	"{""generics"":{""params"":[],""where_predicates"":[]},""header"":{""abi"":""Rust"",""is_async"":false,""is_const"":false,""is_unsafe"":false},""sig"":{""inputs"":[[""self"",{""borrowed_ref"":{""is_mutable"":false,""lifetime"":null,""type"":{""generic"":""Self""}}}]],""is_c_variadic"":false,""output"":{""primitive"":""bool""}}}"
arbi_anafis::ArbiUint	arbi_anafis::ArbiUint	inherent		method	is_perfect_square	src/int/api/uint/theory/roots.rs	50	[]	"[{""must_use"":{""reason"":null}}]"	"{""generics"":{""params"":[],""where_predicates"":[]},""header"":{""abi"":""Rust"",""is_async"":false,""is_const"":false,""is_unsafe"":false},""sig"":{""inputs"":[[""self"",{""borrowed_ref"":{""is_mutable"":false,""lifetime"":null,""type"":{""generic"":""Self""}}}]],""is_c_variadic"":false,""output"":{""primitive"":""bool""}}}"
arbi_anafis::ArbiUint	arbi_anafis::ArbiUint	inherent		method	is_power_of_two	src/int/api/uint/theory/powers.rs	68	[]	"[{""must_use"":{""reason"":null}}]"	"{""generics"":{""params"":[],""where_predicates"":[]},""header"":{""abi"":""Rust"",""is_async"":false,""is_const"":false,""is_unsafe"":false},""sig"":{""inputs"":[[""self"",{""borrowed_ref"":{""is_mutable"":false,""lifetime"":null,""type"":{""generic"":""Self""}}}]],""is_c_variadic"":false,""output"":{""primitive"":""bool""}}}"
arbi_anafis::ArbiUint	arbi_anafis::ArbiUint	inherent		method	is_prime	src/int/api/uint/theory/primes.rs	8	[]	"[{""must_use"":{""reason"":null}}]"	"{""generics"":{""params"":[],""where_predicates"":[]},""header"":{""abi"":""Rust"",""is_async"":false,""is_const"":false,""is_unsafe"":false},""sig"":{""inputs"":[[""self"",{""borrowed_ref"":{""is_mutable"":false,""lifetime"":null,""type"":{""generic"":""Self""}}}]],""is_c_variadic"":false,""output"":{""primitive"":""bool""}}}"
arbi_anafis::ArbiUint	arbi_anafis::ArbiUint	inherent		method	is_probably_prime	src/int/api/uint/theory/primes.rs	14	[]	"[{""must_use"":{""reason"":null}}]"	"{""generics"":{""params"":[],""where_predicates"":[]},""header"":{""abi"":""Rust"",""is_async"":false,""is_const"":false,""is_unsafe"":false},""sig"":{""inputs"":[[""self"",{""borrowed_ref"":{""is_mutable"":false,""lifetime"":null,""type"":{""generic"":""Self""}}}],[""k"",{""primitive"":""u32""}]],""is_c_variadic"":false,""output"":{""primitive"":""bool""}}}"
arbi_anafis::ArbiUint	arbi_anafis::ArbiUint	inherent		method	is_zero	src/int/api/uint/properties.rs	13	[]	"[{""other"":""#[allow(clippy::same_name_method, reason =\n\""Inherent method mirrors num_traits trait for ergonomic access without trait import\"")]""},{""other"":""#[attr = Inline(Hint)]""},{""must_use"":{""reason"":null}}]"	"{""generics"":{""params"":[],""where_predicates"":[]},""header"":{""abi"":""Rust"",""is_async"":false,""is_const"":false,""is_unsafe"":false},""sig"":{""inputs"":[[""self"",{""borrowed_ref"":{""is_mutable"":false,""lifetime"":null,""type"":{""generic"":""Self""}}}]],""is_c_variadic"":false,""output"":{""primitive"":""bool""}}}"
arbi_anafis::ArbiUint	arbi_anafis::ArbiUint	inherent		method	isqrt	src/int/api/uint/theory/roots.rs	8	[]	"[{""must_use"":{""reason"":null}}]"	"{""generics"":{""params"":[],""where_predicates"":[]},""header"":{""abi"":""Rust"",""is_async"":false,""is_const"":false,""is_unsafe"":false},""sig"":{""inputs"":[[""self"",{""borrowed_ref"":{""is_mutable"":false,""lifetime"":null,""type"":{""generic"":""Self""}}}]],""is_c_variadic"":false,""output"":{""resolved_path"":{""args"":{""angle_bracketed"":{""args"":[{""type"":{""generic"":""Self""}}],""constraints"":[]}},""path"":""core::option::Option""}}}}"
arbi_anafis::ArbiUint	arbi_anafis::ArbiUint	inherent		method	jacobi_symbol	src/int/api/uint/theory/arithmetic.rs	21	[]	"[{""must_use"":{""reason"":null}}]"	"{""generics"":{""params"":[],""where_predicates"":[]},""header"":{""abi"":""Rust"",""is_async"":false,""is_const"":false,""is_unsafe"":false},""sig"":{""inputs"":[[""self"",{""borrowed_ref"":{""is_mutable"":false,""lifetime"":null,""type"":{""generic"":""Self""}}}],[""other"",{""borrowed_ref"":{""is_mutable"":false,""lifetime"":null,""type"":{""generic"":""Self""}}}]],""is_c_variadic"":false,""output"":{""resolved_path"":{""args"":{""angle_bracketed"":{""args"":[{""type"":{""primitive"":""i8""}}],""constraints"":[]}},""path"":""core::option::Option""}}}}"
arbi_anafis::ArbiUint	arbi_anafis::ArbiUint	inherent		method	lcm	src/int/api/uint/theory/gcd.rs	47	[]	"[{""must_use"":{""reason"":null}}]"	"{""generics"":{""params"":[],""where_predicates"":[]},""header"":{""abi"":""Rust"",""is_async"":false,""is_const"":false,""is_unsafe"":false},""sig"":{""inputs"":[[""self"",{""borrowed_ref"":{""is_mutable"":false,""lifetime"":null,""type"":{""generic"":""Self""}}}],[""other"",{""borrowed_ref"":{""is_mutable"":false,""lifetime"":null,""type"":{""generic"":""Self""}}}]],""is_c_variadic"":false,""output"":{""resolved_path"":{""args"":{""angle_bracketed"":{""args"":[{""type"":{""generic"":""Self""}}],""constraints"":[]}},""path"":""core::option::Option""}}}}"
arbi_anafis::ArbiUint	arbi_anafis::ArbiUint	inherent		method	leading_ones	src/int/api/uint/bitwise.rs	117	[]	"[{""must_use"":{""reason"":null}}]"	"{""generics"":{""params"":[],""where_predicates"":[]},""header"":{""abi"":""Rust"",""is_async"":false,""is_const"":false,""is_unsafe"":false},""sig"":{""inputs"":[[""self"",{""borrowed_ref"":{""is_mutable"":false,""lifetime"":null,""type"":{""generic"":""Self""}}}]],""is_c_variadic"":false,""output"":{""resolved_path"":{""args"":{""angle_bracketed"":{""args"":[{""type"":{""primitive"":""usize""}}],""constraints"":[]}},""path"":""core::option::Option""}}}}"
arbi_anafis::ArbiUint	arbi_anafis::ArbiUint	inherent		method	leading_zeros	src/int/api/uint/bitwise.rs	108	[]	"[{""must_use"":{""reason"":null}}]"	"{""generics"":{""params"":[],""where_predicates"":[]},""header"":{""abi"":""Rust"",""is_async"":false,""is_const"":false,""is_unsafe"":false},""sig"":{""inputs"":[[""self"",{""borrowed_ref"":{""is_mutable"":false,""lifetime"":null,""type"":{""generic"":""Self""}}}]],""is_c_variadic"":false,""output"":{""resolved_path"":{""args"":{""angle_bracketed"":{""args"":[{""type"":{""primitive"":""usize""}}],""constraints"":[]}},""path"":""core::option::Option""}}}}"
arbi_anafis::ArbiUint	arbi_anafis::ArbiUint	inherent		method	max	src/int/api/uint/properties.rs	76	[]	"[{""other"":""#[allow(clippy::same_name_method, reason =\n\""Inherent method mirrors num_traits trait for ergonomic access without trait import\"")]""},{""other"":""#[attr = Inline(Hint)]""},{""must_use"":{""reason"":null}}]"	"{""generics"":{""params"":[],""where_predicates"":[]},""header"":{""abi"":""Rust"",""is_async"":false,""is_const"":false,""is_unsafe"":false},""sig"":{""inputs"":[[""self"",{""generic"":""Self""}],[""other"",{""generic"":""Self""}]],""is_c_variadic"":false,""output"":{""generic"":""Self""}}}"
arbi_anafis::ArbiUint	arbi_anafis::ArbiUint	inherent		method	midpoint	src/int/api/uint/math/combined.rs	31	[]	"[{""must_use"":{""reason"":null}}]"	"{""generics"":{""params"":[],""where_predicates"":[]},""header"":{""abi"":""Rust"",""is_async"":false,""is_const"":false,""is_unsafe"":false},""sig"":{""inputs"":[[""self"",{""borrowed_ref"":{""is_mutable"":false,""lifetime"":null,""type"":{""generic"":""Self""}}}],[""other"",{""borrowed_ref"":{""is_mutable"":false,""lifetime"":null,""type"":{""generic"":""Self""}}}]],""is_c_variadic"":false,""output"":{""generic"":""Self""}}}"
arbi_anafis::ArbiUint	arbi_anafis::ArbiUint	inherent		method	min	src/int/api/uint/properties.rs	57	[]	"[{""other"":""#[allow(clippy::same_name_method, reason =\n\""Inherent method mirrors num_traits trait for ergonomic access without trait import\"")]""},{""other"":""#[attr = Inline(Hint)]""},{""must_use"":{""reason"":null}}]"	"{""generics"":{""params"":[],""where_predicates"":[]},""header"":{""abi"":""Rust"",""is_async"":false,""is_const"":false,""is_unsafe"":false},""sig"":{""inputs"":[[""self"",{""generic"":""Self""}],[""other"",{""generic"":""Self""}]],""is_c_variadic"":false,""output"":{""generic"":""Self""}}}"
arbi_anafis::ArbiUint	arbi_anafis::ArbiUint	inherent		method	mod_floor	src/int/api/uint/math/division.rs	143	[]	"[{""must_use"":{""reason"":null}}]"	"{""generics"":{""params"":[],""where_predicates"":[]},""header"":{""abi"":""Rust"",""is_async"":false,""is_const"":false,""is_unsafe"":false},""sig"":{""inputs"":[[""self"",{""borrowed_ref"":{""is_mutable"":false,""lifetime"":null,""type"":{""generic"":""Self""}}}],[""rhs"",{""borrowed_ref"":{""is_mutable"":false,""lifetime"":null,""type"":{""generic"":""Self""}}}]],""is_c_variadic"":false,""output"":{""generic"":""Self""}}}"
arbi_anafis::ArbiUint	arbi_anafis::ArbiUint	inherent		method	montgomery_mul	src/int/api/uint/theory/modular.rs	116	[]	"[{""must_use"":{""reason"":null}}]"	"{""generics"":{""params"":[],""where_predicates"":[]},""header"":{""abi"":""Rust"",""is_async"":false,""is_const"":false,""is_unsafe"":false},""sig"":{""inputs"":[[""self"",{""borrowed_ref"":{""is_mutable"":false,""lifetime"":null,""type"":{""generic"":""Self""}}}],[""other"",{""borrowed_ref"":{""is_mutable"":false,""lifetime"":null,""type"":{""generic"":""Self""}}}],[""modulus"",{""borrowed_ref"":{""is_mutable"":false,""lifetime"":null,""type"":{""generic"":""Self""}}}]],""is_c_variadic"":false,""output"":{""resolved_path"":{""args"":{""angle_bracketed"":{""args"":[{""type"":{""generic"":""Self""}}],""constraints"":[]}},""path"":""core::option::Option""}}}}"
arbi_anafis::ArbiUint	arbi_anafis::ArbiUint	inherent		method	mul_add	src/int/api/uint/math/combined.rs	13	[]	"[{""must_use"":{""reason"":null}},{""other"":""#[attr = TrackCaller]""}]"	"{""generics"":{""params"":[],""where_predicates"":[]},""header"":{""abi"":""Rust"",""is_async"":false,""is_const"":false,""is_unsafe"":false},""sig"":{""inputs"":[[""self"",{""borrowed_ref"":{""is_mutable"":false,""lifetime"":null,""type"":{""generic"":""Self""}}}],[""a"",{""borrowed_ref"":{""is_mutable"":false,""lifetime"":null,""type"":{""generic"":""Self""}}}],[""b"",{""borrowed_ref"":{""is_mutable"":false,""lifetime"":null,""type"":{""generic"":""Self""}}}]],""is_c_variadic"":false,""output"":{""generic"":""Self""}}}"
arbi_anafis::ArbiUint	arbi_anafis::ArbiUint	inherent		method	mul_mod	src/int/api/uint/theory/modular.rs	44	[]	"[{""must_use"":{""reason"":null}}]"	"{""generics"":{""params"":[],""where_predicates"":[]},""header"":{""abi"":""Rust"",""is_async"":false,""is_const"":false,""is_unsafe"":false},""sig"":{""inputs"":[[""self"",{""borrowed_ref"":{""is_mutable"":false,""lifetime"":null,""type"":{""generic"":""Self""}}}],[""other"",{""borrowed_ref"":{""is_mutable"":false,""lifetime"":null,""type"":{""generic"":""Self""}}}],[""modulus"",{""borrowed_ref"":{""is_mutable"":false,""lifetime"":null,""type"":{""generic"":""Self""}}}]],""is_c_variadic"":false,""output"":{""resolved_path"":{""args"":{""angle_bracketed"":{""args"":[{""type"":{""generic"":""Self""}}],""constraints"":[]}},""path"":""core::option::Option""}}}}"
arbi_anafis::ArbiUint	arbi_anafis::ArbiUint	inherent		method	next_prime	src/int/api/uint/theory/primes.rs	22	[]	"[{""must_use"":{""reason"":null}}]"	"{""generics"":{""params"":[],""where_predicates"":[]},""header"":{""abi"":""Rust"",""is_async"":false,""is_const"":false,""is_unsafe"":false},""sig"":{""inputs"":[[""self"",{""borrowed_ref"":{""is_mutable"":false,""lifetime"":null,""type"":{""generic"":""Self""}}}]],""is_c_variadic"":false,""output"":{""resolved_path"":{""args"":{""angle_bracketed"":{""args"":[{""type"":{""generic"":""Self""}}],""constraints"":[]}},""path"":""core::option::Option""}}}}"
arbi_anafis::ArbiUint	arbi_anafis::ArbiUint	inherent		method	not_with_width	src/int/api/uint/bitwise.rs	81	[]	"[{""must_use"":{""reason"":null}}]"	"{""generics"":{""params"":[],""where_predicates"":[]},""header"":{""abi"":""Rust"",""is_async"":false,""is_const"":false,""is_unsafe"":false},""sig"":{""inputs"":[[""self"",{""borrowed_ref"":{""is_mutable"":false,""lifetime"":null,""type"":{""generic"":""Self""}}}],[""width"",{""primitive"":""usize""}]],""is_c_variadic"":false,""output"":{""resolved_path"":{""args"":{""angle_bracketed"":{""args"":[{""type"":{""generic"":""Self""}}],""constraints"":[]}},""path"":""core::option::Option""}}}}"
arbi_anafis::ArbiUint	arbi_anafis::ArbiUint	inherent		method	nth_root	src/int/api/uint/theory/roots.rs	36	[]	"[{""must_use"":{""reason"":null}}]"	"{""generics"":{""params"":[],""where_predicates"":[]},""header"":{""abi"":""Rust"",""is_async"":false,""is_const"":false,""is_unsafe"":false},""sig"":{""inputs"":[[""self"",{""borrowed_ref"":{""is_mutable"":false,""lifetime"":null,""type"":{""generic"":""Self""}}}],[""n"",{""primitive"":""u32""}]],""is_c_variadic"":false,""output"":{""resolved_path"":{""args"":{""angle_bracketed"":{""args"":[{""type"":{""generic"":""Self""}}],""constraints"":[]}},""path"":""core::option::Option""}}}}"
arbi_anafis::ArbiUint	arbi_anafis::ArbiUint	inherent		method	overflowing_add	src/int/api/uint/math/bounded.rs	122	[]	"[{""must_use"":{""reason"":null}}]"	"{""generics"":{""params"":[],""where_predicates"":[]},""header"":{""abi"":""Rust"",""is_async"":false,""is_const"":false,""is_unsafe"":false},""sig"":{""inputs"":[[""self"",{""borrowed_ref"":{""is_mutable"":false,""lifetime"":null,""type"":{""generic"":""Self""}}}],[""rhs"",{""borrowed_ref"":{""is_mutable"":false,""lifetime"":null,""type"":{""generic"":""Self""}}}]],""is_c_variadic"":false,""output"":{""tuple"":[{""generic"":""Self""},{""primitive"":""bool""}]}}}"
arbi_anafis::ArbiUint	arbi_anafis::ArbiUint	inherent		method	overflowing_div	src/int/api/uint/math/bounded.rs	188	[]	"[{""must_use"":{""reason"":null}}]"	"{""generics"":{""params"":[],""where_predicates"":[]},""header"":{""abi"":""Rust"",""is_async"":false,""is_const"":false,""is_unsafe"":false},""sig"":{""inputs"":[[""self"",{""borrowed_ref"":{""is_mutable"":false,""lifetime"":null,""type"":{""generic"":""Self""}}}],[""rhs"",{""borrowed_ref"":{""is_mutable"":false,""lifetime"":null,""type"":{""generic"":""Self""}}}]],""is_c_variadic"":false,""output"":{""tuple"":[{""generic"":""Self""},{""primitive"":""bool""}]}}}"
arbi_anafis::ArbiUint	arbi_anafis::ArbiUint	inherent		method	overflowing_mul	src/int/api/uint/math/bounded.rs	168	[]	"[{""must_use"":{""reason"":null}}]"	"{""generics"":{""params"":[],""where_predicates"":[]},""header"":{""abi"":""Rust"",""is_async"":false,""is_const"":false,""is_unsafe"":false},""sig"":{""inputs"":[[""self"",{""borrowed_ref"":{""is_mutable"":false,""lifetime"":null,""type"":{""generic"":""Self""}}}],[""rhs"",{""borrowed_ref"":{""is_mutable"":false,""lifetime"":null,""type"":{""generic"":""Self""}}}]],""is_c_variadic"":false,""output"":{""tuple"":[{""generic"":""Self""},{""primitive"":""bool""}]}}}"
arbi_anafis::ArbiUint	arbi_anafis::ArbiUint	inherent		method	overflowing_rem	src/int/api/uint/math/bounded.rs	212	[]	"[{""must_use"":{""reason"":null}}]"	"{""generics"":{""params"":[],""where_predicates"":[]},""header"":{""abi"":""Rust"",""is_async"":false,""is_const"":false,""is_unsafe"":false},""sig"":{""inputs"":[[""self"",{""borrowed_ref"":{""is_mutable"":false,""lifetime"":null,""type"":{""generic"":""Self""}}}],[""rhs"",{""borrowed_ref"":{""is_mutable"":false,""lifetime"":null,""type"":{""generic"":""Self""}}}]],""is_c_variadic"":false,""output"":{""tuple"":[{""generic"":""Self""},{""primitive"":""bool""}]}}}"
arbi_anafis::ArbiUint	arbi_anafis::ArbiUint	inherent		method	overflowing_shl	src/int/api/uint/shift.rs	54	[]	"[{""must_use"":{""reason"":null}}]"	"{""generics"":{""params"":[],""where_predicates"":[]},""header"":{""abi"":""Rust"",""is_async"":false,""is_const"":false,""is_unsafe"":false},""sig"":{""inputs"":[[""self"",{""borrowed_ref"":{""is_mutable"":false,""lifetime"":null,""type"":{""generic"":""Self""}}}],[""shift"",{""primitive"":""usize""}]],""is_c_variadic"":false,""output"":{""tuple"":[{""generic"":""Self""},{""primitive"":""bool""}]}}}"
arbi_anafis::ArbiUint	arbi_anafis::ArbiUint	inherent		method	overflowing_sub	src/int/api/uint/math/bounded.rs	143	[]	"[{""must_use"":{""reason"":null}}]"	"{""generics"":{""params"":[],""where_predicates"":[]},""header"":{""abi"":""Rust"",""is_async"":false,""is_const"":false,""is_unsafe"":false},""sig"":{""inputs"":[[""self"",{""borrowed_ref"":{""is_mutable"":false,""lifetime"":null,""type"":{""generic"":""Self""}}}],[""rhs"",{""borrowed_ref"":{""is_mutable"":false,""lifetime"":null,""type"":{""generic"":""Self""}}}]],""is_c_variadic"":false,""output"":{""tuple"":[{""generic"":""Self""},{""primitive"":""bool""}]}}}"
arbi_anafis::ArbiUint	arbi_anafis::ArbiUint	inherent		method	pow	src/int/api/uint/theory/powers.rs	15	[]	"[{""must_use"":{""reason"":null}},{""other"":""#[attr = TrackCaller]""}]"	"{""generics"":{""params"":[],""where_predicates"":[]},""header"":{""abi"":""Rust"",""is_async"":false,""is_const"":false,""is_unsafe"":false},""sig"":{""inputs"":[[""self"",{""borrowed_ref"":{""is_mutable"":false,""lifetime"":null,""type"":{""generic"":""Self""}}}],[""exp"",{""primitive"":""u32""}]],""is_c_variadic"":false,""output"":{""generic"":""Self""}}}"
arbi_anafis::ArbiUint	arbi_anafis::ArbiUint	inherent		method	pow_mod	src/int/api/uint/theory/modular.rs	62	[]	"[{""must_use"":{""reason"":null}}]"	"{""generics"":{""params"":[],""where_predicates"":[]},""header"":{""abi"":""Rust"",""is_async"":false,""is_const"":false,""is_unsafe"":false},""sig"":{""inputs"":[[""self"",{""borrowed_ref"":{""is_mutable"":false,""lifetime"":null,""type"":{""generic"":""Self""}}}],[""exp"",{""borrowed_ref"":{""is_mutable"":false,""lifetime"":null,""type"":{""generic"":""Self""}}}],[""modulus"",{""borrowed_ref"":{""is_mutable"":false,""lifetime"":null,""type"":{""generic"":""Self""}}}]],""is_c_variadic"":false,""output"":{""resolved_path"":{""args"":{""angle_bracketed"":{""args"":[{""type"":{""generic"":""Self""}}],""constraints"":[]}},""path"":""core::option::Option""}}}}"
arbi_anafis::ArbiUint	arbi_anafis::ArbiUint	inherent		method	rem_euclid	src/int/api/uint/math/division.rs	106	[]	"[{""must_use"":{""reason"":null}}]"	"{""generics"":{""params"":[],""where_predicates"":[]},""header"":{""abi"":""Rust"",""is_async"":false,""is_const"":false,""is_unsafe"":false},""sig"":{""inputs"":[[""self"",{""borrowed_ref"":{""is_mutable"":false,""lifetime"":null,""type"":{""generic"":""Self""}}}],[""rhs"",{""borrowed_ref"":{""is_mutable"":false,""lifetime"":null,""type"":{""generic"":""Self""}}}]],""is_c_variadic"":false,""output"":{""generic"":""Self""}}}"
arbi_anafis::ArbiUint	arbi_anafis::ArbiUint	inherent		method	rem_trunc	src/int/api/uint/math/division.rs	68	[]	"[{""must_use"":{""reason"":null}}]"	"{""generics"":{""params"":[],""where_predicates"":[]},""header"":{""abi"":""Rust"",""is_async"":false,""is_const"":false,""is_unsafe"":false},""sig"":{""inputs"":[[""self"",{""borrowed_ref"":{""is_mutable"":false,""lifetime"":null,""type"":{""generic"":""Self""}}}],[""rhs"",{""borrowed_ref"":{""is_mutable"":false,""lifetime"":null,""type"":{""generic"":""Self""}}}]],""is_c_variadic"":false,""output"":{""generic"":""Self""}}}"
arbi_anafis::ArbiUint	arbi_anafis::ArbiUint	inherent		method	reserve	src/int/api/uint/capacity.rs	30	[]	[]	"{""generics"":{""params"":[],""where_predicates"":[]},""header"":{""abi"":""Rust"",""is_async"":false,""is_const"":false,""is_unsafe"":false},""sig"":{""inputs"":[[""self"",{""borrowed_ref"":{""is_mutable"":true,""lifetime"":null,""type"":{""generic"":""Self""}}}],[""additional"",{""primitive"":""usize""}]],""is_c_variadic"":false,""output"":null}}"
arbi_anafis::ArbiUint	arbi_anafis::ArbiUint	inherent		method	reserve_exact	src/int/api/uint/capacity.rs	35	[]	[]	"{""generics"":{""params"":[],""where_predicates"":[]},""header"":{""abi"":""Rust"",""is_async"":false,""is_const"":false,""is_unsafe"":false},""sig"":{""inputs"":[[""self"",{""borrowed_ref"":{""is_mutable"":true,""lifetime"":null,""type"":{""generic"":""Self""}}}],[""additional"",{""primitive"":""usize""}]],""is_c_variadic"":false,""output"":null}}"
arbi_anafis::ArbiUint	arbi_anafis::ArbiUint	inherent		method	reverse_bits	src/int/api/uint/bitwise.rs	52	[]	"[{""must_use"":{""reason"":null}}]"	"{""generics"":{""params"":[],""where_predicates"":[]},""header"":{""abi"":""Rust"",""is_async"":false,""is_const"":false,""is_unsafe"":false},""sig"":{""inputs"":[[""self"",{""borrowed_ref"":{""is_mutable"":false,""lifetime"":null,""type"":{""generic"":""Self""}}}],[""width"",{""primitive"":""usize""}]],""is_c_variadic"":false,""output"":{""resolved_path"":{""args"":{""angle_bracketed"":{""args"":[{""type"":{""generic"":""Self""}}],""constraints"":[]}},""path"":""core::option::Option""}}}}"
arbi_anafis::ArbiUint	arbi_anafis::ArbiUint	inherent		method	rotate_left	src/int/api/uint/bitwise.rs	24	[]	"[{""must_use"":{""reason"":null}}]"	"{""generics"":{""params"":[],""where_predicates"":[]},""header"":{""abi"":""Rust"",""is_async"":false,""is_const"":false,""is_unsafe"":false},""sig"":{""inputs"":[[""self"",{""borrowed_ref"":{""is_mutable"":false,""lifetime"":null,""type"":{""generic"":""Self""}}}],[""n"",{""primitive"":""u32""}],[""width"",{""primitive"":""usize""}]],""is_c_variadic"":false,""output"":{""resolved_path"":{""args"":{""angle_bracketed"":{""args"":[{""type"":{""generic"":""Self""}}],""constraints"":[]}},""path"":""core::option::Option""}}}}"
arbi_anafis::ArbiUint	arbi_anafis::ArbiUint	inherent		method	rotate_right	src/int/api/uint/bitwise.rs	38	[]	"[{""must_use"":{""reason"":null}}]"	"{""generics"":{""params"":[],""where_predicates"":[]},""header"":{""abi"":""Rust"",""is_async"":false,""is_const"":false,""is_unsafe"":false},""sig"":{""inputs"":[[""self"",{""borrowed_ref"":{""is_mutable"":false,""lifetime"":null,""type"":{""generic"":""Self""}}}],[""n"",{""primitive"":""u32""}],[""width"",{""primitive"":""usize""}]],""is_c_variadic"":false,""output"":{""resolved_path"":{""args"":{""angle_bracketed"":{""args"":[{""type"":{""generic"":""Self""}}],""constraints"":[]}},""path"":""core::option::Option""}}}}"
arbi_anafis::ArbiUint	arbi_anafis::ArbiUint	inherent		method	saturating_add	src/int/api/uint/math/bounded.rs	240	[]	"[{""must_use"":{""reason"":null}}]"	"{""generics"":{""params"":[],""where_predicates"":[]},""header"":{""abi"":""Rust"",""is_async"":false,""is_const"":false,""is_unsafe"":false},""sig"":{""inputs"":[[""self"",{""borrowed_ref"":{""is_mutable"":false,""lifetime"":null,""type"":{""generic"":""Self""}}}],[""rhs"",{""borrowed_ref"":{""is_mutable"":false,""lifetime"":null,""type"":{""generic"":""Self""}}}]],""is_c_variadic"":false,""output"":{""generic"":""Self""}}}"
arbi_anafis::ArbiUint	arbi_anafis::ArbiUint	inherent		method	saturating_div	src/int/api/uint/math/bounded.rs	336	[]	"[{""must_use"":{""reason"":null}}]"	"{""generics"":{""params"":[],""where_predicates"":[]},""header"":{""abi"":""Rust"",""is_async"":false,""is_const"":false,""is_unsafe"":false},""sig"":{""inputs"":[[""self"",{""borrowed_ref"":{""is_mutable"":false,""lifetime"":null,""type"":{""generic"":""Self""}}}],[""rhs"",{""borrowed_ref"":{""is_mutable"":false,""lifetime"":null,""type"":{""generic"":""Self""}}}]],""is_c_variadic"":false,""output"":{""generic"":""Self""}}}"
arbi_anafis::ArbiUint	arbi_anafis::ArbiUint	inherent		method	saturating_mul	src/int/api/uint/math/bounded.rs	307	[]	"[{""must_use"":{""reason"":null}}]"	"{""generics"":{""params"":[],""where_predicates"":[]},""header"":{""abi"":""Rust"",""is_async"":false,""is_const"":false,""is_unsafe"":false},""sig"":{""inputs"":[[""self"",{""borrowed_ref"":{""is_mutable"":false,""lifetime"":null,""type"":{""generic"":""Self""}}}],[""rhs"",{""borrowed_ref"":{""is_mutable"":false,""lifetime"":null,""type"":{""generic"":""Self""}}}]],""is_c_variadic"":false,""output"":{""generic"":""Self""}}}"
arbi_anafis::ArbiUint	arbi_anafis::ArbiUint	inherent		method	saturating_rem	src/int/api/uint/math/bounded.rs	357	[]	"[{""must_use"":{""reason"":null}}]"	"{""generics"":{""params"":[],""where_predicates"":[]},""header"":{""abi"":""Rust"",""is_async"":false,""is_const"":false,""is_unsafe"":false},""sig"":{""inputs"":[[""self"",{""borrowed_ref"":{""is_mutable"":false,""lifetime"":null,""type"":{""generic"":""Self""}}}],[""rhs"",{""borrowed_ref"":{""is_mutable"":false,""lifetime"":null,""type"":{""generic"":""Self""}}}]],""is_c_variadic"":false,""output"":{""generic"":""Self""}}}"
arbi_anafis::ArbiUint	arbi_anafis::ArbiUint	inherent		method	saturating_shl	src/int/api/uint/shift.rs	78	[]	"[{""must_use"":{""reason"":null}}]"	"{""generics"":{""params"":[],""where_predicates"":[]},""header"":{""abi"":""Rust"",""is_async"":false,""is_const"":false,""is_unsafe"":false},""sig"":{""inputs"":[[""self"",{""borrowed_ref"":{""is_mutable"":false,""lifetime"":null,""type"":{""generic"":""Self""}}}],[""shift"",{""primitive"":""usize""}]],""is_c_variadic"":false,""output"":{""generic"":""Self""}}}"
arbi_anafis::ArbiUint	arbi_anafis::ArbiUint	inherent		method	saturating_sub	src/int/api/uint/math/bounded.rs	268	[]	"[{""must_use"":{""reason"":null}}]"	"{""generics"":{""params"":[],""where_predicates"":[]},""header"":{""abi"":""Rust"",""is_async"":false,""is_const"":false,""is_unsafe"":false},""sig"":{""inputs"":[[""self"",{""borrowed_ref"":{""is_mutable"":false,""lifetime"":null,""type"":{""generic"":""Self""}}}],[""rhs"",{""borrowed_ref"":{""is_mutable"":false,""lifetime"":null,""type"":{""generic"":""Self""}}}]],""is_c_variadic"":false,""output"":{""generic"":""Self""}}}"
arbi_anafis::ArbiUint	arbi_anafis::ArbiUint	inherent		method	set_bit	src/int/api/uint/bitwise.rs	180	[]	"[{""must_use"":{""reason"":null}}]"	"{""generics"":{""params"":[],""where_predicates"":[]},""header"":{""abi"":""Rust"",""is_async"":false,""is_const"":false,""is_unsafe"":false},""sig"":{""inputs"":[[""self"",{""borrowed_ref"":{""is_mutable"":false,""lifetime"":null,""type"":{""generic"":""Self""}}}],[""bit"",{""primitive"":""usize""}]],""is_c_variadic"":false,""output"":{""generic"":""Self""}}}"
arbi_anafis::ArbiUint	arbi_anafis::ArbiUint	inherent		method	set_bit_to	src/int/api/uint/bitwise.rs	158	[]	"[{""must_use"":{""reason"":null}}]"	"{""generics"":{""params"":[],""where_predicates"":[]},""header"":{""abi"":""Rust"",""is_async"":false,""is_const"":false,""is_unsafe"":false},""sig"":{""inputs"":[[""self"",{""borrowed_ref"":{""is_mutable"":false,""lifetime"":null,""type"":{""generic"":""Self""}}}],[""bit"",{""primitive"":""usize""}],[""value"",{""primitive"":""bool""}]],""is_c_variadic"":false,""output"":{""generic"":""Self""}}}"
arbi_anafis::ArbiUint	arbi_anafis::ArbiUint	inherent		method	shrink_to_fit	src/int/api/uint/capacity.rs	40	[]	[]	"{""generics"":{""params"":[],""where_predicates"":[]},""header"":{""abi"":""Rust"",""is_async"":false,""is_const"":false,""is_unsafe"":false},""sig"":{""inputs"":[[""self"",{""borrowed_ref"":{""is_mutable"":true,""lifetime"":null,""type"":{""generic"":""Self""}}}]],""is_c_variadic"":false,""output"":null}}"
arbi_anafis::ArbiUint	arbi_anafis::ArbiUint	inherent		method	significant_bits	src/int/api/uint/properties.rs	46	[]	"[{""other"":""#[attr = Inline(Hint)]""},{""must_use"":{""reason"":null}}]"	"{""generics"":{""params"":[],""where_predicates"":[]},""header"":{""abi"":""Rust"",""is_async"":false,""is_const"":false,""is_unsafe"":false},""sig"":{""inputs"":[[""self"",{""borrowed_ref"":{""is_mutable"":false,""lifetime"":null,""type"":{""generic"":""Self""}}}]],""is_c_variadic"":false,""output"":{""primitive"":""usize""}}}"
arbi_anafis::ArbiUint	arbi_anafis::ArbiUint	inherent		method	sqrt_rem	src/int/api/uint/theory/roots.rs	19	[]	"[{""must_use"":{""reason"":null}}]"	"{""generics"":{""params"":[],""where_predicates"":[]},""header"":{""abi"":""Rust"",""is_async"":false,""is_const"":false,""is_unsafe"":false},""sig"":{""inputs"":[[""self"",{""borrowed_ref"":{""is_mutable"":false,""lifetime"":null,""type"":{""generic"":""Self""}}}]],""is_c_variadic"":false,""output"":{""resolved_path"":{""args"":{""angle_bracketed"":{""args"":[{""type"":{""tuple"":[{""generic"":""Self""},{""generic"":""Self""}]}}],""constraints"":[]}},""path"":""core::option::Option""}}}}"
arbi_anafis::ArbiUint	arbi_anafis::ArbiUint	inherent		method	square	src/int/api/uint/theory/modular.rs	102	[]	"[{""must_use"":{""reason"":null}},{""other"":""#[attr = TrackCaller]""}]"	"{""generics"":{""params"":[],""where_predicates"":[]},""header"":{""abi"":""Rust"",""is_async"":false,""is_const"":false,""is_unsafe"":false},""sig"":{""inputs"":[[""self"",{""borrowed_ref"":{""is_mutable"":false,""lifetime"":null,""type"":{""generic"":""Self""}}}]],""is_c_variadic"":false,""output"":{""generic"":""Self""}}}"
arbi_anafis::ArbiUint	arbi_anafis::ArbiUint	inherent		method	strict_add	src/int/api/uint/math/checked.rs	156	[]	"[{""must_use"":{""reason"":null}}]"	"{""generics"":{""params"":[],""where_predicates"":[]},""header"":{""abi"":""Rust"",""is_async"":false,""is_const"":false,""is_unsafe"":false},""sig"":{""inputs"":[[""self"",{""borrowed_ref"":{""is_mutable"":false,""lifetime"":null,""type"":{""generic"":""Self""}}}],[""rhs"",{""borrowed_ref"":{""is_mutable"":false,""lifetime"":null,""type"":{""generic"":""Self""}}}]],""is_c_variadic"":false,""output"":{""generic"":""Self""}}}"
arbi_anafis::ArbiUint	arbi_anafis::ArbiUint	inherent		method	strict_div	src/int/api/uint/math/checked.rs	186	[]	"[{""must_use"":{""reason"":null}}]"	"{""generics"":{""params"":[],""where_predicates"":[]},""header"":{""abi"":""Rust"",""is_async"":false,""is_const"":false,""is_unsafe"":false},""sig"":{""inputs"":[[""self"",{""borrowed_ref"":{""is_mutable"":false,""lifetime"":null,""type"":{""generic"":""Self""}}}],[""rhs"",{""borrowed_ref"":{""is_mutable"":false,""lifetime"":null,""type"":{""generic"":""Self""}}}]],""is_c_variadic"":false,""output"":{""generic"":""Self""}}}"
arbi_anafis::ArbiUint	arbi_anafis::ArbiUint	inherent		method	strict_mul	src/int/api/uint/math/checked.rs	176	[]	"[{""must_use"":{""reason"":null}}]"	"{""generics"":{""params"":[],""where_predicates"":[]},""header"":{""abi"":""Rust"",""is_async"":false,""is_const"":false,""is_unsafe"":false},""sig"":{""inputs"":[[""self"",{""borrowed_ref"":{""is_mutable"":false,""lifetime"":null,""type"":{""generic"":""Self""}}}],[""rhs"",{""borrowed_ref"":{""is_mutable"":false,""lifetime"":null,""type"":{""generic"":""Self""}}}]],""is_c_variadic"":false,""output"":{""generic"":""Self""}}}"
arbi_anafis::ArbiUint	arbi_anafis::ArbiUint	inherent		method	strict_rem	src/int/api/uint/math/checked.rs	195	[]	"[{""must_use"":{""reason"":null}}]"	"{""generics"":{""params"":[],""where_predicates"":[]},""header"":{""abi"":""Rust"",""is_async"":false,""is_const"":false,""is_unsafe"":false},""sig"":{""inputs"":[[""self"",{""borrowed_ref"":{""is_mutable"":false,""lifetime"":null,""type"":{""generic"":""Self""}}}],[""rhs"",{""borrowed_ref"":{""is_mutable"":false,""lifetime"":null,""type"":{""generic"":""Self""}}}]],""is_c_variadic"":false,""output"":{""generic"":""Self""}}}"
arbi_anafis::ArbiUint	arbi_anafis::ArbiUint	inherent		method	strict_sub	src/int/api/uint/math/checked.rs	166	[]	"[{""must_use"":{""reason"":null}}]"	"{""generics"":{""params"":[],""where_predicates"":[]},""header"":{""abi"":""Rust"",""is_async"":false,""is_const"":false,""is_unsafe"":false},""sig"":{""inputs"":[[""self"",{""borrowed_ref"":{""is_mutable"":false,""lifetime"":null,""type"":{""generic"":""Self""}}}],[""rhs"",{""borrowed_ref"":{""is_mutable"":false,""lifetime"":null,""type"":{""generic"":""Self""}}}]],""is_c_variadic"":false,""output"":{""generic"":""Self""}}}"
arbi_anafis::ArbiUint	arbi_anafis::ArbiUint	inherent		method	sub_mod	src/int/api/uint/theory/modular.rs	26	[]	"[{""must_use"":{""reason"":null}}]"	"{""generics"":{""params"":[],""where_predicates"":[]},""header"":{""abi"":""Rust"",""is_async"":false,""is_const"":false,""is_unsafe"":false},""sig"":{""inputs"":[[""self"",{""borrowed_ref"":{""is_mutable"":false,""lifetime"":null,""type"":{""generic"":""Self""}}}],[""other"",{""borrowed_ref"":{""is_mutable"":false,""lifetime"":null,""type"":{""generic"":""Self""}}}],[""modulus"",{""borrowed_ref"":{""is_mutable"":false,""lifetime"":null,""type"":{""generic"":""Self""}}}]],""is_c_variadic"":false,""output"":{""resolved_path"":{""args"":{""angle_bracketed"":{""args"":[{""type"":{""generic"":""Self""}}],""constraints"":[]}},""path"":""core::option::Option""}}}}"
arbi_anafis::ArbiUint	arbi_anafis::ArbiUint	inherent		method	swap	src/int/api/uint/capacity.rs	51	[]	[]	"{""generics"":{""params"":[],""where_predicates"":[]},""header"":{""abi"":""Rust"",""is_async"":false,""is_const"":true,""is_unsafe"":false},""sig"":{""inputs"":[[""self"",{""borrowed_ref"":{""is_mutable"":true,""lifetime"":null,""type"":{""generic"":""Self""}}}],[""other"",{""borrowed_ref"":{""is_mutable"":true,""lifetime"":null,""type"":{""generic"":""Self""}}}]],""is_c_variadic"":false,""output"":null}}"
arbi_anafis::ArbiUint	arbi_anafis::ArbiUint	inherent		method	swap_bytes	src/int/api/uint/bitwise.rs	64	[]	"[{""must_use"":{""reason"":null}}]"	"{""generics"":{""params"":[],""where_predicates"":[]},""header"":{""abi"":""Rust"",""is_async"":false,""is_const"":false,""is_unsafe"":false},""sig"":{""inputs"":[[""self"",{""borrowed_ref"":{""is_mutable"":false,""lifetime"":null,""type"":{""generic"":""Self""}}}]],""is_c_variadic"":false,""output"":{""generic"":""Self""}}}"
arbi_anafis::ArbiUint	arbi_anafis::ArbiUint	inherent		method	test_bit	src/int/api/uint/bitwise.rs	174	[]	"[{""must_use"":{""reason"":null}}]"	"{""generics"":{""params"":[],""where_predicates"":[]},""header"":{""abi"":""Rust"",""is_async"":false,""is_const"":false,""is_unsafe"":false},""sig"":{""inputs"":[[""self"",{""borrowed_ref"":{""is_mutable"":false,""lifetime"":null,""type"":{""generic"":""Self""}}}],[""bit"",{""primitive"":""usize""}]],""is_c_variadic"":false,""output"":{""primitive"":""bool""}}}"
arbi_anafis::ArbiUint	arbi_anafis::ArbiUint	inherent		method	to_be_bytes	src/int/api/uint/convert.rs	140	[]	"[{""must_use"":{""reason"":null}}]"	"{""generics"":{""params"":[],""where_predicates"":[]},""header"":{""abi"":""Rust"",""is_async"":false,""is_const"":false,""is_unsafe"":false},""sig"":{""inputs"":[[""self"",{""borrowed_ref"":{""is_mutable"":false,""lifetime"":null,""type"":{""generic"":""Self""}}}]],""is_c_variadic"":false,""output"":{""resolved_path"":{""args"":{""angle_bracketed"":{""args"":[{""type"":{""primitive"":""u8""}}],""constraints"":[]}},""path"":""alloc::vec::Vec""}}}}"
arbi_anafis::ArbiUint	arbi_anafis::ArbiUint	inherent		method	to_f32	src/int/api/uint/convert.rs	125	[]	"[{""other"":""#[allow(clippy::same_name_method, reason =\n\""Provided as an inherent method for convenience without needing to import num_traits\"")]""},{""must_use"":{""reason"":null}}]"	"{""generics"":{""params"":[],""where_predicates"":[]},""header"":{""abi"":""Rust"",""is_async"":false,""is_const"":false,""is_unsafe"":false},""sig"":{""inputs"":[[""self"",{""borrowed_ref"":{""is_mutable"":false,""lifetime"":null,""type"":{""generic"":""Self""}}}]],""is_c_variadic"":false,""output"":{""resolved_path"":{""args"":{""angle_bracketed"":{""args"":[{""type"":{""primitive"":""f32""}}],""constraints"":[]}},""path"":""core::option::Option""}}}}"
arbi_anafis::ArbiUint	arbi_anafis::ArbiUint	inherent		method	to_f64	src/int/api/uint/convert.rs	114	[]	"[{""other"":""#[allow(clippy::same_name_method, reason =\n\""Provided as an inherent method for convenience without needing to import num_traits\"")]""},{""must_use"":{""reason"":null}}]"	"{""generics"":{""params"":[],""where_predicates"":[]},""header"":{""abi"":""Rust"",""is_async"":false,""is_const"":false,""is_unsafe"":false},""sig"":{""inputs"":[[""self"",{""borrowed_ref"":{""is_mutable"":false,""lifetime"":null,""type"":{""generic"":""Self""}}}]],""is_c_variadic"":false,""output"":{""resolved_path"":{""args"":{""angle_bracketed"":{""args"":[{""type"":{""primitive"":""f64""}}],""constraints"":[]}},""path"":""core::option::Option""}}}}"
arbi_anafis::ArbiUint	arbi_anafis::ArbiUint	inherent		method	to_i128	src/int/api/uint/convert.rs	57	[]	"[{""other"":""#[allow(clippy::same_name_method, reason =\n\""Inherent method mirrors num_traits trait for ergonomic access without trait import\"")]""},{""must_use"":{""reason"":null}}]"	"{""generics"":{""params"":[],""where_predicates"":[]},""header"":{""abi"":""Rust"",""is_async"":false,""is_const"":false,""is_unsafe"":false},""sig"":{""inputs"":[[""self"",{""borrowed_ref"":{""is_mutable"":false,""lifetime"":null,""type"":{""generic"":""Self""}}}]],""is_c_variadic"":false,""output"":{""resolved_path"":{""args"":{""angle_bracketed"":{""args"":[{""type"":{""primitive"":""i128""}}],""constraints"":[]}},""path"":""core::option::Option""}}}}"
arbi_anafis::ArbiUint	arbi_anafis::ArbiUint	inherent		method	to_i64	src/int/api/uint/convert.rs	47	[]	"[{""other"":""#[allow(clippy::same_name_method, reason =\n\""Inherent method mirrors num_traits trait for ergonomic access without trait import\"")]""},{""must_use"":{""reason"":null}}]"	"{""generics"":{""params"":[],""where_predicates"":[]},""header"":{""abi"":""Rust"",""is_async"":false,""is_const"":false,""is_unsafe"":false},""sig"":{""inputs"":[[""self"",{""borrowed_ref"":{""is_mutable"":false,""lifetime"":null,""type"":{""generic"":""Self""}}}]],""is_c_variadic"":false,""output"":{""resolved_path"":{""args"":{""angle_bracketed"":{""args"":[{""type"":{""primitive"":""i64""}}],""constraints"":[]}},""path"":""core::option::Option""}}}}"
arbi_anafis::ArbiUint	arbi_anafis::ArbiUint	inherent		method	to_isize	src/int/api/uint/convert.rs	67	[]	"[{""other"":""#[allow(clippy::same_name_method, reason =\n\""Inherent method mirrors num_traits trait for ergonomic access without trait import\"")]""},{""must_use"":{""reason"":null}}]"	"{""generics"":{""params"":[],""where_predicates"":[]},""header"":{""abi"":""Rust"",""is_async"":false,""is_const"":false,""is_unsafe"":false},""sig"":{""inputs"":[[""self"",{""borrowed_ref"":{""is_mutable"":false,""lifetime"":null,""type"":{""generic"":""Self""}}}]],""is_c_variadic"":false,""output"":{""resolved_path"":{""args"":{""angle_bracketed"":{""args"":[{""type"":{""primitive"":""isize""}}],""constraints"":[]}},""path"":""core::option::Option""}}}}"
arbi_anafis::ArbiUint	arbi_anafis::ArbiUint	inherent		method	to_le_bytes	src/int/api/uint/convert.rs	134	[]	"[{""must_use"":{""reason"":null}}]"	"{""generics"":{""params"":[],""where_predicates"":[]},""header"":{""abi"":""Rust"",""is_async"":false,""is_const"":false,""is_unsafe"":false},""sig"":{""inputs"":[[""self"",{""borrowed_ref"":{""is_mutable"":false,""lifetime"":null,""type"":{""generic"":""Self""}}}]],""is_c_variadic"":false,""output"":{""resolved_path"":{""args"":{""angle_bracketed"":{""args"":[{""type"":{""primitive"":""u8""}}],""constraints"":[]}},""path"":""alloc::vec::Vec""}}}}"
arbi_anafis::ArbiUint	arbi_anafis::ArbiUint	inherent		method	to_string_radix	src/int/api/uint/convert.rs	100	[]	"[{""must_use"":{""reason"":null}},{""other"":""#[attr = TrackCaller]""}]"	"{""generics"":{""params"":[],""where_predicates"":[]},""header"":{""abi"":""Rust"",""is_async"":false,""is_const"":false,""is_unsafe"":false},""sig"":{""inputs"":[[""self"",{""borrowed_ref"":{""is_mutable"":false,""lifetime"":null,""type"":{""generic"":""Self""}}}],[""radix"",{""primitive"":""u32""}]],""is_c_variadic"":false,""output"":{""resolved_path"":{""args"":null,""path"":""alloc::string::String""}}}}"
arbi_anafis::ArbiUint	arbi_anafis::ArbiUint	inherent		method	to_u128	src/int/api/uint/convert.rs	27	[]	"[{""other"":""#[allow(clippy::same_name_method, reason =\n\""Provided as an inherent method for convenience without needing to import num_traits\"")]""},{""must_use"":{""reason"":null}}]"	"{""generics"":{""params"":[],""where_predicates"":[]},""header"":{""abi"":""Rust"",""is_async"":false,""is_const"":false,""is_unsafe"":false},""sig"":{""inputs"":[[""self"",{""borrowed_ref"":{""is_mutable"":false,""lifetime"":null,""type"":{""generic"":""Self""}}}]],""is_c_variadic"":false,""output"":{""resolved_path"":{""args"":{""angle_bracketed"":{""args"":[{""type"":{""primitive"":""u128""}}],""constraints"":[]}},""path"":""core::option::Option""}}}}"
arbi_anafis::ArbiUint	arbi_anafis::ArbiUint	inherent		method	to_u64	src/int/api/uint/convert.rs	17	[]	"[{""other"":""#[allow(clippy::same_name_method, reason =\n\""Provided as an inherent method for convenience without needing to import num_traits\"")]""},{""must_use"":{""reason"":null}}]"	"{""generics"":{""params"":[],""where_predicates"":[]},""header"":{""abi"":""Rust"",""is_async"":false,""is_const"":false,""is_unsafe"":false},""sig"":{""inputs"":[[""self"",{""borrowed_ref"":{""is_mutable"":false,""lifetime"":null,""type"":{""generic"":""Self""}}}]],""is_c_variadic"":false,""output"":{""resolved_path"":{""args"":{""angle_bracketed"":{""args"":[{""type"":{""primitive"":""u64""}}],""constraints"":[]}},""path"":""core::option::Option""}}}}"
arbi_anafis::ArbiUint	arbi_anafis::ArbiUint	inherent		method	to_usize	src/int/api/uint/convert.rs	37	[]	"[{""other"":""#[allow(clippy::same_name_method, reason =\n\""Provided as an inherent method for convenience without needing to import num_traits\"")]""},{""must_use"":{""reason"":null}}]"	"{""generics"":{""params"":[],""where_predicates"":[]},""header"":{""abi"":""Rust"",""is_async"":false,""is_const"":false,""is_unsafe"":false},""sig"":{""inputs"":[[""self"",{""borrowed_ref"":{""is_mutable"":false,""lifetime"":null,""type"":{""generic"":""Self""}}}]],""is_c_variadic"":false,""output"":{""resolved_path"":{""args"":{""angle_bracketed"":{""args"":[{""type"":{""primitive"":""usize""}}],""constraints"":[]}},""path"":""core::option::Option""}}}}"
arbi_anafis::ArbiUint	arbi_anafis::ArbiUint	inherent		method	toggle_bit	src/int/api/uint/bitwise.rs	192	[]	"[{""must_use"":{""reason"":null}}]"	"{""generics"":{""params"":[],""where_predicates"":[]},""header"":{""abi"":""Rust"",""is_async"":false,""is_const"":false,""is_unsafe"":false},""sig"":{""inputs"":[[""self"",{""borrowed_ref"":{""is_mutable"":false,""lifetime"":null,""type"":{""generic"":""Self""}}}],[""bit"",{""primitive"":""usize""}]],""is_c_variadic"":false,""output"":{""generic"":""Self""}}}"
arbi_anafis::ArbiUint	arbi_anafis::ArbiUint	inherent		method	trailing_ones	src/int/api/uint/bitwise.rs	131	[]	"[{""must_use"":{""reason"":null}}]"	"{""generics"":{""params"":[],""where_predicates"":[]},""header"":{""abi"":""Rust"",""is_async"":false,""is_const"":false,""is_unsafe"":false},""sig"":{""inputs"":[[""self"",{""borrowed_ref"":{""is_mutable"":false,""lifetime"":null,""type"":{""generic"":""Self""}}}]],""is_c_variadic"":false,""output"":{""primitive"":""usize""}}}"
arbi_anafis::ArbiUint	arbi_anafis::ArbiUint	inherent		method	trailing_zeros	src/int/api/uint/bitwise.rs	125	[]	"[{""must_use"":{""reason"":null}}]"	"{""generics"":{""params"":[],""where_predicates"":[]},""header"":{""abi"":""Rust"",""is_async"":false,""is_const"":false,""is_unsafe"":false},""sig"":{""inputs"":[[""self"",{""borrowed_ref"":{""is_mutable"":false,""lifetime"":null,""type"":{""generic"":""Self""}}}]],""is_c_variadic"":false,""output"":{""primitive"":""usize""}}}"
arbi_anafis::ArbiUint	arbi_anafis::ArbiUint	inherent		method	try_add	src/int/api/uint/math/checked.rs	51	[]	[]	"{""generics"":{""params"":[],""where_predicates"":[]},""header"":{""abi"":""Rust"",""is_async"":false,""is_const"":false,""is_unsafe"":false},""sig"":{""inputs"":[[""self"",{""borrowed_ref"":{""is_mutable"":false,""lifetime"":null,""type"":{""generic"":""Self""}}}],[""rhs"",{""borrowed_ref"":{""is_mutable"":false,""lifetime"":null,""type"":{""generic"":""Self""}}}]],""is_c_variadic"":false,""output"":{""resolved_path"":{""args"":{""angle_bracketed"":{""args"":[{""type"":{""generic"":""Self""}},{""type"":{""resolved_path"":{""args"":null,""path"":""arbi_anafis::ArbiError""}}}],""constraints"":[]}},""path"":""core::result::Result""}}}}"
arbi_anafis::ArbiUint	arbi_anafis::ArbiUint	inherent		method	try_div	src/int/api/uint/math/checked.rs	111	[]	[]	"{""generics"":{""params"":[],""where_predicates"":[]},""header"":{""abi"":""Rust"",""is_async"":false,""is_const"":false,""is_unsafe"":false},""sig"":{""inputs"":[[""self"",{""borrowed_ref"":{""is_mutable"":false,""lifetime"":null,""type"":{""generic"":""Self""}}}],[""rhs"",{""borrowed_ref"":{""is_mutable"":false,""lifetime"":null,""type"":{""generic"":""Self""}}}]],""is_c_variadic"":false,""output"":{""resolved_path"":{""args"":{""angle_bracketed"":{""args"":[{""type"":{""generic"":""Self""}},{""type"":{""resolved_path"":{""args"":null,""path"":""arbi_anafis::ArbiError""}}}],""constraints"":[]}},""path"":""core::result::Result""}}}}"
arbi_anafis::ArbiUint	arbi_anafis::ArbiUint	inherent		method	try_mul	src/int/api/uint/math/checked.rs	91	[]	[]	"{""generics"":{""params"":[],""where_predicates"":[]},""header"":{""abi"":""Rust"",""is_async"":false,""is_const"":false,""is_unsafe"":false},""sig"":{""inputs"":[[""self"",{""borrowed_ref"":{""is_mutable"":false,""lifetime"":null,""type"":{""generic"":""Self""}}}],[""rhs"",{""borrowed_ref"":{""is_mutable"":false,""lifetime"":null,""type"":{""generic"":""Self""}}}]],""is_c_variadic"":false,""output"":{""resolved_path"":{""args"":{""angle_bracketed"":{""args"":[{""type"":{""generic"":""Self""}},{""type"":{""resolved_path"":{""args"":null,""path"":""arbi_anafis::ArbiError""}}}],""constraints"":[]}},""path"":""core::result::Result""}}}}"
arbi_anafis::ArbiUint	arbi_anafis::ArbiUint	inherent		method	try_not	src/int/api/uint/bitwise.rs	97	[]	[]	"{""generics"":{""params"":[],""where_predicates"":[]},""header"":{""abi"":""Rust"",""is_async"":false,""is_const"":false,""is_unsafe"":false},""sig"":{""inputs"":[[""self"",{""borrowed_ref"":{""is_mutable"":false,""lifetime"":null,""type"":{""generic"":""Self""}}}]],""is_c_variadic"":false,""output"":{""resolved_path"":{""args"":{""angle_bracketed"":{""args"":[{""type"":{""generic"":""Self""}},{""type"":{""resolved_path"":{""args"":null,""path"":""arbi_anafis::ArbiError""}}}],""constraints"":[]}},""path"":""core::result::Result""}}}}"
arbi_anafis::ArbiUint	arbi_anafis::ArbiUint	inherent		method	try_pow	src/int/api/uint/theory/powers.rs	30	[]	[]	"{""generics"":{""params"":[],""where_predicates"":[]},""header"":{""abi"":""Rust"",""is_async"":false,""is_const"":false,""is_unsafe"":false},""sig"":{""inputs"":[[""self"",{""borrowed_ref"":{""is_mutable"":false,""lifetime"":null,""type"":{""generic"":""Self""}}}],[""exp"",{""primitive"":""u32""}]],""is_c_variadic"":false,""output"":{""resolved_path"":{""args"":{""angle_bracketed"":{""args"":[{""type"":{""generic"":""Self""}},{""type"":{""resolved_path"":{""args"":null,""path"":""arbi_anafis::ArbiError""}}}],""constraints"":[]}},""path"":""core::result::Result""}}}}"
arbi_anafis::ArbiUint	arbi_anafis::ArbiUint	inherent		method	try_rem	src/int/api/uint/math/checked.rs	131	[]	[]	"{""generics"":{""params"":[],""where_predicates"":[]},""header"":{""abi"":""Rust"",""is_async"":false,""is_const"":false,""is_unsafe"":false},""sig"":{""inputs"":[[""self"",{""borrowed_ref"":{""is_mutable"":false,""lifetime"":null,""type"":{""generic"":""Self""}}}],[""rhs"",{""borrowed_ref"":{""is_mutable"":false,""lifetime"":null,""type"":{""generic"":""Self""}}}]],""is_c_variadic"":false,""output"":{""resolved_path"":{""args"":{""angle_bracketed"":{""args"":[{""type"":{""generic"":""Self""}},{""type"":{""resolved_path"":{""args"":null,""path"":""arbi_anafis::ArbiError""}}}],""constraints"":[]}},""path"":""core::result::Result""}}}}"
arbi_anafis::ArbiUint	arbi_anafis::ArbiUint	inherent		method	try_shl	src/int/api/uint/shift.rs	102	[]	[]	"{""generics"":{""params"":[],""where_predicates"":[]},""header"":{""abi"":""Rust"",""is_async"":false,""is_const"":false,""is_unsafe"":false},""sig"":{""inputs"":[[""self"",{""borrowed_ref"":{""is_mutable"":false,""lifetime"":null,""type"":{""generic"":""Self""}}}],[""shift"",{""primitive"":""usize""}]],""is_c_variadic"":false,""output"":{""resolved_path"":{""args"":{""angle_bracketed"":{""args"":[{""type"":{""generic"":""Self""}},{""type"":{""resolved_path"":{""args"":null,""path"":""arbi_anafis::ArbiError""}}}],""constraints"":[]}},""path"":""core::result::Result""}}}}"
arbi_anafis::ArbiUint	arbi_anafis::ArbiUint	inherent		method	try_sub	src/int/api/uint/math/checked.rs	71	[]	[]	"{""generics"":{""params"":[],""where_predicates"":[]},""header"":{""abi"":""Rust"",""is_async"":false,""is_const"":false,""is_unsafe"":false},""sig"":{""inputs"":[[""self"",{""borrowed_ref"":{""is_mutable"":false,""lifetime"":null,""type"":{""generic"":""Self""}}}],[""rhs"",{""borrowed_ref"":{""is_mutable"":false,""lifetime"":null,""type"":{""generic"":""Self""}}}]],""is_c_variadic"":false,""output"":{""resolved_path"":{""args"":{""angle_bracketed"":{""args"":[{""type"":{""generic"":""Self""}},{""type"":{""resolved_path"":{""args"":null,""path"":""arbi_anafis::ArbiError""}}}],""constraints"":[]}},""path"":""core::result::Result""}}}}"
arbi_anafis::ArbiUint	arbi_anafis::ArbiUint	inherent		method	wrapping_add	src/int/api/uint/math/bounded.rs	11	[]	"[{""must_use"":{""reason"":null}}]"	"{""generics"":{""params"":[],""where_predicates"":[]},""header"":{""abi"":""Rust"",""is_async"":false,""is_const"":false,""is_unsafe"":false},""sig"":{""inputs"":[[""self"",{""borrowed_ref"":{""is_mutable"":false,""lifetime"":null,""type"":{""generic"":""Self""}}}],[""rhs"",{""borrowed_ref"":{""is_mutable"":false,""lifetime"":null,""type"":{""generic"":""Self""}}}]],""is_c_variadic"":false,""output"":{""generic"":""Self""}}}"
arbi_anafis::ArbiUint	arbi_anafis::ArbiUint	inherent		method	wrapping_div	src/int/api/uint/math/bounded.rs	79	[]	"[{""must_use"":{""reason"":null}}]"	"{""generics"":{""params"":[],""where_predicates"":[]},""header"":{""abi"":""Rust"",""is_async"":false,""is_const"":false,""is_unsafe"":false},""sig"":{""inputs"":[[""self"",{""borrowed_ref"":{""is_mutable"":false,""lifetime"":null,""type"":{""generic"":""Self""}}}],[""rhs"",{""borrowed_ref"":{""is_mutable"":false,""lifetime"":null,""type"":{""generic"":""Self""}}}]],""is_c_variadic"":false,""output"":{""generic"":""Self""}}}"
arbi_anafis::ArbiUint	arbi_anafis::ArbiUint	inherent		method	wrapping_mul	src/int/api/uint/math/bounded.rs	61	[]	"[{""must_use"":{""reason"":null}}]"	"{""generics"":{""params"":[],""where_predicates"":[]},""header"":{""abi"":""Rust"",""is_async"":false,""is_const"":false,""is_unsafe"":false},""sig"":{""inputs"":[[""self"",{""borrowed_ref"":{""is_mutable"":false,""lifetime"":null,""type"":{""generic"":""Self""}}}],[""rhs"",{""borrowed_ref"":{""is_mutable"":false,""lifetime"":null,""type"":{""generic"":""Self""}}}]],""is_c_variadic"":false,""output"":{""generic"":""Self""}}}"
arbi_anafis::ArbiUint	arbi_anafis::ArbiUint	inherent		method	wrapping_rem	src/int/api/uint/math/bounded.rs	98	[]	"[{""must_use"":{""reason"":null}}]"	"{""generics"":{""params"":[],""where_predicates"":[]},""header"":{""abi"":""Rust"",""is_async"":false,""is_const"":false,""is_unsafe"":false},""sig"":{""inputs"":[[""self"",{""borrowed_ref"":{""is_mutable"":false,""lifetime"":null,""type"":{""generic"":""Self""}}}],[""rhs"",{""borrowed_ref"":{""is_mutable"":false,""lifetime"":null,""type"":{""generic"":""Self""}}}]],""is_c_variadic"":false,""output"":{""generic"":""Self""}}}"
arbi_anafis::ArbiUint	arbi_anafis::ArbiUint	inherent		method	wrapping_shl	src/int/api/uint/shift.rs	32	[]	"[{""must_use"":{""reason"":null}}]"	"{""generics"":{""params"":[],""where_predicates"":[]},""header"":{""abi"":""Rust"",""is_async"":false,""is_const"":false,""is_unsafe"":false},""sig"":{""inputs"":[[""self"",{""borrowed_ref"":{""is_mutable"":false,""lifetime"":null,""type"":{""generic"":""Self""}}}],[""shift"",{""primitive"":""usize""}]],""is_c_variadic"":false,""output"":{""generic"":""Self""}}}"
arbi_anafis::ArbiUint	arbi_anafis::ArbiUint	inherent		method	wrapping_sub	src/int/api/uint/math/bounded.rs	34	[]	"[{""must_use"":{""reason"":null}}]"	"{""generics"":{""params"":[],""where_predicates"":[]},""header"":{""abi"":""Rust"",""is_async"":false,""is_const"":false,""is_unsafe"":false},""sig"":{""inputs"":[[""self"",{""borrowed_ref"":{""is_mutable"":false,""lifetime"":null,""type"":{""generic"":""Self""}}}],[""rhs"",{""borrowed_ref"":{""is_mutable"":false,""lifetime"":null,""type"":{""generic"":""Self""}}}]],""is_c_variadic"":false,""output"":{""generic"":""Self""}}}"
arbi_anafis::ArbiUint	arbi_anafis::ArbiUint	trait	core::clone::Clone	method	clone	src/int/api/types.rs	44	[]	[]	"{""generics"":{""params"":[],""where_predicates"":[]},""header"":{""abi"":""Rust"",""is_async"":false,""is_const"":false,""is_unsafe"":false},""sig"":{""inputs"":[[""self"",{""borrowed_ref"":{""is_mutable"":false,""lifetime"":null,""type"":{""generic"":""Self""}}}]],""is_c_variadic"":false,""output"":{""generic"":""Self""}}}"
arbi_anafis::ArbiUint	arbi_anafis::ArbiUint	trait	core::clone::Clone	method	clone_from	src/int/api/types.rs	51	[]	[]	"{""generics"":{""params"":[],""where_predicates"":[]},""header"":{""abi"":""Rust"",""is_async"":false,""is_const"":false,""is_unsafe"":false},""sig"":{""inputs"":[[""self"",{""borrowed_ref"":{""is_mutable"":true,""lifetime"":null,""type"":{""generic"":""Self""}}}],[""source"",{""borrowed_ref"":{""is_mutable"":false,""lifetime"":null,""type"":{""generic"":""Self""}}}]],""is_c_variadic"":false,""output"":null}}"
arbi_anafis::ArbiUint	arbi_anafis::ArbiUint	trait	core::clone::Clone	trait_impl	Clone	src/int/api/types.rs	43	[]	[]	"{""generics"":{""params"":[],""where_predicates"":[]},""is_negative"":false,""is_unsafe"":false,""provided_trait_methods"":[""clone_from""]}"
arbi_anafis::ArbiUint	arbi_anafis::ArbiUint	trait	core::cmp::Eq	trait_impl	Eq	src/int/api/cmp.rs	46	[]	[]	"{""generics"":{""params"":[],""where_predicates"":[]},""is_negative"":false,""is_unsafe"":false,""provided_trait_methods"":[""assert_fields_are_eq"",""assert_receiver_is_total_eq""]}"
arbi_anafis::ArbiUint	arbi_anafis::ArbiUint	trait	core::cmp::Ord	method	cmp	src/int/api/cmp.rs	63	[]	"[{""other"":""#[attr = Inline(Hint)]""}]"	"{""generics"":{""params"":[],""where_predicates"":[]},""header"":{""abi"":""Rust"",""is_async"":false,""is_const"":false,""is_unsafe"":false},""sig"":{""inputs"":[[""self"",{""borrowed_ref"":{""is_mutable"":false,""lifetime"":null,""type"":{""generic"":""Self""}}}],[""other"",{""borrowed_ref"":{""is_mutable"":false,""lifetime"":null,""type"":{""generic"":""Self""}}}]],""is_c_variadic"":false,""output"":{""resolved_path"":{""args"":null,""path"":""core::cmp::Ordering""}}}}"
arbi_anafis::ArbiUint	arbi_anafis::ArbiUint	trait	core::cmp::Ord	trait_impl	Ord	src/int/api/cmp.rs	61	[]	[]	"{""generics"":{""params"":[],""where_predicates"":[]},""is_negative"":false,""is_unsafe"":false,""provided_trait_methods"":[""clamp"",""max"",""min""]}"
arbi_anafis::ArbiUint	arbi_anafis::ArbiUint	trait	core::cmp::PartialEq	method	eq	src/int/api/cmp.rs	41	[]	"[{""other"":""#[attr = Inline(Hint)]""}]"	"{""generics"":{""params"":[],""where_predicates"":[]},""header"":{""abi"":""Rust"",""is_async"":false,""is_const"":false,""is_unsafe"":false},""sig"":{""inputs"":[[""self"",{""borrowed_ref"":{""is_mutable"":false,""lifetime"":null,""type"":{""generic"":""Self""}}}],[""other"",{""borrowed_ref"":{""is_mutable"":false,""lifetime"":null,""type"":{""generic"":""Self""}}}]],""is_c_variadic"":false,""output"":{""primitive"":""bool""}}}"
arbi_anafis::ArbiUint	arbi_anafis::ArbiUint	trait	core::cmp::PartialEq	trait_impl	PartialEq	src/int/api/cmp.rs	39	[]	[]	"{""generics"":{""params"":[],""where_predicates"":[]},""is_negative"":false,""is_unsafe"":false,""provided_trait_methods"":[""ne""]}"
arbi_anafis::ArbiUint	arbi_anafis::ArbiUint	trait	core::cmp::PartialOrd	method	partial_cmp	src/int/api/cmp.rs	56	[]	"[{""other"":""#[attr = Inline(Hint)]""}]"	"{""generics"":{""params"":[],""where_predicates"":[]},""header"":{""abi"":""Rust"",""is_async"":false,""is_const"":false,""is_unsafe"":false},""sig"":{""inputs"":[[""self"",{""borrowed_ref"":{""is_mutable"":false,""lifetime"":null,""type"":{""generic"":""Self""}}}],[""other"",{""borrowed_ref"":{""is_mutable"":false,""lifetime"":null,""type"":{""generic"":""Self""}}}]],""is_c_variadic"":false,""output"":{""resolved_path"":{""args"":{""angle_bracketed"":{""args"":[{""type"":{""resolved_path"":{""args"":null,""path"":""core::cmp::Ordering""}}}],""constraints"":[]}},""path"":""core::option::Option""}}}}"
arbi_anafis::ArbiUint	arbi_anafis::ArbiUint	trait	core::cmp::PartialOrd	trait_impl	PartialOrd	src/int/api/cmp.rs	54	[]	[]	"{""generics"":{""params"":[],""where_predicates"":[]},""is_negative"":false,""is_unsafe"":false,""provided_trait_methods"":[""__chaining_ge"",""__chaining_gt"",""__chaining_le"",""__chaining_lt"",""ge"",""gt"",""le"",""lt""]}"
arbi_anafis::ArbiUint	arbi_anafis::ArbiUint	trait	core::convert::From<u128>	associated_function	from	src/int/api/convert.rs	161	[]	[]	"{""generics"":{""params"":[],""where_predicates"":[]},""header"":{""abi"":""Rust"",""is_async"":false,""is_const"":false,""is_unsafe"":false},""sig"":{""inputs"":[[""value"",{""primitive"":""u128""}]],""is_c_variadic"":false,""output"":{""generic"":""Self""}}}"
arbi_anafis::ArbiUint	arbi_anafis::ArbiUint	trait	core::convert::From<u128>	trait_impl	From	src/int/api/convert.rs	160	[]	[]	"{""generics"":{""params"":[],""where_predicates"":[]},""is_negative"":false,""is_unsafe"":false,""provided_trait_methods"":[]}"
arbi_anafis::ArbiUint	arbi_anafis::ArbiUint	trait	core::convert::From<u16>	associated_function	from	src/int/api/convert.rs	315	[]	[]	"{""generics"":{""params"":[],""where_predicates"":[]},""header"":{""abi"":""Rust"",""is_async"":false,""is_const"":false,""is_unsafe"":false},""sig"":{""inputs"":[[""value"",{""primitive"":""u16""}]],""is_c_variadic"":false,""output"":{""generic"":""Self""}}}"
arbi_anafis::ArbiUint	arbi_anafis::ArbiUint	trait	core::convert::From<u16>	trait_impl	From	src/int/api/convert.rs	315	[]	[]	"{""generics"":{""params"":[],""where_predicates"":[]},""is_negative"":false,""is_unsafe"":false,""provided_trait_methods"":[]}"
arbi_anafis::ArbiUint	arbi_anafis::ArbiUint	trait	core::convert::From<u32>	associated_function	from	src/int/api/convert.rs	315	[]	[]	"{""generics"":{""params"":[],""where_predicates"":[]},""header"":{""abi"":""Rust"",""is_async"":false,""is_const"":false,""is_unsafe"":false},""sig"":{""inputs"":[[""value"",{""primitive"":""u32""}]],""is_c_variadic"":false,""output"":{""generic"":""Self""}}}"
arbi_anafis::ArbiUint	arbi_anafis::ArbiUint	trait	core::convert::From<u32>	trait_impl	From	src/int/api/convert.rs	315	[]	[]	"{""generics"":{""params"":[],""where_predicates"":[]},""is_negative"":false,""is_unsafe"":false,""provided_trait_methods"":[]}"
arbi_anafis::ArbiUint	arbi_anafis::ArbiUint	trait	core::convert::From<u64>	associated_function	from	src/int/api/convert.rs	315	[]	[]	"{""generics"":{""params"":[],""where_predicates"":[]},""header"":{""abi"":""Rust"",""is_async"":false,""is_const"":false,""is_unsafe"":false},""sig"":{""inputs"":[[""value"",{""primitive"":""u64""}]],""is_c_variadic"":false,""output"":{""generic"":""Self""}}}"
arbi_anafis::ArbiUint	arbi_anafis::ArbiUint	trait	core::convert::From<u64>	trait_impl	From	src/int/api/convert.rs	315	[]	[]	"{""generics"":{""params"":[],""where_predicates"":[]},""is_negative"":false,""is_unsafe"":false,""provided_trait_methods"":[]}"
arbi_anafis::ArbiUint	arbi_anafis::ArbiUint	trait	core::convert::From<u8>	associated_function	from	src/int/api/convert.rs	315	[]	[]	"{""generics"":{""params"":[],""where_predicates"":[]},""header"":{""abi"":""Rust"",""is_async"":false,""is_const"":false,""is_unsafe"":false},""sig"":{""inputs"":[[""value"",{""primitive"":""u8""}]],""is_c_variadic"":false,""output"":{""generic"":""Self""}}}"
arbi_anafis::ArbiUint	arbi_anafis::ArbiUint	trait	core::convert::From<u8>	trait_impl	From	src/int/api/convert.rs	315	[]	[]	"{""generics"":{""params"":[],""where_predicates"":[]},""is_negative"":false,""is_unsafe"":false,""provided_trait_methods"":[]}"
arbi_anafis::ArbiUint	arbi_anafis::ArbiUint	trait	core::convert::From<usize>	associated_function	from	src/int/api/convert.rs	89	[]	[]	"{""generics"":{""params"":[],""where_predicates"":[]},""header"":{""abi"":""Rust"",""is_async"":false,""is_const"":false,""is_unsafe"":false},""sig"":{""inputs"":[[""value"",{""primitive"":""usize""}]],""is_c_variadic"":false,""output"":{""generic"":""Self""}}}"
arbi_anafis::ArbiUint	arbi_anafis::ArbiUint	trait	core::convert::From<usize>	trait_impl	From	src/int/api/convert.rs	88	[]	[]	"{""generics"":{""params"":[],""where_predicates"":[]},""is_negative"":false,""is_unsafe"":false,""provided_trait_methods"":[]}"
arbi_anafis::ArbiUint	arbi_anafis::ArbiUint	trait	core::convert::TryFrom<i128>	assoc_type	Error	src/int/api/convert.rs	192	[]	[]	"{""bounds"":[],""default_unstable"":null,""generics"":{""params"":[],""where_predicates"":[]},""type"":{""resolved_path"":{""args"":null,""path"":""arbi_anafis::ArbiError""}}}"
arbi_anafis::ArbiUint	arbi_anafis::ArbiUint	trait	core::convert::TryFrom<i128>	associated_function	try_from	src/int/api/convert.rs	193	[]	[]	"{""generics"":{""params"":[],""where_predicates"":[]},""header"":{""abi"":""Rust"",""is_async"":false,""is_const"":false,""is_unsafe"":false},""sig"":{""inputs"":[[""value"",{""primitive"":""i128""}]],""is_c_variadic"":false,""output"":{""resolved_path"":{""args"":{""angle_bracketed"":{""args"":[{""type"":{""generic"":""Self""}},{""type"":{""qualified_path"":{""args"":null,""name"":""Error"",""self_type"":{""generic"":""Self""},""trait"":{""args"":null,""path"":""core::convert::TryFrom""}}}}],""constraints"":[]}},""path"":""core::result::Result""}}}}"
arbi_anafis::ArbiUint	arbi_anafis::ArbiUint	trait	core::convert::TryFrom<i128>	trait_impl	TryFrom	src/int/api/convert.rs	191	[]	[]	"{""generics"":{""params"":[],""where_predicates"":[]},""is_negative"":false,""is_unsafe"":false,""provided_trait_methods"":[]}"
arbi_anafis::ArbiUint	arbi_anafis::ArbiUint	trait	core::convert::TryFrom<i16>	assoc_type	Error	src/int/api/convert.rs	316	[]	[]	"{""bounds"":[],""default_unstable"":null,""generics"":{""params"":[],""where_predicates"":[]},""type"":{""resolved_path"":{""args"":null,""path"":""arbi_anafis::ArbiError""}}}"
arbi_anafis::ArbiUint	arbi_anafis::ArbiUint	trait	core::convert::TryFrom<i16>	associated_function	try_from	src/int/api/convert.rs	316	[]	[]	"{""generics"":{""params"":[],""where_predicates"":[]},""header"":{""abi"":""Rust"",""is_async"":false,""is_const"":false,""is_unsafe"":false},""sig"":{""inputs"":[[""value"",{""primitive"":""i16""}]],""is_c_variadic"":false,""output"":{""resolved_path"":{""args"":{""angle_bracketed"":{""args"":[{""type"":{""generic"":""Self""}},{""type"":{""qualified_path"":{""args"":null,""name"":""Error"",""self_type"":{""generic"":""Self""},""trait"":{""args"":null,""path"":""core::convert::TryFrom""}}}}],""constraints"":[]}},""path"":""core::result::Result""}}}}"
arbi_anafis::ArbiUint	arbi_anafis::ArbiUint	trait	core::convert::TryFrom<i16>	trait_impl	TryFrom	src/int/api/convert.rs	316	[]	[]	"{""generics"":{""params"":[],""where_predicates"":[]},""is_negative"":false,""is_unsafe"":false,""provided_trait_methods"":[]}"
arbi_anafis::ArbiUint	arbi_anafis::ArbiUint	trait	core::convert::TryFrom<i32>	assoc_type	Error	src/int/api/convert.rs	316	[]	[]	"{""bounds"":[],""default_unstable"":null,""generics"":{""params"":[],""where_predicates"":[]},""type"":{""resolved_path"":{""args"":null,""path"":""arbi_anafis::ArbiError""}}}"
arbi_anafis::ArbiUint	arbi_anafis::ArbiUint	trait	core::convert::TryFrom<i32>	associated_function	try_from	src/int/api/convert.rs	316	[]	[]	"{""generics"":{""params"":[],""where_predicates"":[]},""header"":{""abi"":""Rust"",""is_async"":false,""is_const"":false,""is_unsafe"":false},""sig"":{""inputs"":[[""value"",{""primitive"":""i32""}]],""is_c_variadic"":false,""output"":{""resolved_path"":{""args"":{""angle_bracketed"":{""args"":[{""type"":{""generic"":""Self""}},{""type"":{""qualified_path"":{""args"":null,""name"":""Error"",""self_type"":{""generic"":""Self""},""trait"":{""args"":null,""path"":""core::convert::TryFrom""}}}}],""constraints"":[]}},""path"":""core::result::Result""}}}}"
arbi_anafis::ArbiUint	arbi_anafis::ArbiUint	trait	core::convert::TryFrom<i32>	trait_impl	TryFrom	src/int/api/convert.rs	316	[]	[]	"{""generics"":{""params"":[],""where_predicates"":[]},""is_negative"":false,""is_unsafe"":false,""provided_trait_methods"":[]}"
arbi_anafis::ArbiUint	arbi_anafis::ArbiUint	trait	core::convert::TryFrom<i64>	assoc_type	Error	src/int/api/convert.rs	316	[]	[]	"{""bounds"":[],""default_unstable"":null,""generics"":{""params"":[],""where_predicates"":[]},""type"":{""resolved_path"":{""args"":null,""path"":""arbi_anafis::ArbiError""}}}"
arbi_anafis::ArbiUint	arbi_anafis::ArbiUint	trait	core::convert::TryFrom<i64>	associated_function	try_from	src/int/api/convert.rs	316	[]	[]	"{""generics"":{""params"":[],""where_predicates"":[]},""header"":{""abi"":""Rust"",""is_async"":false,""is_const"":false,""is_unsafe"":false},""sig"":{""inputs"":[[""value"",{""primitive"":""i64""}]],""is_c_variadic"":false,""output"":{""resolved_path"":{""args"":{""angle_bracketed"":{""args"":[{""type"":{""generic"":""Self""}},{""type"":{""qualified_path"":{""args"":null,""name"":""Error"",""self_type"":{""generic"":""Self""},""trait"":{""args"":null,""path"":""core::convert::TryFrom""}}}}],""constraints"":[]}},""path"":""core::result::Result""}}}}"
arbi_anafis::ArbiUint	arbi_anafis::ArbiUint	trait	core::convert::TryFrom<i64>	trait_impl	TryFrom	src/int/api/convert.rs	316	[]	[]	"{""generics"":{""params"":[],""where_predicates"":[]},""is_negative"":false,""is_unsafe"":false,""provided_trait_methods"":[]}"
arbi_anafis::ArbiUint	arbi_anafis::ArbiUint	trait	core::convert::TryFrom<i8>	assoc_type	Error	src/int/api/convert.rs	316	[]	[]	"{""bounds"":[],""default_unstable"":null,""generics"":{""params"":[],""where_predicates"":[]},""type"":{""resolved_path"":{""args"":null,""path"":""arbi_anafis::ArbiError""}}}"
arbi_anafis::ArbiUint	arbi_anafis::ArbiUint	trait	core::convert::TryFrom<i8>	associated_function	try_from	src/int/api/convert.rs	316	[]	[]	"{""generics"":{""params"":[],""where_predicates"":[]},""header"":{""abi"":""Rust"",""is_async"":false,""is_const"":false,""is_unsafe"":false},""sig"":{""inputs"":[[""value"",{""primitive"":""i8""}]],""is_c_variadic"":false,""output"":{""resolved_path"":{""args"":{""angle_bracketed"":{""args"":[{""type"":{""generic"":""Self""}},{""type"":{""qualified_path"":{""args"":null,""name"":""Error"",""self_type"":{""generic"":""Self""},""trait"":{""args"":null,""path"":""core::convert::TryFrom""}}}}],""constraints"":[]}},""path"":""core::result::Result""}}}}"
arbi_anafis::ArbiUint	arbi_anafis::ArbiUint	trait	core::convert::TryFrom<i8>	trait_impl	TryFrom	src/int/api/convert.rs	316	[]	[]	"{""generics"":{""params"":[],""where_predicates"":[]},""is_negative"":false,""is_unsafe"":false,""provided_trait_methods"":[]}"
arbi_anafis::ArbiUint	arbi_anafis::ArbiUint	trait	core::convert::TryFrom<isize>	assoc_type	Error	src/int/api/convert.rs	123	[]	[]	"{""bounds"":[],""default_unstable"":null,""generics"":{""params"":[],""where_predicates"":[]},""type"":{""resolved_path"":{""args"":null,""path"":""arbi_anafis::ArbiError""}}}"
arbi_anafis::ArbiUint	arbi_anafis::ArbiUint	trait	core::convert::TryFrom<isize>	associated_function	try_from	src/int/api/convert.rs	124	[]	[]	"{""generics"":{""params"":[],""where_predicates"":[]},""header"":{""abi"":""Rust"",""is_async"":false,""is_const"":false,""is_unsafe"":false},""sig"":{""inputs"":[[""value"",{""primitive"":""isize""}]],""is_c_variadic"":false,""output"":{""resolved_path"":{""args"":{""angle_bracketed"":{""args"":[{""type"":{""generic"":""Self""}},{""type"":{""qualified_path"":{""args"":null,""name"":""Error"",""self_type"":{""generic"":""Self""},""trait"":{""args"":null,""path"":""core::convert::TryFrom""}}}}],""constraints"":[]}},""path"":""core::result::Result""}}}}"
arbi_anafis::ArbiUint	arbi_anafis::ArbiUint	trait	core::convert::TryFrom<isize>	trait_impl	TryFrom	src/int/api/convert.rs	122	[]	[]	"{""generics"":{""params"":[],""where_predicates"":[]},""is_negative"":false,""is_unsafe"":false,""provided_trait_methods"":[]}"
arbi_anafis::ArbiUint	arbi_anafis::ArbiUint	trait	core::default::Default	associated_function	default	src/int/api/uint/constructors.rs	168	[]	"[{""other"":""#[attr = Inline(Hint)]""}]"	"{""generics"":{""params"":[],""where_predicates"":[]},""header"":{""abi"":""Rust"",""is_async"":false,""is_const"":false,""is_unsafe"":false},""sig"":{""inputs"":[],""is_c_variadic"":false,""output"":{""generic"":""Self""}}}"
arbi_anafis::ArbiUint	arbi_anafis::ArbiUint	trait	core::default::Default	trait_impl	Default	src/int/api/uint/constructors.rs	166	[]	[]	"{""generics"":{""params"":[],""where_predicates"":[]},""is_negative"":false,""is_unsafe"":false,""provided_trait_methods"":[]}"
arbi_anafis::ArbiUint	arbi_anafis::ArbiUint	trait	core::fmt::Binary	method	fmt	src/int/api/string.rs	181	[]	[]	"{""generics"":{""params"":[],""where_predicates"":[]},""header"":{""abi"":""Rust"",""is_async"":false,""is_const"":false,""is_unsafe"":false},""sig"":{""inputs"":[[""self"",{""borrowed_ref"":{""is_mutable"":false,""lifetime"":null,""type"":{""generic"":""Self""}}}],[""f"",{""borrowed_ref"":{""is_mutable"":true,""lifetime"":null,""type"":{""resolved_path"":{""args"":{""angle_bracketed"":{""args"":[{""lifetime"":""'_""}],""constraints"":[]}},""path"":""core::fmt::Formatter""}}}}]],""is_c_variadic"":false,""output"":{""resolved_path"":{""args"":null,""path"":""core::fmt::Result""}}}}"
arbi_anafis::ArbiUint	arbi_anafis::ArbiUint	trait	core::fmt::Binary	trait_impl	Binary	src/int/api/string.rs	181	[]	[]	"{""generics"":{""params"":[],""where_predicates"":[]},""is_negative"":false,""is_unsafe"":false,""provided_trait_methods"":[]}"
arbi_anafis::ArbiUint	arbi_anafis::ArbiUint	trait	core::fmt::Debug	method	fmt	src/int/api/string.rs	24	[]	[]	"{""generics"":{""params"":[],""where_predicates"":[]},""header"":{""abi"":""Rust"",""is_async"":false,""is_const"":false,""is_unsafe"":false},""sig"":{""inputs"":[[""self"",{""borrowed_ref"":{""is_mutable"":false,""lifetime"":null,""type"":{""generic"":""Self""}}}],[""f"",{""borrowed_ref"":{""is_mutable"":true,""lifetime"":null,""type"":{""resolved_path"":{""args"":{""angle_bracketed"":{""args"":[{""lifetime"":""'_""}],""constraints"":[]}},""path"":""core::fmt::Formatter""}}}}]],""is_c_variadic"":false,""output"":{""resolved_path"":{""args"":null,""path"":""core::fmt::Result""}}}}"
arbi_anafis::ArbiUint	arbi_anafis::ArbiUint	trait	core::fmt::Debug	trait_impl	Debug	src/int/api/string.rs	23	[]	[]	"{""generics"":{""params"":[],""where_predicates"":[]},""is_negative"":false,""is_unsafe"":false,""provided_trait_methods"":[]}"
arbi_anafis::ArbiUint	arbi_anafis::ArbiUint	trait	core::fmt::Display	method	fmt	src/int/api/string.rs	181	[]	[]	"{""generics"":{""params"":[],""where_predicates"":[]},""header"":{""abi"":""Rust"",""is_async"":false,""is_const"":false,""is_unsafe"":false},""sig"":{""inputs"":[[""self"",{""borrowed_ref"":{""is_mutable"":false,""lifetime"":null,""type"":{""generic"":""Self""}}}],[""f"",{""borrowed_ref"":{""is_mutable"":true,""lifetime"":null,""type"":{""resolved_path"":{""args"":{""angle_bracketed"":{""args"":[{""lifetime"":""'_""}],""constraints"":[]}},""path"":""core::fmt::Formatter""}}}}]],""is_c_variadic"":false,""output"":{""resolved_path"":{""args"":null,""path"":""core::fmt::Result""}}}}"
arbi_anafis::ArbiUint	arbi_anafis::ArbiUint	trait	core::fmt::Display	trait_impl	Display	src/int/api/string.rs	181	[]	[]	"{""generics"":{""params"":[],""where_predicates"":[]},""is_negative"":false,""is_unsafe"":false,""provided_trait_methods"":[]}"
arbi_anafis::ArbiUint	arbi_anafis::ArbiUint	trait	core::fmt::LowerHex	method	fmt	src/int/api/string.rs	181	[]	[]	"{""generics"":{""params"":[],""where_predicates"":[]},""header"":{""abi"":""Rust"",""is_async"":false,""is_const"":false,""is_unsafe"":false},""sig"":{""inputs"":[[""self"",{""borrowed_ref"":{""is_mutable"":false,""lifetime"":null,""type"":{""generic"":""Self""}}}],[""f"",{""borrowed_ref"":{""is_mutable"":true,""lifetime"":null,""type"":{""resolved_path"":{""args"":{""angle_bracketed"":{""args"":[{""lifetime"":""'_""}],""constraints"":[]}},""path"":""core::fmt::Formatter""}}}}]],""is_c_variadic"":false,""output"":{""resolved_path"":{""args"":null,""path"":""core::fmt::Result""}}}}"
arbi_anafis::ArbiUint	arbi_anafis::ArbiUint	trait	core::fmt::LowerHex	trait_impl	LowerHex	src/int/api/string.rs	181	[]	[]	"{""generics"":{""params"":[],""where_predicates"":[]},""is_negative"":false,""is_unsafe"":false,""provided_trait_methods"":[]}"
arbi_anafis::ArbiUint	arbi_anafis::ArbiUint	trait	core::fmt::Octal	method	fmt	src/int/api/string.rs	181	[]	[]	"{""generics"":{""params"":[],""where_predicates"":[]},""header"":{""abi"":""Rust"",""is_async"":false,""is_const"":false,""is_unsafe"":false},""sig"":{""inputs"":[[""self"",{""borrowed_ref"":{""is_mutable"":false,""lifetime"":null,""type"":{""generic"":""Self""}}}],[""f"",{""borrowed_ref"":{""is_mutable"":true,""lifetime"":null,""type"":{""resolved_path"":{""args"":{""angle_bracketed"":{""args"":[{""lifetime"":""'_""}],""constraints"":[]}},""path"":""core::fmt::Formatter""}}}}]],""is_c_variadic"":false,""output"":{""resolved_path"":{""args"":null,""path"":""core::fmt::Result""}}}}"
arbi_anafis::ArbiUint	arbi_anafis::ArbiUint	trait	core::fmt::Octal	trait_impl	Octal	src/int/api/string.rs	181	[]	[]	"{""generics"":{""params"":[],""where_predicates"":[]},""is_negative"":false,""is_unsafe"":false,""provided_trait_methods"":[]}"
arbi_anafis::ArbiUint	arbi_anafis::ArbiUint	trait	core::fmt::UpperHex	method	fmt	src/int/api/string.rs	181	[]	[]	"{""generics"":{""params"":[],""where_predicates"":[]},""header"":{""abi"":""Rust"",""is_async"":false,""is_const"":false,""is_unsafe"":false},""sig"":{""inputs"":[[""self"",{""borrowed_ref"":{""is_mutable"":false,""lifetime"":null,""type"":{""generic"":""Self""}}}],[""f"",{""borrowed_ref"":{""is_mutable"":true,""lifetime"":null,""type"":{""resolved_path"":{""args"":{""angle_bracketed"":{""args"":[{""lifetime"":""'_""}],""constraints"":[]}},""path"":""core::fmt::Formatter""}}}}]],""is_c_variadic"":false,""output"":{""resolved_path"":{""args"":null,""path"":""core::fmt::Result""}}}}"
arbi_anafis::ArbiUint	arbi_anafis::ArbiUint	trait	core::fmt::UpperHex	trait_impl	UpperHex	src/int/api/string.rs	181	[]	[]	"{""generics"":{""params"":[],""where_predicates"":[]},""is_negative"":false,""is_unsafe"":false,""provided_trait_methods"":[]}"
arbi_anafis::ArbiUint	arbi_anafis::ArbiUint	trait	core::hash::Hash	method	hash	src/int/api/cmp.rs	49	[]	[]	"{""generics"":{""params"":[{""kind"":{""type"":{""bounds"":[{""trait_bound"":{""generic_params"":[],""modifier"":""none"",""trait"":{""args"":null,""path"":""core::hash::Hasher""}}}],""default"":null,""is_synthetic"":false}},""name"":""H""}],""where_predicates"":[]},""header"":{""abi"":""Rust"",""is_async"":false,""is_const"":false,""is_unsafe"":false},""sig"":{""inputs"":[[""self"",{""borrowed_ref"":{""is_mutable"":false,""lifetime"":null,""type"":{""generic"":""Self""}}}],[""state"",{""borrowed_ref"":{""is_mutable"":true,""lifetime"":null,""type"":{""generic"":""H""}}}]],""is_c_variadic"":false,""output"":null}}"
arbi_anafis::ArbiUint	arbi_anafis::ArbiUint	trait	core::hash::Hash	trait_impl	Hash	src/int/api/cmp.rs	48	[]	[]	"{""generics"":{""params"":[],""where_predicates"":[]},""is_negative"":false,""is_unsafe"":false,""provided_trait_methods"":[""hash_slice""]}"
arbi_anafis::ArbiUint	arbi_anafis::ArbiUint	trait	core::iter::traits::accum::Product	associated_function	product	src/int/api/iter.rs	26	[]	"[{""other"":""#[attr = Inline(Hint)]""}]"	"{""generics"":{""params"":[{""kind"":{""type"":{""bounds"":[{""trait_bound"":{""generic_params"":[],""modifier"":""none"",""trait"":{""args"":{""angle_bracketed"":{""args"":[],""constraints"":[{""args"":null,""binding"":{""equality"":{""type"":{""generic"":""Self""}}},""name"":""Item""}]}},""path"":""core::iter::traits::iterator::Iterator""}}}],""default"":null,""is_synthetic"":false}},""name"":""I""}],""where_predicates"":[]},""header"":{""abi"":""Rust"",""is_async"":false,""is_const"":false,""is_unsafe"":false},""sig"":{""inputs"":[[""iter"",{""generic"":""I""}]],""is_c_variadic"":false,""output"":{""generic"":""Self""}}}"
arbi_anafis::ArbiUint	arbi_anafis::ArbiUint	trait	core::iter::traits::accum::Product	trait_impl	Product	src/int/api/iter.rs	24	[]	[]	"{""generics"":{""params"":[],""where_predicates"":[]},""is_negative"":false,""is_unsafe"":false,""provided_trait_methods"":[]}"
arbi_anafis::ArbiUint	arbi_anafis::ArbiUint	trait	core::iter::traits::accum::Sum	associated_function	sum	src/int/api/iter.rs	12	[]	"[{""other"":""#[attr = Inline(Hint)]""}]"	"{""generics"":{""params"":[{""kind"":{""type"":{""bounds"":[{""trait_bound"":{""generic_params"":[],""modifier"":""none"",""trait"":{""args"":{""angle_bracketed"":{""args"":[],""constraints"":[{""args"":null,""binding"":{""equality"":{""type"":{""generic"":""Self""}}},""name"":""Item""}]}},""path"":""core::iter::traits::iterator::Iterator""}}}],""default"":null,""is_synthetic"":false}},""name"":""I""}],""where_predicates"":[]},""header"":{""abi"":""Rust"",""is_async"":false,""is_const"":false,""is_unsafe"":false},""sig"":{""inputs"":[[""iter"",{""generic"":""I""}]],""is_c_variadic"":false,""output"":{""generic"":""Self""}}}"
arbi_anafis::ArbiUint	arbi_anafis::ArbiUint	trait	core::iter::traits::accum::Sum	trait_impl	Sum	src/int/api/iter.rs	10	[]	[]	"{""generics"":{""params"":[],""where_predicates"":[]},""is_negative"":false,""is_unsafe"":false,""provided_trait_methods"":[]}"
arbi_anafis::ArbiUint	arbi_anafis::ArbiUint	trait	core::ops::arith::Add	assoc_type	Output	src/int/api/ops/add.rs	8	[]	[]	"{""bounds"":[],""default_unstable"":null,""generics"":{""params"":[],""where_predicates"":[]},""type"":{""resolved_path"":{""args"":null,""path"":""arbi_anafis::ArbiUint""}}}"
arbi_anafis::ArbiUint	arbi_anafis::ArbiUint	trait	core::ops::arith::Add	method	add	src/int/api/ops/add.rs	11	[]	"[{""other"":""#[attr = Inline(Hint)]""},{""other"":""#[attr = TrackCaller]""}]"	"{""generics"":{""params"":[],""where_predicates"":[]},""header"":{""abi"":""Rust"",""is_async"":false,""is_const"":false,""is_unsafe"":false},""sig"":{""inputs"":[[""self"",{""generic"":""Self""}],[""rhs"",{""generic"":""Self""}]],""is_c_variadic"":false,""output"":{""qualified_path"":{""args"":null,""name"":""Output"",""self_type"":{""generic"":""Self""},""trait"":{""args"":null,""path"":""core::ops::arith::Add""}}}}}"
arbi_anafis::ArbiUint	arbi_anafis::ArbiUint	trait	core::ops::arith::Add	trait_impl	Add	src/int/api/ops/add.rs	7	[]	[]	"{""generics"":{""params"":[],""where_predicates"":[]},""is_negative"":false,""is_unsafe"":false,""provided_trait_methods"":[]}"
arbi_anafis::ArbiUint	arbi_anafis::ArbiUint	trait	core::ops::arith::Add<&arbi_anafis::ArbiUint>	assoc_type	Output	src/int/api/ops/add.rs	35	[]	[]	"{""bounds"":[],""default_unstable"":null,""generics"":{""params"":[],""where_predicates"":[]},""type"":{""resolved_path"":{""args"":null,""path"":""arbi_anafis::ArbiUint""}}}"
arbi_anafis::ArbiUint	arbi_anafis::ArbiUint	trait	core::ops::arith::Add<&arbi_anafis::ArbiUint>	method	add	src/int/api/ops/add.rs	38	[]	"[{""other"":""#[attr = Inline(Hint)]""},{""other"":""#[attr = TrackCaller]""}]"	"{""generics"":{""params"":[],""where_predicates"":[]},""header"":{""abi"":""Rust"",""is_async"":false,""is_const"":false,""is_unsafe"":false},""sig"":{""inputs"":[[""self"",{""generic"":""Self""}],[""rhs"",{""borrowed_ref"":{""is_mutable"":false,""lifetime"":null,""type"":{""generic"":""Self""}}}]],""is_c_variadic"":false,""output"":{""qualified_path"":{""args"":null,""name"":""Output"",""self_type"":{""generic"":""Self""},""trait"":{""args"":null,""path"":""core::ops::arith::Add""}}}}}"
arbi_anafis::ArbiUint	arbi_anafis::ArbiUint	trait	core::ops::arith::Add<&arbi_anafis::ArbiUint>	trait_impl	Add	src/int/api/ops/add.rs	34	[]	[]	"{""generics"":{""params"":[],""where_predicates"":[]},""is_negative"":false,""is_unsafe"":false,""provided_trait_methods"":[]}"
arbi_anafis::ArbiUint	arbi_anafis::ArbiUint	trait	core::ops::arith::AddAssign	method	add_assign	src/int/api/ops/add.rs	81	[]	"[{""other"":""#[attr = Inline(Hint)]""},{""other"":""#[attr = TrackCaller]""}]"	"{""generics"":{""params"":[],""where_predicates"":[]},""header"":{""abi"":""Rust"",""is_async"":false,""is_const"":false,""is_unsafe"":false},""sig"":{""inputs"":[[""self"",{""borrowed_ref"":{""is_mutable"":true,""lifetime"":null,""type"":{""generic"":""Self""}}}],[""rhs"",{""generic"":""Self""}]],""is_c_variadic"":false,""output"":null}}"
arbi_anafis::ArbiUint	arbi_anafis::ArbiUint	trait	core::ops::arith::AddAssign	trait_impl	AddAssign	src/int/api/ops/add.rs	78	[]	[]	"{""generics"":{""params"":[],""where_predicates"":[]},""is_negative"":false,""is_unsafe"":false,""provided_trait_methods"":[]}"
arbi_anafis::ArbiUint	arbi_anafis::ArbiUint	trait	core::ops::arith::AddAssign<&arbi_anafis::ArbiUint>	method	add_assign	src/int/api/ops/add.rs	122	[]	"[{""other"":""#[attr = Inline(Hint)]""},{""other"":""#[attr = TrackCaller]""}]"	"{""generics"":{""params"":[],""where_predicates"":[]},""header"":{""abi"":""Rust"",""is_async"":false,""is_const"":false,""is_unsafe"":false},""sig"":{""inputs"":[[""self"",{""borrowed_ref"":{""is_mutable"":true,""lifetime"":null,""type"":{""generic"":""Self""}}}],[""rhs"",{""borrowed_ref"":{""is_mutable"":false,""lifetime"":null,""type"":{""generic"":""Self""}}}]],""is_c_variadic"":false,""output"":null}}"
arbi_anafis::ArbiUint	arbi_anafis::ArbiUint	trait	core::ops::arith::AddAssign<&arbi_anafis::ArbiUint>	trait_impl	AddAssign	src/int/api/ops/add.rs	119	[]	[]	"{""generics"":{""params"":[],""where_predicates"":[]},""is_negative"":false,""is_unsafe"":false,""provided_trait_methods"":[]}"
arbi_anafis::ArbiUint	arbi_anafis::ArbiUint	trait	core::ops::arith::Div	assoc_type	Output	src/int/api/ops/div.rs	13	[]	[]	"{""bounds"":[],""default_unstable"":null,""generics"":{""params"":[],""where_predicates"":[]},""type"":{""resolved_path"":{""args"":null,""path"":""arbi_anafis::ArbiUint""}}}"
arbi_anafis::ArbiUint	arbi_anafis::ArbiUint	trait	core::ops::arith::Div	method	div	src/int/api/ops/div.rs	16	[]	"[{""other"":""#[attr = Inline(Hint)]""},{""other"":""#[attr = TrackCaller]""}]"	"{""generics"":{""params"":[],""where_predicates"":[]},""header"":{""abi"":""Rust"",""is_async"":false,""is_const"":false,""is_unsafe"":false},""sig"":{""inputs"":[[""self"",{""generic"":""Self""}],[""rhs"",{""generic"":""Self""}]],""is_c_variadic"":false,""output"":{""qualified_path"":{""args"":null,""name"":""Output"",""self_type"":{""generic"":""Self""},""trait"":{""args"":null,""path"":""core::ops::arith::Div""}}}}}"
arbi_anafis::ArbiUint	arbi_anafis::ArbiUint	trait	core::ops::arith::Div	trait_impl	Div	src/int/api/ops/div.rs	12	[]	[]	"{""generics"":{""params"":[],""where_predicates"":[]},""is_negative"":false,""is_unsafe"":false,""provided_trait_methods"":[]}"
arbi_anafis::ArbiUint	arbi_anafis::ArbiUint	trait	core::ops::arith::Div<&arbi_anafis::ArbiUint>	assoc_type	Output	src/int/api/ops/div.rs	27	[]	[]	"{""bounds"":[],""default_unstable"":null,""generics"":{""params"":[],""where_predicates"":[]},""type"":{""resolved_path"":{""args"":null,""path"":""arbi_anafis::ArbiUint""}}}"
arbi_anafis::ArbiUint	arbi_anafis::ArbiUint	trait	core::ops::arith::Div<&arbi_anafis::ArbiUint>	method	div	src/int/api/ops/div.rs	30	[]	"[{""other"":""#[attr = Inline(Hint)]""},{""other"":""#[attr = TrackCaller]""}]"	"{""generics"":{""params"":[],""where_predicates"":[]},""header"":{""abi"":""Rust"",""is_async"":false,""is_const"":false,""is_unsafe"":false},""sig"":{""inputs"":[[""self"",{""generic"":""Self""}],[""rhs"",{""borrowed_ref"":{""is_mutable"":false,""lifetime"":null,""type"":{""generic"":""Self""}}}]],""is_c_variadic"":false,""output"":{""qualified_path"":{""args"":null,""name"":""Output"",""self_type"":{""generic"":""Self""},""trait"":{""args"":null,""path"":""core::ops::arith::Div""}}}}}"
arbi_anafis::ArbiUint	arbi_anafis::ArbiUint	trait	core::ops::arith::Div<&arbi_anafis::ArbiUint>	trait_impl	Div	src/int/api/ops/div.rs	26	[]	[]	"{""generics"":{""params"":[],""where_predicates"":[]},""is_negative"":false,""is_unsafe"":false,""provided_trait_methods"":[]}"
arbi_anafis::ArbiUint	arbi_anafis::ArbiUint	trait	core::ops::arith::DivAssign	method	div_assign	src/int/api/ops/div.rs	75	[]	"[{""other"":""#[attr = Inline(Hint)]""},{""other"":""#[attr = TrackCaller]""}]"	"{""generics"":{""params"":[],""where_predicates"":[]},""header"":{""abi"":""Rust"",""is_async"":false,""is_const"":false,""is_unsafe"":false},""sig"":{""inputs"":[[""self"",{""borrowed_ref"":{""is_mutable"":true,""lifetime"":null,""type"":{""generic"":""Self""}}}],[""rhs"",{""generic"":""Self""}]],""is_c_variadic"":false,""output"":null}}"
arbi_anafis::ArbiUint	arbi_anafis::ArbiUint	trait	core::ops::arith::DivAssign	trait_impl	DivAssign	src/int/api/ops/div.rs	72	[]	[]	"{""generics"":{""params"":[],""where_predicates"":[]},""is_negative"":false,""is_unsafe"":false,""provided_trait_methods"":[]}"
arbi_anafis::ArbiUint	arbi_anafis::ArbiUint	trait	core::ops::arith::DivAssign<&arbi_anafis::ArbiUint>	method	div_assign	src/int/api/ops/div.rs	83	[]	"[{""other"":""#[attr = Inline(Hint)]""},{""other"":""#[attr = TrackCaller]""}]"	"{""generics"":{""params"":[],""where_predicates"":[]},""header"":{""abi"":""Rust"",""is_async"":false,""is_const"":false,""is_unsafe"":false},""sig"":{""inputs"":[[""self"",{""borrowed_ref"":{""is_mutable"":true,""lifetime"":null,""type"":{""generic"":""Self""}}}],[""rhs"",{""borrowed_ref"":{""is_mutable"":false,""lifetime"":null,""type"":{""generic"":""Self""}}}]],""is_c_variadic"":false,""output"":null}}"
arbi_anafis::ArbiUint	arbi_anafis::ArbiUint	trait	core::ops::arith::DivAssign<&arbi_anafis::ArbiUint>	trait_impl	DivAssign	src/int/api/ops/div.rs	80	[]	[]	"{""generics"":{""params"":[],""where_predicates"":[]},""is_negative"":false,""is_unsafe"":false,""provided_trait_methods"":[]}"
arbi_anafis::ArbiUint	arbi_anafis::ArbiUint	trait	core::ops::arith::Mul	assoc_type	Output	src/int/api/ops/mul.rs	8	[]	[]	"{""bounds"":[],""default_unstable"":null,""generics"":{""params"":[],""where_predicates"":[]},""type"":{""resolved_path"":{""args"":null,""path"":""arbi_anafis::ArbiUint""}}}"
arbi_anafis::ArbiUint	arbi_anafis::ArbiUint	trait	core::ops::arith::Mul	method	mul	src/int/api/ops/mul.rs	11	[]	"[{""other"":""#[attr = Inline(Hint)]""},{""other"":""#[attr = TrackCaller]""}]"	"{""generics"":{""params"":[],""where_predicates"":[]},""header"":{""abi"":""Rust"",""is_async"":false,""is_const"":false,""is_unsafe"":false},""sig"":{""inputs"":[[""self"",{""generic"":""Self""}],[""rhs"",{""generic"":""Self""}]],""is_c_variadic"":false,""output"":{""qualified_path"":{""args"":null,""name"":""Output"",""self_type"":{""generic"":""Self""},""trait"":{""args"":null,""path"":""core::ops::arith::Mul""}}}}}"
arbi_anafis::ArbiUint	arbi_anafis::ArbiUint	trait	core::ops::arith::Mul	trait_impl	Mul	src/int/api/ops/mul.rs	7	[]	[]	"{""generics"":{""params"":[],""where_predicates"":[]},""is_negative"":false,""is_unsafe"":false,""provided_trait_methods"":[]}"
arbi_anafis::ArbiUint	arbi_anafis::ArbiUint	trait	core::ops::arith::Mul<&arbi_anafis::ArbiUint>	assoc_type	Output	src/int/api/ops/mul.rs	24	[]	[]	"{""bounds"":[],""default_unstable"":null,""generics"":{""params"":[],""where_predicates"":[]},""type"":{""resolved_path"":{""args"":null,""path"":""arbi_anafis::ArbiUint""}}}"
arbi_anafis::ArbiUint	arbi_anafis::ArbiUint	trait	core::ops::arith::Mul<&arbi_anafis::ArbiUint>	method	mul	src/int/api/ops/mul.rs	27	[]	"[{""other"":""#[attr = Inline(Hint)]""},{""other"":""#[attr = TrackCaller]""}]"	"{""generics"":{""params"":[],""where_predicates"":[]},""header"":{""abi"":""Rust"",""is_async"":false,""is_const"":false,""is_unsafe"":false},""sig"":{""inputs"":[[""self"",{""generic"":""Self""}],[""rhs"",{""borrowed_ref"":{""is_mutable"":false,""lifetime"":null,""type"":{""generic"":""Self""}}}]],""is_c_variadic"":false,""output"":{""qualified_path"":{""args"":null,""name"":""Output"",""self_type"":{""generic"":""Self""},""trait"":{""args"":null,""path"":""core::ops::arith::Mul""}}}}}"
arbi_anafis::ArbiUint	arbi_anafis::ArbiUint	trait	core::ops::arith::Mul<&arbi_anafis::ArbiUint>	trait_impl	Mul	src/int/api/ops/mul.rs	23	[]	[]	"{""generics"":{""params"":[],""where_predicates"":[]},""is_negative"":false,""is_unsafe"":false,""provided_trait_methods"":[]}"
arbi_anafis::ArbiUint	arbi_anafis::ArbiUint	trait	core::ops::arith::MulAssign	method	mul_assign	src/int/api/ops/mul.rs	70	[]	"[{""other"":""#[attr = Inline(Hint)]""},{""other"":""#[attr = TrackCaller]""}]"	"{""generics"":{""params"":[],""where_predicates"":[]},""header"":{""abi"":""Rust"",""is_async"":false,""is_const"":false,""is_unsafe"":false},""sig"":{""inputs"":[[""self"",{""borrowed_ref"":{""is_mutable"":true,""lifetime"":null,""type"":{""generic"":""Self""}}}],[""rhs"",{""generic"":""Self""}]],""is_c_variadic"":false,""output"":null}}"
arbi_anafis::ArbiUint	arbi_anafis::ArbiUint	trait	core::ops::arith::MulAssign	trait_impl	MulAssign	src/int/api/ops/mul.rs	67	[]	[]	"{""generics"":{""params"":[],""where_predicates"":[]},""is_negative"":false,""is_unsafe"":false,""provided_trait_methods"":[]}"
arbi_anafis::ArbiUint	arbi_anafis::ArbiUint	trait	core::ops::arith::MulAssign<&arbi_anafis::ArbiUint>	method	mul_assign	src/int/api/ops/mul.rs	92	[]	"[{""other"":""#[attr = Inline(Hint)]""},{""other"":""#[attr = TrackCaller]""}]"	"{""generics"":{""params"":[],""where_predicates"":[]},""header"":{""abi"":""Rust"",""is_async"":false,""is_const"":false,""is_unsafe"":false},""sig"":{""inputs"":[[""self"",{""borrowed_ref"":{""is_mutable"":true,""lifetime"":null,""type"":{""generic"":""Self""}}}],[""rhs"",{""borrowed_ref"":{""is_mutable"":false,""lifetime"":null,""type"":{""generic"":""Self""}}}]],""is_c_variadic"":false,""output"":null}}"
arbi_anafis::ArbiUint	arbi_anafis::ArbiUint	trait	core::ops::arith::MulAssign<&arbi_anafis::ArbiUint>	trait_impl	MulAssign	src/int/api/ops/mul.rs	89	[]	[]	"{""generics"":{""params"":[],""where_predicates"":[]},""is_negative"":false,""is_unsafe"":false,""provided_trait_methods"":[]}"
arbi_anafis::ArbiUint	arbi_anafis::ArbiUint	trait	core::ops::arith::Rem	assoc_type	Output	src/int/api/ops/div.rs	91	[]	[]	"{""bounds"":[],""default_unstable"":null,""generics"":{""params"":[],""where_predicates"":[]},""type"":{""resolved_path"":{""args"":null,""path"":""arbi_anafis::ArbiUint""}}}"
arbi_anafis::ArbiUint	arbi_anafis::ArbiUint	trait	core::ops::arith::Rem	method	rem	src/int/api/ops/div.rs	94	[]	"[{""other"":""#[attr = Inline(Hint)]""},{""other"":""#[attr = TrackCaller]""}]"	"{""generics"":{""params"":[],""where_predicates"":[]},""header"":{""abi"":""Rust"",""is_async"":false,""is_const"":false,""is_unsafe"":false},""sig"":{""inputs"":[[""self"",{""generic"":""Self""}],[""rhs"",{""generic"":""Self""}]],""is_c_variadic"":false,""output"":{""qualified_path"":{""args"":null,""name"":""Output"",""self_type"":{""generic"":""Self""},""trait"":{""args"":null,""path"":""core::ops::arith::Rem""}}}}}"
arbi_anafis::ArbiUint	arbi_anafis::ArbiUint	trait	core::ops::arith::Rem	trait_impl	Rem	src/int/api/ops/div.rs	90	[]	[]	"{""generics"":{""params"":[],""where_predicates"":[]},""is_negative"":false,""is_unsafe"":false,""provided_trait_methods"":[]}"
arbi_anafis::ArbiUint	arbi_anafis::ArbiUint	trait	core::ops::arith::Rem<&arbi_anafis::ArbiUint>	assoc_type	Output	src/int/api/ops/div.rs	105	[]	[]	"{""bounds"":[],""default_unstable"":null,""generics"":{""params"":[],""where_predicates"":[]},""type"":{""resolved_path"":{""args"":null,""path"":""arbi_anafis::ArbiUint""}}}"
arbi_anafis::ArbiUint	arbi_anafis::ArbiUint	trait	core::ops::arith::Rem<&arbi_anafis::ArbiUint>	method	rem	src/int/api/ops/div.rs	108	[]	"[{""other"":""#[attr = Inline(Hint)]""},{""other"":""#[attr = TrackCaller]""}]"	"{""generics"":{""params"":[],""where_predicates"":[]},""header"":{""abi"":""Rust"",""is_async"":false,""is_const"":false,""is_unsafe"":false},""sig"":{""inputs"":[[""self"",{""generic"":""Self""}],[""rhs"",{""borrowed_ref"":{""is_mutable"":false,""lifetime"":null,""type"":{""generic"":""Self""}}}]],""is_c_variadic"":false,""output"":{""qualified_path"":{""args"":null,""name"":""Output"",""self_type"":{""generic"":""Self""},""trait"":{""args"":null,""path"":""core::ops::arith::Rem""}}}}}"
arbi_anafis::ArbiUint	arbi_anafis::ArbiUint	trait	core::ops::arith::Rem<&arbi_anafis::ArbiUint>	trait_impl	Rem	src/int/api/ops/div.rs	104	[]	[]	"{""generics"":{""params"":[],""where_predicates"":[]},""is_negative"":false,""is_unsafe"":false,""provided_trait_methods"":[]}"
arbi_anafis::ArbiUint	arbi_anafis::ArbiUint	trait	core::ops::arith::RemAssign	method	rem_assign	src/int/api/ops/div.rs	153	[]	"[{""other"":""#[attr = Inline(Hint)]""},{""other"":""#[attr = TrackCaller]""}]"	"{""generics"":{""params"":[],""where_predicates"":[]},""header"":{""abi"":""Rust"",""is_async"":false,""is_const"":false,""is_unsafe"":false},""sig"":{""inputs"":[[""self"",{""borrowed_ref"":{""is_mutable"":true,""lifetime"":null,""type"":{""generic"":""Self""}}}],[""rhs"",{""generic"":""Self""}]],""is_c_variadic"":false,""output"":null}}"
arbi_anafis::ArbiUint	arbi_anafis::ArbiUint	trait	core::ops::arith::RemAssign	trait_impl	RemAssign	src/int/api/ops/div.rs	150	[]	[]	"{""generics"":{""params"":[],""where_predicates"":[]},""is_negative"":false,""is_unsafe"":false,""provided_trait_methods"":[]}"
arbi_anafis::ArbiUint	arbi_anafis::ArbiUint	trait	core::ops::arith::RemAssign<&arbi_anafis::ArbiUint>	method	rem_assign	src/int/api/ops/div.rs	161	[]	"[{""other"":""#[attr = Inline(Hint)]""},{""other"":""#[attr = TrackCaller]""}]"	"{""generics"":{""params"":[],""where_predicates"":[]},""header"":{""abi"":""Rust"",""is_async"":false,""is_const"":false,""is_unsafe"":false},""sig"":{""inputs"":[[""self"",{""borrowed_ref"":{""is_mutable"":true,""lifetime"":null,""type"":{""generic"":""Self""}}}],[""rhs"",{""borrowed_ref"":{""is_mutable"":false,""lifetime"":null,""type"":{""generic"":""Self""}}}]],""is_c_variadic"":false,""output"":null}}"
arbi_anafis::ArbiUint	arbi_anafis::ArbiUint	trait	core::ops::arith::RemAssign<&arbi_anafis::ArbiUint>	trait_impl	RemAssign	src/int/api/ops/div.rs	158	[]	[]	"{""generics"":{""params"":[],""where_predicates"":[]},""is_negative"":false,""is_unsafe"":false,""provided_trait_methods"":[]}"
arbi_anafis::ArbiUint	arbi_anafis::ArbiUint	trait	core::ops::arith::Sub	assoc_type	Output	src/int/api/ops/sub.rs	8	[]	[]	"{""bounds"":[],""default_unstable"":null,""generics"":{""params"":[],""where_predicates"":[]},""type"":{""resolved_path"":{""args"":null,""path"":""arbi_anafis::ArbiUint""}}}"
arbi_anafis::ArbiUint	arbi_anafis::ArbiUint	trait	core::ops::arith::Sub	method	sub	src/int/api/ops/sub.rs	11	[]	"[{""other"":""#[attr = Inline(Hint)]""},{""other"":""#[attr = TrackCaller]""}]"	"{""generics"":{""params"":[],""where_predicates"":[]},""header"":{""abi"":""Rust"",""is_async"":false,""is_const"":false,""is_unsafe"":false},""sig"":{""inputs"":[[""self"",{""generic"":""Self""}],[""rhs"",{""generic"":""Self""}]],""is_c_variadic"":false,""output"":{""qualified_path"":{""args"":null,""name"":""Output"",""self_type"":{""generic"":""Self""},""trait"":{""args"":null,""path"":""core::ops::arith::Sub""}}}}}"
arbi_anafis::ArbiUint	arbi_anafis::ArbiUint	trait	core::ops::arith::Sub	trait_impl	Sub	src/int/api/ops/sub.rs	7	[]	[]	"{""generics"":{""params"":[],""where_predicates"":[]},""is_negative"":false,""is_unsafe"":false,""provided_trait_methods"":[]}"
arbi_anafis::ArbiUint	arbi_anafis::ArbiUint	trait	core::ops::arith::Sub<&arbi_anafis::ArbiUint>	assoc_type	Output	src/int/api/ops/sub.rs	24	[]	[]	"{""bounds"":[],""default_unstable"":null,""generics"":{""params"":[],""where_predicates"":[]},""type"":{""resolved_path"":{""args"":null,""path"":""arbi_anafis::ArbiUint""}}}"
arbi_anafis::ArbiUint	arbi_anafis::ArbiUint	trait	core::ops::arith::Sub<&arbi_anafis::ArbiUint>	method	sub	src/int/api/ops/sub.rs	27	[]	"[{""other"":""#[attr = Inline(Hint)]""},{""other"":""#[attr = TrackCaller]""}]"	"{""generics"":{""params"":[],""where_predicates"":[]},""header"":{""abi"":""Rust"",""is_async"":false,""is_const"":false,""is_unsafe"":false},""sig"":{""inputs"":[[""self"",{""generic"":""Self""}],[""rhs"",{""borrowed_ref"":{""is_mutable"":false,""lifetime"":null,""type"":{""generic"":""Self""}}}]],""is_c_variadic"":false,""output"":{""qualified_path"":{""args"":null,""name"":""Output"",""self_type"":{""generic"":""Self""},""trait"":{""args"":null,""path"":""core::ops::arith::Sub""}}}}}"
arbi_anafis::ArbiUint	arbi_anafis::ArbiUint	trait	core::ops::arith::Sub<&arbi_anafis::ArbiUint>	trait_impl	Sub	src/int/api/ops/sub.rs	23	[]	[]	"{""generics"":{""params"":[],""where_predicates"":[]},""is_negative"":false,""is_unsafe"":false,""provided_trait_methods"":[]}"
arbi_anafis::ArbiUint	arbi_anafis::ArbiUint	trait	core::ops::arith::SubAssign	method	sub_assign	src/int/api/ops/sub.rs	74	[]	"[{""other"":""#[attr = Inline(Hint)]""},{""other"":""#[attr = TrackCaller]""}]"	"{""generics"":{""params"":[],""where_predicates"":[]},""header"":{""abi"":""Rust"",""is_async"":false,""is_const"":false,""is_unsafe"":false},""sig"":{""inputs"":[[""self"",{""borrowed_ref"":{""is_mutable"":true,""lifetime"":null,""type"":{""generic"":""Self""}}}],[""rhs"",{""generic"":""Self""}]],""is_c_variadic"":false,""output"":null}}"
arbi_anafis::ArbiUint	arbi_anafis::ArbiUint	trait	core::ops::arith::SubAssign	trait_impl	SubAssign	src/int/api/ops/sub.rs	71	[]	[]	"{""generics"":{""params"":[],""where_predicates"":[]},""is_negative"":false,""is_unsafe"":false,""provided_trait_methods"":[]}"
arbi_anafis::ArbiUint	arbi_anafis::ArbiUint	trait	core::ops::arith::SubAssign<&arbi_anafis::ArbiUint>	method	sub_assign	src/int/api/ops/sub.rs	82	[]	"[{""other"":""#[attr = Inline(Hint)]""},{""other"":""#[attr = TrackCaller]""}]"	"{""generics"":{""params"":[],""where_predicates"":[]},""header"":{""abi"":""Rust"",""is_async"":false,""is_const"":false,""is_unsafe"":false},""sig"":{""inputs"":[[""self"",{""borrowed_ref"":{""is_mutable"":true,""lifetime"":null,""type"":{""generic"":""Self""}}}],[""rhs"",{""borrowed_ref"":{""is_mutable"":false,""lifetime"":null,""type"":{""generic"":""Self""}}}]],""is_c_variadic"":false,""output"":null}}"
arbi_anafis::ArbiUint	arbi_anafis::ArbiUint	trait	core::ops::arith::SubAssign<&arbi_anafis::ArbiUint>	trait_impl	SubAssign	src/int/api/ops/sub.rs	79	[]	[]	"{""generics"":{""params"":[],""where_predicates"":[]},""is_negative"":false,""is_unsafe"":false,""provided_trait_methods"":[]}"
arbi_anafis::ArbiUint	arbi_anafis::ArbiUint	trait	core::ops::bit::BitAnd	assoc_type	Output	src/int/api/ops/bitwise/unsigned.rs	8	[]	[]	"{""bounds"":[],""default_unstable"":null,""generics"":{""params"":[],""where_predicates"":[]},""type"":{""resolved_path"":{""args"":null,""path"":""arbi_anafis::ArbiUint""}}}"
arbi_anafis::ArbiUint	arbi_anafis::ArbiUint	trait	core::ops::bit::BitAnd	method	bitand	src/int/api/ops/bitwise/unsigned.rs	11	[]	"[{""other"":""#[attr = Inline(Hint)]""},{""other"":""#[attr = TrackCaller]""}]"	"{""generics"":{""params"":[],""where_predicates"":[]},""header"":{""abi"":""Rust"",""is_async"":false,""is_const"":false,""is_unsafe"":false},""sig"":{""inputs"":[[""self"",{""generic"":""Self""}],[""rhs"",{""generic"":""Self""}]],""is_c_variadic"":false,""output"":{""qualified_path"":{""args"":null,""name"":""Output"",""self_type"":{""generic"":""Self""},""trait"":{""args"":null,""path"":""core::ops::bit::BitAnd""}}}}}"
arbi_anafis::ArbiUint	arbi_anafis::ArbiUint	trait	core::ops::bit::BitAnd	trait_impl	BitAnd	src/int/api/ops/bitwise/unsigned.rs	7	[]	[]	"{""generics"":{""params"":[],""where_predicates"":[]},""is_negative"":false,""is_unsafe"":false,""provided_trait_methods"":[]}"
arbi_anafis::ArbiUint	arbi_anafis::ArbiUint	trait	core::ops::bit::BitAnd<&arbi_anafis::ArbiUint>	assoc_type	Output	src/int/api/ops/bitwise/unsigned.rs	24	[]	[]	"{""bounds"":[],""default_unstable"":null,""generics"":{""params"":[],""where_predicates"":[]},""type"":{""resolved_path"":{""args"":null,""path"":""arbi_anafis::ArbiUint""}}}"
arbi_anafis::ArbiUint	arbi_anafis::ArbiUint	trait	core::ops::bit::BitAnd<&arbi_anafis::ArbiUint>	method	bitand	src/int/api/ops/bitwise/unsigned.rs	27	[]	"[{""other"":""#[attr = Inline(Hint)]""},{""other"":""#[attr = TrackCaller]""}]"	"{""generics"":{""params"":[],""where_predicates"":[]},""header"":{""abi"":""Rust"",""is_async"":false,""is_const"":false,""is_unsafe"":false},""sig"":{""inputs"":[[""self"",{""generic"":""Self""}],[""rhs"",{""borrowed_ref"":{""is_mutable"":false,""lifetime"":null,""type"":{""generic"":""Self""}}}]],""is_c_variadic"":false,""output"":{""qualified_path"":{""args"":null,""name"":""Output"",""self_type"":{""generic"":""Self""},""trait"":{""args"":null,""path"":""core::ops::bit::BitAnd""}}}}}"
arbi_anafis::ArbiUint	arbi_anafis::ArbiUint	trait	core::ops::bit::BitAnd<&arbi_anafis::ArbiUint>	trait_impl	BitAnd	src/int/api/ops/bitwise/unsigned.rs	23	[]	[]	"{""generics"":{""params"":[],""where_predicates"":[]},""is_negative"":false,""is_unsafe"":false,""provided_trait_methods"":[]}"
arbi_anafis::ArbiUint	arbi_anafis::ArbiUint	trait	core::ops::bit::BitAndAssign	method	bitand_assign	src/int/api/ops/bitwise/unsigned.rs	74	[]	"[{""other"":""#[attr = Inline(Hint)]""},{""other"":""#[attr = TrackCaller]""}]"	"{""generics"":{""params"":[],""where_predicates"":[]},""header"":{""abi"":""Rust"",""is_async"":false,""is_const"":false,""is_unsafe"":false},""sig"":{""inputs"":[[""self"",{""borrowed_ref"":{""is_mutable"":true,""lifetime"":null,""type"":{""generic"":""Self""}}}],[""rhs"",{""generic"":""Self""}]],""is_c_variadic"":false,""output"":null}}"
arbi_anafis::ArbiUint	arbi_anafis::ArbiUint	trait	core::ops::bit::BitAndAssign	trait_impl	BitAndAssign	src/int/api/ops/bitwise/unsigned.rs	71	[]	[]	"{""generics"":{""params"":[],""where_predicates"":[]},""is_negative"":false,""is_unsafe"":false,""provided_trait_methods"":[]}"
arbi_anafis::ArbiUint	arbi_anafis::ArbiUint	trait	core::ops::bit::BitAndAssign<&arbi_anafis::ArbiUint>	method	bitand_assign	src/int/api/ops/bitwise/unsigned.rs	82	[]	"[{""other"":""#[attr = Inline(Hint)]""},{""other"":""#[attr = TrackCaller]""}]"	"{""generics"":{""params"":[],""where_predicates"":[]},""header"":{""abi"":""Rust"",""is_async"":false,""is_const"":false,""is_unsafe"":false},""sig"":{""inputs"":[[""self"",{""borrowed_ref"":{""is_mutable"":true,""lifetime"":null,""type"":{""generic"":""Self""}}}],[""rhs"",{""borrowed_ref"":{""is_mutable"":false,""lifetime"":null,""type"":{""generic"":""Self""}}}]],""is_c_variadic"":false,""output"":null}}"
arbi_anafis::ArbiUint	arbi_anafis::ArbiUint	trait	core::ops::bit::BitAndAssign<&arbi_anafis::ArbiUint>	trait_impl	BitAndAssign	src/int/api/ops/bitwise/unsigned.rs	79	[]	[]	"{""generics"":{""params"":[],""where_predicates"":[]},""is_negative"":false,""is_unsafe"":false,""provided_trait_methods"":[]}"
arbi_anafis::ArbiUint	arbi_anafis::ArbiUint	trait	core::ops::bit::BitOr	assoc_type	Output	src/int/api/ops/bitwise/unsigned.rs	94	[]	[]	"{""bounds"":[],""default_unstable"":null,""generics"":{""params"":[],""where_predicates"":[]},""type"":{""resolved_path"":{""args"":null,""path"":""arbi_anafis::ArbiUint""}}}"
arbi_anafis::ArbiUint	arbi_anafis::ArbiUint	trait	core::ops::bit::BitOr	method	bitor	src/int/api/ops/bitwise/unsigned.rs	97	[]	"[{""other"":""#[attr = Inline(Hint)]""},{""other"":""#[attr = TrackCaller]""}]"	"{""generics"":{""params"":[],""where_predicates"":[]},""header"":{""abi"":""Rust"",""is_async"":false,""is_const"":false,""is_unsafe"":false},""sig"":{""inputs"":[[""self"",{""generic"":""Self""}],[""rhs"",{""generic"":""Self""}]],""is_c_variadic"":false,""output"":{""qualified_path"":{""args"":null,""name"":""Output"",""self_type"":{""generic"":""Self""},""trait"":{""args"":null,""path"":""core::ops::bit::BitOr""}}}}}"
arbi_anafis::ArbiUint	arbi_anafis::ArbiUint	trait	core::ops::bit::BitOr	trait_impl	BitOr	src/int/api/ops/bitwise/unsigned.rs	93	[]	[]	"{""generics"":{""params"":[],""where_predicates"":[]},""is_negative"":false,""is_unsafe"":false,""provided_trait_methods"":[]}"
arbi_anafis::ArbiUint	arbi_anafis::ArbiUint	trait	core::ops::bit::BitOr<&arbi_anafis::ArbiUint>	assoc_type	Output	src/int/api/ops/bitwise/unsigned.rs	110	[]	[]	"{""bounds"":[],""default_unstable"":null,""generics"":{""params"":[],""where_predicates"":[]},""type"":{""resolved_path"":{""args"":null,""path"":""arbi_anafis::ArbiUint""}}}"
arbi_anafis::ArbiUint	arbi_anafis::ArbiUint	trait	core::ops::bit::BitOr<&arbi_anafis::ArbiUint>	method	bitor	src/int/api/ops/bitwise/unsigned.rs	113	[]	"[{""other"":""#[attr = Inline(Hint)]""},{""other"":""#[attr = TrackCaller]""}]"	"{""generics"":{""params"":[],""where_predicates"":[]},""header"":{""abi"":""Rust"",""is_async"":false,""is_const"":false,""is_unsafe"":false},""sig"":{""inputs"":[[""self"",{""generic"":""Self""}],[""rhs"",{""borrowed_ref"":{""is_mutable"":false,""lifetime"":null,""type"":{""generic"":""Self""}}}]],""is_c_variadic"":false,""output"":{""qualified_path"":{""args"":null,""name"":""Output"",""self_type"":{""generic"":""Self""},""trait"":{""args"":null,""path"":""core::ops::bit::BitOr""}}}}}"
arbi_anafis::ArbiUint	arbi_anafis::ArbiUint	trait	core::ops::bit::BitOr<&arbi_anafis::ArbiUint>	trait_impl	BitOr	src/int/api/ops/bitwise/unsigned.rs	109	[]	[]	"{""generics"":{""params"":[],""where_predicates"":[]},""is_negative"":false,""is_unsafe"":false,""provided_trait_methods"":[]}"
arbi_anafis::ArbiUint	arbi_anafis::ArbiUint	trait	core::ops::bit::BitOrAssign	method	bitor_assign	src/int/api/ops/bitwise/unsigned.rs	160	[]	"[{""other"":""#[attr = Inline(Hint)]""},{""other"":""#[attr = TrackCaller]""}]"	"{""generics"":{""params"":[],""where_predicates"":[]},""header"":{""abi"":""Rust"",""is_async"":false,""is_const"":false,""is_unsafe"":false},""sig"":{""inputs"":[[""self"",{""borrowed_ref"":{""is_mutable"":true,""lifetime"":null,""type"":{""generic"":""Self""}}}],[""rhs"",{""generic"":""Self""}]],""is_c_variadic"":false,""output"":null}}"
arbi_anafis::ArbiUint	arbi_anafis::ArbiUint	trait	core::ops::bit::BitOrAssign	trait_impl	BitOrAssign	src/int/api/ops/bitwise/unsigned.rs	157	[]	[]	"{""generics"":{""params"":[],""where_predicates"":[]},""is_negative"":false,""is_unsafe"":false,""provided_trait_methods"":[]}"
arbi_anafis::ArbiUint	arbi_anafis::ArbiUint	trait	core::ops::bit::BitOrAssign<&arbi_anafis::ArbiUint>	method	bitor_assign	src/int/api/ops/bitwise/unsigned.rs	168	[]	"[{""other"":""#[attr = Inline(Hint)]""},{""other"":""#[attr = TrackCaller]""}]"	"{""generics"":{""params"":[],""where_predicates"":[]},""header"":{""abi"":""Rust"",""is_async"":false,""is_const"":false,""is_unsafe"":false},""sig"":{""inputs"":[[""self"",{""borrowed_ref"":{""is_mutable"":true,""lifetime"":null,""type"":{""generic"":""Self""}}}],[""rhs"",{""borrowed_ref"":{""is_mutable"":false,""lifetime"":null,""type"":{""generic"":""Self""}}}]],""is_c_variadic"":false,""output"":null}}"
arbi_anafis::ArbiUint	arbi_anafis::ArbiUint	trait	core::ops::bit::BitOrAssign<&arbi_anafis::ArbiUint>	trait_impl	BitOrAssign	src/int/api/ops/bitwise/unsigned.rs	165	[]	[]	"{""generics"":{""params"":[],""where_predicates"":[]},""is_negative"":false,""is_unsafe"":false,""provided_trait_methods"":[]}"
arbi_anafis::ArbiUint	arbi_anafis::ArbiUint	trait	core::ops::bit::BitXor	assoc_type	Output	src/int/api/ops/bitwise/unsigned.rs	180	[]	[]	"{""bounds"":[],""default_unstable"":null,""generics"":{""params"":[],""where_predicates"":[]},""type"":{""resolved_path"":{""args"":null,""path"":""arbi_anafis::ArbiUint""}}}"
arbi_anafis::ArbiUint	arbi_anafis::ArbiUint	trait	core::ops::bit::BitXor	method	bitxor	src/int/api/ops/bitwise/unsigned.rs	183	[]	"[{""other"":""#[attr = Inline(Hint)]""},{""other"":""#[attr = TrackCaller]""}]"	"{""generics"":{""params"":[],""where_predicates"":[]},""header"":{""abi"":""Rust"",""is_async"":false,""is_const"":false,""is_unsafe"":false},""sig"":{""inputs"":[[""self"",{""generic"":""Self""}],[""rhs"",{""generic"":""Self""}]],""is_c_variadic"":false,""output"":{""qualified_path"":{""args"":null,""name"":""Output"",""self_type"":{""generic"":""Self""},""trait"":{""args"":null,""path"":""core::ops::bit::BitXor""}}}}}"
arbi_anafis::ArbiUint	arbi_anafis::ArbiUint	trait	core::ops::bit::BitXor	trait_impl	BitXor	src/int/api/ops/bitwise/unsigned.rs	179	[]	[]	"{""generics"":{""params"":[],""where_predicates"":[]},""is_negative"":false,""is_unsafe"":false,""provided_trait_methods"":[]}"
arbi_anafis::ArbiUint	arbi_anafis::ArbiUint	trait	core::ops::bit::BitXor<&arbi_anafis::ArbiUint>	assoc_type	Output	src/int/api/ops/bitwise/unsigned.rs	196	[]	[]	"{""bounds"":[],""default_unstable"":null,""generics"":{""params"":[],""where_predicates"":[]},""type"":{""resolved_path"":{""args"":null,""path"":""arbi_anafis::ArbiUint""}}}"
arbi_anafis::ArbiUint	arbi_anafis::ArbiUint	trait	core::ops::bit::BitXor<&arbi_anafis::ArbiUint>	method	bitxor	src/int/api/ops/bitwise/unsigned.rs	199	[]	"[{""other"":""#[attr = Inline(Hint)]""},{""other"":""#[attr = TrackCaller]""}]"	"{""generics"":{""params"":[],""where_predicates"":[]},""header"":{""abi"":""Rust"",""is_async"":false,""is_const"":false,""is_unsafe"":false},""sig"":{""inputs"":[[""self"",{""generic"":""Self""}],[""rhs"",{""borrowed_ref"":{""is_mutable"":false,""lifetime"":null,""type"":{""generic"":""Self""}}}]],""is_c_variadic"":false,""output"":{""qualified_path"":{""args"":null,""name"":""Output"",""self_type"":{""generic"":""Self""},""trait"":{""args"":null,""path"":""core::ops::bit::BitXor""}}}}}"
arbi_anafis::ArbiUint	arbi_anafis::ArbiUint	trait	core::ops::bit::BitXor<&arbi_anafis::ArbiUint>	trait_impl	BitXor	src/int/api/ops/bitwise/unsigned.rs	195	[]	[]	"{""generics"":{""params"":[],""where_predicates"":[]},""is_negative"":false,""is_unsafe"":false,""provided_trait_methods"":[]}"
arbi_anafis::ArbiUint	arbi_anafis::ArbiUint	trait	core::ops::bit::BitXorAssign	method	bitxor_assign	src/int/api/ops/bitwise/unsigned.rs	246	[]	"[{""other"":""#[attr = Inline(Hint)]""},{""other"":""#[attr = TrackCaller]""}]"	"{""generics"":{""params"":[],""where_predicates"":[]},""header"":{""abi"":""Rust"",""is_async"":false,""is_const"":false,""is_unsafe"":false},""sig"":{""inputs"":[[""self"",{""borrowed_ref"":{""is_mutable"":true,""lifetime"":null,""type"":{""generic"":""Self""}}}],[""rhs"",{""generic"":""Self""}]],""is_c_variadic"":false,""output"":null}}"
arbi_anafis::ArbiUint	arbi_anafis::ArbiUint	trait	core::ops::bit::BitXorAssign	trait_impl	BitXorAssign	src/int/api/ops/bitwise/unsigned.rs	243	[]	[]	"{""generics"":{""params"":[],""where_predicates"":[]},""is_negative"":false,""is_unsafe"":false,""provided_trait_methods"":[]}"
arbi_anafis::ArbiUint	arbi_anafis::ArbiUint	trait	core::ops::bit::BitXorAssign<&arbi_anafis::ArbiUint>	method	bitxor_assign	src/int/api/ops/bitwise/unsigned.rs	254	[]	"[{""other"":""#[attr = Inline(Hint)]""},{""other"":""#[attr = TrackCaller]""}]"	"{""generics"":{""params"":[],""where_predicates"":[]},""header"":{""abi"":""Rust"",""is_async"":false,""is_const"":false,""is_unsafe"":false},""sig"":{""inputs"":[[""self"",{""borrowed_ref"":{""is_mutable"":true,""lifetime"":null,""type"":{""generic"":""Self""}}}],[""rhs"",{""borrowed_ref"":{""is_mutable"":false,""lifetime"":null,""type"":{""generic"":""Self""}}}]],""is_c_variadic"":false,""output"":null}}"
arbi_anafis::ArbiUint	arbi_anafis::ArbiUint	trait	core::ops::bit::BitXorAssign<&arbi_anafis::ArbiUint>	trait_impl	BitXorAssign	src/int/api/ops/bitwise/unsigned.rs	251	[]	[]	"{""generics"":{""params"":[],""where_predicates"":[]},""is_negative"":false,""is_unsafe"":false,""provided_trait_methods"":[]}"
arbi_anafis::ArbiUint	arbi_anafis::ArbiUint	trait	core::ops::bit::Not	assoc_type	Output	src/int/api/ops/bitwise/unsigned.rs	266	[]	[]	"{""bounds"":[],""default_unstable"":null,""generics"":{""params"":[],""where_predicates"":[]},""type"":{""resolved_path"":{""args"":null,""path"":""arbi_anafis::ArbiUint""}}}"
arbi_anafis::ArbiUint	arbi_anafis::ArbiUint	trait	core::ops::bit::Not	method	not	src/int/api/ops/bitwise/unsigned.rs	269	[]	"[{""other"":""#[attr = Inline(Hint)]""},{""other"":""#[attr = TrackCaller]""}]"	"{""generics"":{""params"":[],""where_predicates"":[]},""header"":{""abi"":""Rust"",""is_async"":false,""is_const"":false,""is_unsafe"":false},""sig"":{""inputs"":[[""self"",{""generic"":""Self""}]],""is_c_variadic"":false,""output"":{""qualified_path"":{""args"":null,""name"":""Output"",""self_type"":{""generic"":""Self""},""trait"":{""args"":null,""path"":""core::ops::bit::Not""}}}}}"
arbi_anafis::ArbiUint	arbi_anafis::ArbiUint	trait	core::ops::bit::Not	trait_impl	Not	src/int/api/ops/bitwise/unsigned.rs	265	[]	[]	"{""generics"":{""params"":[],""where_predicates"":[]},""is_negative"":false,""is_unsafe"":false,""provided_trait_methods"":[]}"
arbi_anafis::ArbiUint	arbi_anafis::ArbiUint	trait	core::ops::bit::Shl<i128>	assoc_type	Output	src/int/api/ops/shift.rs	345	[]	[]	"{""bounds"":[],""default_unstable"":null,""generics"":{""params"":[],""where_predicates"":[]},""type"":{""resolved_path"":{""args"":null,""path"":""arbi_anafis::ArbiUint""}}}"
arbi_anafis::ArbiUint	arbi_anafis::ArbiUint	trait	core::ops::bit::Shl<i128>	method	shl	src/int/api/ops/shift.rs	345	[]	"[{""other"":""#[allow(clippy :: as_conversions, clippy :: cast_possible_truncation, reason =\n\""shift trait impls normalize counts to usize; checked conversions panic instead of truncating on narrow targets\"")]""},{""other"":""#[attr = Inline(Hint)]""},{""other"":""#[attr = TrackCaller]""}]"	"{""generics"":{""params"":[],""where_predicates"":[]},""header"":{""abi"":""Rust"",""is_async"":false,""is_const"":false,""is_unsafe"":false},""sig"":{""inputs"":[[""self"",{""generic"":""Self""}],[""shift"",{""primitive"":""i128""}]],""is_c_variadic"":false,""output"":{""qualified_path"":{""args"":null,""name"":""Output"",""self_type"":{""generic"":""Self""},""trait"":{""args"":null,""path"":""core::ops::bit::Shl""}}}}}"
arbi_anafis::ArbiUint	arbi_anafis::ArbiUint	trait	core::ops::bit::Shl<i128>	trait_impl	Shl	src/int/api/ops/shift.rs	345	[]	[]	"{""generics"":{""params"":[],""where_predicates"":[]},""is_negative"":false,""is_unsafe"":false,""provided_trait_methods"":[]}"
arbi_anafis::ArbiUint	arbi_anafis::ArbiUint	trait	core::ops::bit::Shl<i16>	assoc_type	Output	src/int/api/ops/shift.rs	345	[]	[]	"{""bounds"":[],""default_unstable"":null,""generics"":{""params"":[],""where_predicates"":[]},""type"":{""resolved_path"":{""args"":null,""path"":""arbi_anafis::ArbiUint""}}}"
arbi_anafis::ArbiUint	arbi_anafis::ArbiUint	trait	core::ops::bit::Shl<i16>	method	shl	src/int/api/ops/shift.rs	345	[]	"[{""other"":""#[allow(clippy :: as_conversions, clippy :: cast_possible_truncation, reason =\n\""shift trait impls normalize counts to usize; checked conversions panic instead of truncating on narrow targets\"")]""},{""other"":""#[attr = Inline(Hint)]""},{""other"":""#[attr = TrackCaller]""}]"	"{""generics"":{""params"":[],""where_predicates"":[]},""header"":{""abi"":""Rust"",""is_async"":false,""is_const"":false,""is_unsafe"":false},""sig"":{""inputs"":[[""self"",{""generic"":""Self""}],[""shift"",{""primitive"":""i16""}]],""is_c_variadic"":false,""output"":{""qualified_path"":{""args"":null,""name"":""Output"",""self_type"":{""generic"":""Self""},""trait"":{""args"":null,""path"":""core::ops::bit::Shl""}}}}}"
arbi_anafis::ArbiUint	arbi_anafis::ArbiUint	trait	core::ops::bit::Shl<i16>	trait_impl	Shl	src/int/api/ops/shift.rs	345	[]	[]	"{""generics"":{""params"":[],""where_predicates"":[]},""is_negative"":false,""is_unsafe"":false,""provided_trait_methods"":[]}"
arbi_anafis::ArbiUint	arbi_anafis::ArbiUint	trait	core::ops::bit::Shl<i32>	assoc_type	Output	src/int/api/ops/shift.rs	345	[]	[]	"{""bounds"":[],""default_unstable"":null,""generics"":{""params"":[],""where_predicates"":[]},""type"":{""resolved_path"":{""args"":null,""path"":""arbi_anafis::ArbiUint""}}}"
arbi_anafis::ArbiUint	arbi_anafis::ArbiUint	trait	core::ops::bit::Shl<i32>	method	shl	src/int/api/ops/shift.rs	345	[]	"[{""other"":""#[allow(clippy :: as_conversions, clippy :: cast_possible_truncation, reason =\n\""shift trait impls normalize counts to usize; checked conversions panic instead of truncating on narrow targets\"")]""},{""other"":""#[attr = Inline(Hint)]""},{""other"":""#[attr = TrackCaller]""}]"	"{""generics"":{""params"":[],""where_predicates"":[]},""header"":{""abi"":""Rust"",""is_async"":false,""is_const"":false,""is_unsafe"":false},""sig"":{""inputs"":[[""self"",{""generic"":""Self""}],[""shift"",{""primitive"":""i32""}]],""is_c_variadic"":false,""output"":{""qualified_path"":{""args"":null,""name"":""Output"",""self_type"":{""generic"":""Self""},""trait"":{""args"":null,""path"":""core::ops::bit::Shl""}}}}}"
arbi_anafis::ArbiUint	arbi_anafis::ArbiUint	trait	core::ops::bit::Shl<i32>	trait_impl	Shl	src/int/api/ops/shift.rs	345	[]	[]	"{""generics"":{""params"":[],""where_predicates"":[]},""is_negative"":false,""is_unsafe"":false,""provided_trait_methods"":[]}"
arbi_anafis::ArbiUint	arbi_anafis::ArbiUint	trait	core::ops::bit::Shl<i64>	assoc_type	Output	src/int/api/ops/shift.rs	345	[]	[]	"{""bounds"":[],""default_unstable"":null,""generics"":{""params"":[],""where_predicates"":[]},""type"":{""resolved_path"":{""args"":null,""path"":""arbi_anafis::ArbiUint""}}}"
arbi_anafis::ArbiUint	arbi_anafis::ArbiUint	trait	core::ops::bit::Shl<i64>	method	shl	src/int/api/ops/shift.rs	345	[]	"[{""other"":""#[allow(clippy :: as_conversions, clippy :: cast_possible_truncation, reason =\n\""shift trait impls normalize counts to usize; checked conversions panic instead of truncating on narrow targets\"")]""},{""other"":""#[attr = Inline(Hint)]""},{""other"":""#[attr = TrackCaller]""}]"	"{""generics"":{""params"":[],""where_predicates"":[]},""header"":{""abi"":""Rust"",""is_async"":false,""is_const"":false,""is_unsafe"":false},""sig"":{""inputs"":[[""self"",{""generic"":""Self""}],[""shift"",{""primitive"":""i64""}]],""is_c_variadic"":false,""output"":{""qualified_path"":{""args"":null,""name"":""Output"",""self_type"":{""generic"":""Self""},""trait"":{""args"":null,""path"":""core::ops::bit::Shl""}}}}}"
arbi_anafis::ArbiUint	arbi_anafis::ArbiUint	trait	core::ops::bit::Shl<i64>	trait_impl	Shl	src/int/api/ops/shift.rs	345	[]	[]	"{""generics"":{""params"":[],""where_predicates"":[]},""is_negative"":false,""is_unsafe"":false,""provided_trait_methods"":[]}"
arbi_anafis::ArbiUint	arbi_anafis::ArbiUint	trait	core::ops::bit::Shl<i8>	assoc_type	Output	src/int/api/ops/shift.rs	345	[]	[]	"{""bounds"":[],""default_unstable"":null,""generics"":{""params"":[],""where_predicates"":[]},""type"":{""resolved_path"":{""args"":null,""path"":""arbi_anafis::ArbiUint""}}}"
arbi_anafis::ArbiUint	arbi_anafis::ArbiUint	trait	core::ops::bit::Shl<i8>	method	shl	src/int/api/ops/shift.rs	345	[]	"[{""other"":""#[allow(clippy :: as_conversions, clippy :: cast_possible_truncation, reason =\n\""shift trait impls normalize counts to usize; checked conversions panic instead of truncating on narrow targets\"")]""},{""other"":""#[attr = Inline(Hint)]""},{""other"":""#[attr = TrackCaller]""}]"	"{""generics"":{""params"":[],""where_predicates"":[]},""header"":{""abi"":""Rust"",""is_async"":false,""is_const"":false,""is_unsafe"":false},""sig"":{""inputs"":[[""self"",{""generic"":""Self""}],[""shift"",{""primitive"":""i8""}]],""is_c_variadic"":false,""output"":{""qualified_path"":{""args"":null,""name"":""Output"",""self_type"":{""generic"":""Self""},""trait"":{""args"":null,""path"":""core::ops::bit::Shl""}}}}}"
arbi_anafis::ArbiUint	arbi_anafis::ArbiUint	trait	core::ops::bit::Shl<i8>	trait_impl	Shl	src/int/api/ops/shift.rs	345	[]	[]	"{""generics"":{""params"":[],""where_predicates"":[]},""is_negative"":false,""is_unsafe"":false,""provided_trait_methods"":[]}"
arbi_anafis::ArbiUint	arbi_anafis::ArbiUint	trait	core::ops::bit::Shl<isize>	assoc_type	Output	src/int/api/ops/shift.rs	345	[]	[]	"{""bounds"":[],""default_unstable"":null,""generics"":{""params"":[],""where_predicates"":[]},""type"":{""resolved_path"":{""args"":null,""path"":""arbi_anafis::ArbiUint""}}}"
arbi_anafis::ArbiUint	arbi_anafis::ArbiUint	trait	core::ops::bit::Shl<isize>	method	shl	src/int/api/ops/shift.rs	345	[]	"[{""other"":""#[allow(clippy :: as_conversions, clippy :: cast_possible_truncation, reason =\n\""shift trait impls normalize counts to usize; checked conversions panic instead of truncating on narrow targets\"")]""},{""other"":""#[attr = Inline(Hint)]""},{""other"":""#[attr = TrackCaller]""}]"	"{""generics"":{""params"":[],""where_predicates"":[]},""header"":{""abi"":""Rust"",""is_async"":false,""is_const"":false,""is_unsafe"":false},""sig"":{""inputs"":[[""self"",{""generic"":""Self""}],[""shift"",{""primitive"":""isize""}]],""is_c_variadic"":false,""output"":{""qualified_path"":{""args"":null,""name"":""Output"",""self_type"":{""generic"":""Self""},""trait"":{""args"":null,""path"":""core::ops::bit::Shl""}}}}}"
arbi_anafis::ArbiUint	arbi_anafis::ArbiUint	trait	core::ops::bit::Shl<isize>	trait_impl	Shl	src/int/api/ops/shift.rs	345	[]	[]	"{""generics"":{""params"":[],""where_predicates"":[]},""is_negative"":false,""is_unsafe"":false,""provided_trait_methods"":[]}"
arbi_anafis::ArbiUint	arbi_anafis::ArbiUint	trait	core::ops::bit::Shl<u128>	assoc_type	Output	src/int/api/ops/shift.rs	345	[]	[]	"{""bounds"":[],""default_unstable"":null,""generics"":{""params"":[],""where_predicates"":[]},""type"":{""resolved_path"":{""args"":null,""path"":""arbi_anafis::ArbiUint""}}}"
arbi_anafis::ArbiUint	arbi_anafis::ArbiUint	trait	core::ops::bit::Shl<u128>	method	shl	src/int/api/ops/shift.rs	345	[]	"[{""other"":""#[allow(clippy :: as_conversions, clippy :: cast_possible_truncation, reason =\n\""shift trait impls normalize counts to usize; checked conversions panic instead of truncating on narrow targets\"")]""},{""other"":""#[attr = Inline(Hint)]""},{""other"":""#[attr = TrackCaller]""}]"	"{""generics"":{""params"":[],""where_predicates"":[]},""header"":{""abi"":""Rust"",""is_async"":false,""is_const"":false,""is_unsafe"":false},""sig"":{""inputs"":[[""self"",{""generic"":""Self""}],[""shift"",{""primitive"":""u128""}]],""is_c_variadic"":false,""output"":{""qualified_path"":{""args"":null,""name"":""Output"",""self_type"":{""generic"":""Self""},""trait"":{""args"":null,""path"":""core::ops::bit::Shl""}}}}}"
arbi_anafis::ArbiUint	arbi_anafis::ArbiUint	trait	core::ops::bit::Shl<u128>	trait_impl	Shl	src/int/api/ops/shift.rs	345	[]	[]	"{""generics"":{""params"":[],""where_predicates"":[]},""is_negative"":false,""is_unsafe"":false,""provided_trait_methods"":[]}"
arbi_anafis::ArbiUint	arbi_anafis::ArbiUint	trait	core::ops::bit::Shl<u16>	assoc_type	Output	src/int/api/ops/shift.rs	345	[]	[]	"{""bounds"":[],""default_unstable"":null,""generics"":{""params"":[],""where_predicates"":[]},""type"":{""resolved_path"":{""args"":null,""path"":""arbi_anafis::ArbiUint""}}}"
arbi_anafis::ArbiUint	arbi_anafis::ArbiUint	trait	core::ops::bit::Shl<u16>	method	shl	src/int/api/ops/shift.rs	345	[]	"[{""other"":""#[allow(clippy :: as_conversions, clippy :: cast_possible_truncation, reason =\n\""shift trait impls normalize counts to usize; checked conversions panic instead of truncating on narrow targets\"")]""},{""other"":""#[attr = Inline(Hint)]""},{""other"":""#[attr = TrackCaller]""}]"	"{""generics"":{""params"":[],""where_predicates"":[]},""header"":{""abi"":""Rust"",""is_async"":false,""is_const"":false,""is_unsafe"":false},""sig"":{""inputs"":[[""self"",{""generic"":""Self""}],[""shift"",{""primitive"":""u16""}]],""is_c_variadic"":false,""output"":{""qualified_path"":{""args"":null,""name"":""Output"",""self_type"":{""generic"":""Self""},""trait"":{""args"":null,""path"":""core::ops::bit::Shl""}}}}}"
arbi_anafis::ArbiUint	arbi_anafis::ArbiUint	trait	core::ops::bit::Shl<u16>	trait_impl	Shl	src/int/api/ops/shift.rs	345	[]	[]	"{""generics"":{""params"":[],""where_predicates"":[]},""is_negative"":false,""is_unsafe"":false,""provided_trait_methods"":[]}"
arbi_anafis::ArbiUint	arbi_anafis::ArbiUint	trait	core::ops::bit::Shl<u32>	assoc_type	Output	src/int/api/ops/shift.rs	345	[]	[]	"{""bounds"":[],""default_unstable"":null,""generics"":{""params"":[],""where_predicates"":[]},""type"":{""resolved_path"":{""args"":null,""path"":""arbi_anafis::ArbiUint""}}}"
arbi_anafis::ArbiUint	arbi_anafis::ArbiUint	trait	core::ops::bit::Shl<u32>	method	shl	src/int/api/ops/shift.rs	345	[]	"[{""other"":""#[allow(clippy :: as_conversions, clippy :: cast_possible_truncation, reason =\n\""shift trait impls normalize counts to usize; checked conversions panic instead of truncating on narrow targets\"")]""},{""other"":""#[attr = Inline(Hint)]""},{""other"":""#[attr = TrackCaller]""}]"	"{""generics"":{""params"":[],""where_predicates"":[]},""header"":{""abi"":""Rust"",""is_async"":false,""is_const"":false,""is_unsafe"":false},""sig"":{""inputs"":[[""self"",{""generic"":""Self""}],[""shift"",{""primitive"":""u32""}]],""is_c_variadic"":false,""output"":{""qualified_path"":{""args"":null,""name"":""Output"",""self_type"":{""generic"":""Self""},""trait"":{""args"":null,""path"":""core::ops::bit::Shl""}}}}}"
arbi_anafis::ArbiUint	arbi_anafis::ArbiUint	trait	core::ops::bit::Shl<u32>	trait_impl	Shl	src/int/api/ops/shift.rs	345	[]	[]	"{""generics"":{""params"":[],""where_predicates"":[]},""is_negative"":false,""is_unsafe"":false,""provided_trait_methods"":[]}"
arbi_anafis::ArbiUint	arbi_anafis::ArbiUint	trait	core::ops::bit::Shl<u64>	assoc_type	Output	src/int/api/ops/shift.rs	345	[]	[]	"{""bounds"":[],""default_unstable"":null,""generics"":{""params"":[],""where_predicates"":[]},""type"":{""resolved_path"":{""args"":null,""path"":""arbi_anafis::ArbiUint""}}}"
arbi_anafis::ArbiUint	arbi_anafis::ArbiUint	trait	core::ops::bit::Shl<u64>	method	shl	src/int/api/ops/shift.rs	345	[]	"[{""other"":""#[allow(clippy :: as_conversions, clippy :: cast_possible_truncation, reason =\n\""shift trait impls normalize counts to usize; checked conversions panic instead of truncating on narrow targets\"")]""},{""other"":""#[attr = Inline(Hint)]""},{""other"":""#[attr = TrackCaller]""}]"	"{""generics"":{""params"":[],""where_predicates"":[]},""header"":{""abi"":""Rust"",""is_async"":false,""is_const"":false,""is_unsafe"":false},""sig"":{""inputs"":[[""self"",{""generic"":""Self""}],[""shift"",{""primitive"":""u64""}]],""is_c_variadic"":false,""output"":{""qualified_path"":{""args"":null,""name"":""Output"",""self_type"":{""generic"":""Self""},""trait"":{""args"":null,""path"":""core::ops::bit::Shl""}}}}}"
arbi_anafis::ArbiUint	arbi_anafis::ArbiUint	trait	core::ops::bit::Shl<u64>	trait_impl	Shl	src/int/api/ops/shift.rs	345	[]	[]	"{""generics"":{""params"":[],""where_predicates"":[]},""is_negative"":false,""is_unsafe"":false,""provided_trait_methods"":[]}"
arbi_anafis::ArbiUint	arbi_anafis::ArbiUint	trait	core::ops::bit::Shl<u8>	assoc_type	Output	src/int/api/ops/shift.rs	345	[]	[]	"{""bounds"":[],""default_unstable"":null,""generics"":{""params"":[],""where_predicates"":[]},""type"":{""resolved_path"":{""args"":null,""path"":""arbi_anafis::ArbiUint""}}}"
arbi_anafis::ArbiUint	arbi_anafis::ArbiUint	trait	core::ops::bit::Shl<u8>	method	shl	src/int/api/ops/shift.rs	345	[]	"[{""other"":""#[allow(clippy :: as_conversions, clippy :: cast_possible_truncation, reason =\n\""shift trait impls normalize counts to usize; checked conversions panic instead of truncating on narrow targets\"")]""},{""other"":""#[attr = Inline(Hint)]""},{""other"":""#[attr = TrackCaller]""}]"	"{""generics"":{""params"":[],""where_predicates"":[]},""header"":{""abi"":""Rust"",""is_async"":false,""is_const"":false,""is_unsafe"":false},""sig"":{""inputs"":[[""self"",{""generic"":""Self""}],[""shift"",{""primitive"":""u8""}]],""is_c_variadic"":false,""output"":{""qualified_path"":{""args"":null,""name"":""Output"",""self_type"":{""generic"":""Self""},""trait"":{""args"":null,""path"":""core::ops::bit::Shl""}}}}}"
arbi_anafis::ArbiUint	arbi_anafis::ArbiUint	trait	core::ops::bit::Shl<u8>	trait_impl	Shl	src/int/api/ops/shift.rs	345	[]	[]	"{""generics"":{""params"":[],""where_predicates"":[]},""is_negative"":false,""is_unsafe"":false,""provided_trait_methods"":[]}"
arbi_anafis::ArbiUint	arbi_anafis::ArbiUint	trait	core::ops::bit::Shl<usize>	assoc_type	Output	src/int/api/ops/shift.rs	345	[]	[]	"{""bounds"":[],""default_unstable"":null,""generics"":{""params"":[],""where_predicates"":[]},""type"":{""resolved_path"":{""args"":null,""path"":""arbi_anafis::ArbiUint""}}}"
arbi_anafis::ArbiUint	arbi_anafis::ArbiUint	trait	core::ops::bit::Shl<usize>	method	shl	src/int/api/ops/shift.rs	345	[]	"[{""other"":""#[allow(clippy :: as_conversions, clippy :: cast_possible_truncation, reason =\n\""shift trait impls normalize counts to usize; checked conversions panic instead of truncating on narrow targets\"")]""},{""other"":""#[attr = Inline(Hint)]""},{""other"":""#[attr = TrackCaller]""}]"	"{""generics"":{""params"":[],""where_predicates"":[]},""header"":{""abi"":""Rust"",""is_async"":false,""is_const"":false,""is_unsafe"":false},""sig"":{""inputs"":[[""self"",{""generic"":""Self""}],[""shift"",{""primitive"":""usize""}]],""is_c_variadic"":false,""output"":{""qualified_path"":{""args"":null,""name"":""Output"",""self_type"":{""generic"":""Self""},""trait"":{""args"":null,""path"":""core::ops::bit::Shl""}}}}}"
arbi_anafis::ArbiUint	arbi_anafis::ArbiUint	trait	core::ops::bit::Shl<usize>	trait_impl	Shl	src/int/api/ops/shift.rs	345	[]	[]	"{""generics"":{""params"":[],""where_predicates"":[]},""is_negative"":false,""is_unsafe"":false,""provided_trait_methods"":[]}"
arbi_anafis::ArbiUint	arbi_anafis::ArbiUint	trait	core::ops::bit::ShlAssign<i128>	method	shl_assign	src/int/api/ops/shift.rs	347	[]	"[{""other"":""#[allow(clippy :: as_conversions, clippy :: cast_possible_truncation, reason =\n\""shift trait impls normalize counts to usize; checked conversions panic instead of truncating on narrow targets\"")]""},{""other"":""#[attr = Inline(Hint)]""},{""other"":""#[attr = TrackCaller]""}]"	"{""generics"":{""params"":[],""where_predicates"":[]},""header"":{""abi"":""Rust"",""is_async"":false,""is_const"":false,""is_unsafe"":false},""sig"":{""inputs"":[[""self"",{""borrowed_ref"":{""is_mutable"":true,""lifetime"":null,""type"":{""generic"":""Self""}}}],[""shift"",{""primitive"":""i128""}]],""is_c_variadic"":false,""output"":null}}"
arbi_anafis::ArbiUint	arbi_anafis::ArbiUint	trait	core::ops::bit::ShlAssign<i128>	trait_impl	ShlAssign	src/int/api/ops/shift.rs	347	[]	[]	"{""generics"":{""params"":[],""where_predicates"":[]},""is_negative"":false,""is_unsafe"":false,""provided_trait_methods"":[]}"
arbi_anafis::ArbiUint	arbi_anafis::ArbiUint	trait	core::ops::bit::ShlAssign<i16>	method	shl_assign	src/int/api/ops/shift.rs	347	[]	"[{""other"":""#[allow(clippy :: as_conversions, clippy :: cast_possible_truncation, reason =\n\""shift trait impls normalize counts to usize; checked conversions panic instead of truncating on narrow targets\"")]""},{""other"":""#[attr = Inline(Hint)]""},{""other"":""#[attr = TrackCaller]""}]"	"{""generics"":{""params"":[],""where_predicates"":[]},""header"":{""abi"":""Rust"",""is_async"":false,""is_const"":false,""is_unsafe"":false},""sig"":{""inputs"":[[""self"",{""borrowed_ref"":{""is_mutable"":true,""lifetime"":null,""type"":{""generic"":""Self""}}}],[""shift"",{""primitive"":""i16""}]],""is_c_variadic"":false,""output"":null}}"
arbi_anafis::ArbiUint	arbi_anafis::ArbiUint	trait	core::ops::bit::ShlAssign<i16>	trait_impl	ShlAssign	src/int/api/ops/shift.rs	347	[]	[]	"{""generics"":{""params"":[],""where_predicates"":[]},""is_negative"":false,""is_unsafe"":false,""provided_trait_methods"":[]}"
arbi_anafis::ArbiUint	arbi_anafis::ArbiUint	trait	core::ops::bit::ShlAssign<i32>	method	shl_assign	src/int/api/ops/shift.rs	347	[]	"[{""other"":""#[allow(clippy :: as_conversions, clippy :: cast_possible_truncation, reason =\n\""shift trait impls normalize counts to usize; checked conversions panic instead of truncating on narrow targets\"")]""},{""other"":""#[attr = Inline(Hint)]""},{""other"":""#[attr = TrackCaller]""}]"	"{""generics"":{""params"":[],""where_predicates"":[]},""header"":{""abi"":""Rust"",""is_async"":false,""is_const"":false,""is_unsafe"":false},""sig"":{""inputs"":[[""self"",{""borrowed_ref"":{""is_mutable"":true,""lifetime"":null,""type"":{""generic"":""Self""}}}],[""shift"",{""primitive"":""i32""}]],""is_c_variadic"":false,""output"":null}}"
arbi_anafis::ArbiUint	arbi_anafis::ArbiUint	trait	core::ops::bit::ShlAssign<i32>	trait_impl	ShlAssign	src/int/api/ops/shift.rs	347	[]	[]	"{""generics"":{""params"":[],""where_predicates"":[]},""is_negative"":false,""is_unsafe"":false,""provided_trait_methods"":[]}"
arbi_anafis::ArbiUint	arbi_anafis::ArbiUint	trait	core::ops::bit::ShlAssign<i64>	method	shl_assign	src/int/api/ops/shift.rs	347	[]	"[{""other"":""#[allow(clippy :: as_conversions, clippy :: cast_possible_truncation, reason =\n\""shift trait impls normalize counts to usize; checked conversions panic instead of truncating on narrow targets\"")]""},{""other"":""#[attr = Inline(Hint)]""},{""other"":""#[attr = TrackCaller]""}]"	"{""generics"":{""params"":[],""where_predicates"":[]},""header"":{""abi"":""Rust"",""is_async"":false,""is_const"":false,""is_unsafe"":false},""sig"":{""inputs"":[[""self"",{""borrowed_ref"":{""is_mutable"":true,""lifetime"":null,""type"":{""generic"":""Self""}}}],[""shift"",{""primitive"":""i64""}]],""is_c_variadic"":false,""output"":null}}"
arbi_anafis::ArbiUint	arbi_anafis::ArbiUint	trait	core::ops::bit::ShlAssign<i64>	trait_impl	ShlAssign	src/int/api/ops/shift.rs	347	[]	[]	"{""generics"":{""params"":[],""where_predicates"":[]},""is_negative"":false,""is_unsafe"":false,""provided_trait_methods"":[]}"
arbi_anafis::ArbiUint	arbi_anafis::ArbiUint	trait	core::ops::bit::ShlAssign<i8>	method	shl_assign	src/int/api/ops/shift.rs	347	[]	"[{""other"":""#[allow(clippy :: as_conversions, clippy :: cast_possible_truncation, reason =\n\""shift trait impls normalize counts to usize; checked conversions panic instead of truncating on narrow targets\"")]""},{""other"":""#[attr = Inline(Hint)]""},{""other"":""#[attr = TrackCaller]""}]"	"{""generics"":{""params"":[],""where_predicates"":[]},""header"":{""abi"":""Rust"",""is_async"":false,""is_const"":false,""is_unsafe"":false},""sig"":{""inputs"":[[""self"",{""borrowed_ref"":{""is_mutable"":true,""lifetime"":null,""type"":{""generic"":""Self""}}}],[""shift"",{""primitive"":""i8""}]],""is_c_variadic"":false,""output"":null}}"
arbi_anafis::ArbiUint	arbi_anafis::ArbiUint	trait	core::ops::bit::ShlAssign<i8>	trait_impl	ShlAssign	src/int/api/ops/shift.rs	347	[]	[]	"{""generics"":{""params"":[],""where_predicates"":[]},""is_negative"":false,""is_unsafe"":false,""provided_trait_methods"":[]}"
arbi_anafis::ArbiUint	arbi_anafis::ArbiUint	trait	core::ops::bit::ShlAssign<isize>	method	shl_assign	src/int/api/ops/shift.rs	347	[]	"[{""other"":""#[allow(clippy :: as_conversions, clippy :: cast_possible_truncation, reason =\n\""shift trait impls normalize counts to usize; checked conversions panic instead of truncating on narrow targets\"")]""},{""other"":""#[attr = Inline(Hint)]""},{""other"":""#[attr = TrackCaller]""}]"	"{""generics"":{""params"":[],""where_predicates"":[]},""header"":{""abi"":""Rust"",""is_async"":false,""is_const"":false,""is_unsafe"":false},""sig"":{""inputs"":[[""self"",{""borrowed_ref"":{""is_mutable"":true,""lifetime"":null,""type"":{""generic"":""Self""}}}],[""shift"",{""primitive"":""isize""}]],""is_c_variadic"":false,""output"":null}}"
arbi_anafis::ArbiUint	arbi_anafis::ArbiUint	trait	core::ops::bit::ShlAssign<isize>	trait_impl	ShlAssign	src/int/api/ops/shift.rs	347	[]	[]	"{""generics"":{""params"":[],""where_predicates"":[]},""is_negative"":false,""is_unsafe"":false,""provided_trait_methods"":[]}"
arbi_anafis::ArbiUint	arbi_anafis::ArbiUint	trait	core::ops::bit::ShlAssign<u128>	method	shl_assign	src/int/api/ops/shift.rs	347	[]	"[{""other"":""#[allow(clippy :: as_conversions, clippy :: cast_possible_truncation, reason =\n\""shift trait impls normalize counts to usize; checked conversions panic instead of truncating on narrow targets\"")]""},{""other"":""#[attr = Inline(Hint)]""},{""other"":""#[attr = TrackCaller]""}]"	"{""generics"":{""params"":[],""where_predicates"":[]},""header"":{""abi"":""Rust"",""is_async"":false,""is_const"":false,""is_unsafe"":false},""sig"":{""inputs"":[[""self"",{""borrowed_ref"":{""is_mutable"":true,""lifetime"":null,""type"":{""generic"":""Self""}}}],[""shift"",{""primitive"":""u128""}]],""is_c_variadic"":false,""output"":null}}"
arbi_anafis::ArbiUint	arbi_anafis::ArbiUint	trait	core::ops::bit::ShlAssign<u128>	trait_impl	ShlAssign	src/int/api/ops/shift.rs	347	[]	[]	"{""generics"":{""params"":[],""where_predicates"":[]},""is_negative"":false,""is_unsafe"":false,""provided_trait_methods"":[]}"
arbi_anafis::ArbiUint	arbi_anafis::ArbiUint	trait	core::ops::bit::ShlAssign<u16>	method	shl_assign	src/int/api/ops/shift.rs	347	[]	"[{""other"":""#[allow(clippy :: as_conversions, clippy :: cast_possible_truncation, reason =\n\""shift trait impls normalize counts to usize; checked conversions panic instead of truncating on narrow targets\"")]""},{""other"":""#[attr = Inline(Hint)]""},{""other"":""#[attr = TrackCaller]""}]"	"{""generics"":{""params"":[],""where_predicates"":[]},""header"":{""abi"":""Rust"",""is_async"":false,""is_const"":false,""is_unsafe"":false},""sig"":{""inputs"":[[""self"",{""borrowed_ref"":{""is_mutable"":true,""lifetime"":null,""type"":{""generic"":""Self""}}}],[""shift"",{""primitive"":""u16""}]],""is_c_variadic"":false,""output"":null}}"
arbi_anafis::ArbiUint	arbi_anafis::ArbiUint	trait	core::ops::bit::ShlAssign<u16>	trait_impl	ShlAssign	src/int/api/ops/shift.rs	347	[]	[]	"{""generics"":{""params"":[],""where_predicates"":[]},""is_negative"":false,""is_unsafe"":false,""provided_trait_methods"":[]}"
arbi_anafis::ArbiUint	arbi_anafis::ArbiUint	trait	core::ops::bit::ShlAssign<u32>	method	shl_assign	src/int/api/ops/shift.rs	347	[]	"[{""other"":""#[allow(clippy :: as_conversions, clippy :: cast_possible_truncation, reason =\n\""shift trait impls normalize counts to usize; checked conversions panic instead of truncating on narrow targets\"")]""},{""other"":""#[attr = Inline(Hint)]""},{""other"":""#[attr = TrackCaller]""}]"	"{""generics"":{""params"":[],""where_predicates"":[]},""header"":{""abi"":""Rust"",""is_async"":false,""is_const"":false,""is_unsafe"":false},""sig"":{""inputs"":[[""self"",{""borrowed_ref"":{""is_mutable"":true,""lifetime"":null,""type"":{""generic"":""Self""}}}],[""shift"",{""primitive"":""u32""}]],""is_c_variadic"":false,""output"":null}}"
arbi_anafis::ArbiUint	arbi_anafis::ArbiUint	trait	core::ops::bit::ShlAssign<u32>	trait_impl	ShlAssign	src/int/api/ops/shift.rs	347	[]	[]	"{""generics"":{""params"":[],""where_predicates"":[]},""is_negative"":false,""is_unsafe"":false,""provided_trait_methods"":[]}"
arbi_anafis::ArbiUint	arbi_anafis::ArbiUint	trait	core::ops::bit::ShlAssign<u64>	method	shl_assign	src/int/api/ops/shift.rs	347	[]	"[{""other"":""#[allow(clippy :: as_conversions, clippy :: cast_possible_truncation, reason =\n\""shift trait impls normalize counts to usize; checked conversions panic instead of truncating on narrow targets\"")]""},{""other"":""#[attr = Inline(Hint)]""},{""other"":""#[attr = TrackCaller]""}]"	"{""generics"":{""params"":[],""where_predicates"":[]},""header"":{""abi"":""Rust"",""is_async"":false,""is_const"":false,""is_unsafe"":false},""sig"":{""inputs"":[[""self"",{""borrowed_ref"":{""is_mutable"":true,""lifetime"":null,""type"":{""generic"":""Self""}}}],[""shift"",{""primitive"":""u64""}]],""is_c_variadic"":false,""output"":null}}"
arbi_anafis::ArbiUint	arbi_anafis::ArbiUint	trait	core::ops::bit::ShlAssign<u64>	trait_impl	ShlAssign	src/int/api/ops/shift.rs	347	[]	[]	"{""generics"":{""params"":[],""where_predicates"":[]},""is_negative"":false,""is_unsafe"":false,""provided_trait_methods"":[]}"
arbi_anafis::ArbiUint	arbi_anafis::ArbiUint	trait	core::ops::bit::ShlAssign<u8>	method	shl_assign	src/int/api/ops/shift.rs	347	[]	"[{""other"":""#[allow(clippy :: as_conversions, clippy :: cast_possible_truncation, reason =\n\""shift trait impls normalize counts to usize; checked conversions panic instead of truncating on narrow targets\"")]""},{""other"":""#[attr = Inline(Hint)]""},{""other"":""#[attr = TrackCaller]""}]"	"{""generics"":{""params"":[],""where_predicates"":[]},""header"":{""abi"":""Rust"",""is_async"":false,""is_const"":false,""is_unsafe"":false},""sig"":{""inputs"":[[""self"",{""borrowed_ref"":{""is_mutable"":true,""lifetime"":null,""type"":{""generic"":""Self""}}}],[""shift"",{""primitive"":""u8""}]],""is_c_variadic"":false,""output"":null}}"
arbi_anafis::ArbiUint	arbi_anafis::ArbiUint	trait	core::ops::bit::ShlAssign<u8>	trait_impl	ShlAssign	src/int/api/ops/shift.rs	347	[]	[]	"{""generics"":{""params"":[],""where_predicates"":[]},""is_negative"":false,""is_unsafe"":false,""provided_trait_methods"":[]}"
arbi_anafis::ArbiUint	arbi_anafis::ArbiUint	trait	core::ops::bit::ShlAssign<usize>	method	shl_assign	src/int/api/ops/shift.rs	347	[]	"[{""other"":""#[allow(clippy :: as_conversions, clippy :: cast_possible_truncation, reason =\n\""shift trait impls normalize counts to usize; checked conversions panic instead of truncating on narrow targets\"")]""},{""other"":""#[attr = Inline(Hint)]""},{""other"":""#[attr = TrackCaller]""}]"	"{""generics"":{""params"":[],""where_predicates"":[]},""header"":{""abi"":""Rust"",""is_async"":false,""is_const"":false,""is_unsafe"":false},""sig"":{""inputs"":[[""self"",{""borrowed_ref"":{""is_mutable"":true,""lifetime"":null,""type"":{""generic"":""Self""}}}],[""shift"",{""primitive"":""usize""}]],""is_c_variadic"":false,""output"":null}}"
arbi_anafis::ArbiUint	arbi_anafis::ArbiUint	trait	core::ops::bit::ShlAssign<usize>	trait_impl	ShlAssign	src/int/api/ops/shift.rs	347	[]	[]	"{""generics"":{""params"":[],""where_predicates"":[]},""is_negative"":false,""is_unsafe"":false,""provided_trait_methods"":[]}"
arbi_anafis::ArbiUint	arbi_anafis::ArbiUint	trait	core::ops::bit::Shr<i128>	assoc_type	Output	src/int/api/ops/shift.rs	346	[]	[]	"{""bounds"":[],""default_unstable"":null,""generics"":{""params"":[],""where_predicates"":[]},""type"":{""resolved_path"":{""args"":null,""path"":""arbi_anafis::ArbiUint""}}}"
arbi_anafis::ArbiUint	arbi_anafis::ArbiUint	trait	core::ops::bit::Shr<i128>	method	shr	src/int/api/ops/shift.rs	346	[]	"[{""other"":""#[allow(clippy :: as_conversions, clippy :: cast_possible_truncation, reason =\n\""shift trait impls normalize counts to usize; checked conversions panic instead of truncating on narrow targets\"")]""},{""other"":""#[attr = Inline(Hint)]""},{""other"":""#[attr = TrackCaller]""}]"	"{""generics"":{""params"":[],""where_predicates"":[]},""header"":{""abi"":""Rust"",""is_async"":false,""is_const"":false,""is_unsafe"":false},""sig"":{""inputs"":[[""self"",{""generic"":""Self""}],[""shift"",{""primitive"":""i128""}]],""is_c_variadic"":false,""output"":{""qualified_path"":{""args"":null,""name"":""Output"",""self_type"":{""generic"":""Self""},""trait"":{""args"":null,""path"":""core::ops::bit::Shr""}}}}}"
arbi_anafis::ArbiUint	arbi_anafis::ArbiUint	trait	core::ops::bit::Shr<i128>	trait_impl	Shr	src/int/api/ops/shift.rs	346	[]	[]	"{""generics"":{""params"":[],""where_predicates"":[]},""is_negative"":false,""is_unsafe"":false,""provided_trait_methods"":[]}"
arbi_anafis::ArbiUint	arbi_anafis::ArbiUint	trait	core::ops::bit::Shr<i16>	assoc_type	Output	src/int/api/ops/shift.rs	346	[]	[]	"{""bounds"":[],""default_unstable"":null,""generics"":{""params"":[],""where_predicates"":[]},""type"":{""resolved_path"":{""args"":null,""path"":""arbi_anafis::ArbiUint""}}}"
arbi_anafis::ArbiUint	arbi_anafis::ArbiUint	trait	core::ops::bit::Shr<i16>	method	shr	src/int/api/ops/shift.rs	346	[]	"[{""other"":""#[allow(clippy :: as_conversions, clippy :: cast_possible_truncation, reason =\n\""shift trait impls normalize counts to usize; checked conversions panic instead of truncating on narrow targets\"")]""},{""other"":""#[attr = Inline(Hint)]""},{""other"":""#[attr = TrackCaller]""}]"	"{""generics"":{""params"":[],""where_predicates"":[]},""header"":{""abi"":""Rust"",""is_async"":false,""is_const"":false,""is_unsafe"":false},""sig"":{""inputs"":[[""self"",{""generic"":""Self""}],[""shift"",{""primitive"":""i16""}]],""is_c_variadic"":false,""output"":{""qualified_path"":{""args"":null,""name"":""Output"",""self_type"":{""generic"":""Self""},""trait"":{""args"":null,""path"":""core::ops::bit::Shr""}}}}}"
arbi_anafis::ArbiUint	arbi_anafis::ArbiUint	trait	core::ops::bit::Shr<i16>	trait_impl	Shr	src/int/api/ops/shift.rs	346	[]	[]	"{""generics"":{""params"":[],""where_predicates"":[]},""is_negative"":false,""is_unsafe"":false,""provided_trait_methods"":[]}"
arbi_anafis::ArbiUint	arbi_anafis::ArbiUint	trait	core::ops::bit::Shr<i32>	assoc_type	Output	src/int/api/ops/shift.rs	346	[]	[]	"{""bounds"":[],""default_unstable"":null,""generics"":{""params"":[],""where_predicates"":[]},""type"":{""resolved_path"":{""args"":null,""path"":""arbi_anafis::ArbiUint""}}}"
arbi_anafis::ArbiUint	arbi_anafis::ArbiUint	trait	core::ops::bit::Shr<i32>	method	shr	src/int/api/ops/shift.rs	346	[]	"[{""other"":""#[allow(clippy :: as_conversions, clippy :: cast_possible_truncation, reason =\n\""shift trait impls normalize counts to usize; checked conversions panic instead of truncating on narrow targets\"")]""},{""other"":""#[attr = Inline(Hint)]""},{""other"":""#[attr = TrackCaller]""}]"	"{""generics"":{""params"":[],""where_predicates"":[]},""header"":{""abi"":""Rust"",""is_async"":false,""is_const"":false,""is_unsafe"":false},""sig"":{""inputs"":[[""self"",{""generic"":""Self""}],[""shift"",{""primitive"":""i32""}]],""is_c_variadic"":false,""output"":{""qualified_path"":{""args"":null,""name"":""Output"",""self_type"":{""generic"":""Self""},""trait"":{""args"":null,""path"":""core::ops::bit::Shr""}}}}}"
arbi_anafis::ArbiUint	arbi_anafis::ArbiUint	trait	core::ops::bit::Shr<i32>	trait_impl	Shr	src/int/api/ops/shift.rs	346	[]	[]	"{""generics"":{""params"":[],""where_predicates"":[]},""is_negative"":false,""is_unsafe"":false,""provided_trait_methods"":[]}"
arbi_anafis::ArbiUint	arbi_anafis::ArbiUint	trait	core::ops::bit::Shr<i64>	assoc_type	Output	src/int/api/ops/shift.rs	346	[]	[]	"{""bounds"":[],""default_unstable"":null,""generics"":{""params"":[],""where_predicates"":[]},""type"":{""resolved_path"":{""args"":null,""path"":""arbi_anafis::ArbiUint""}}}"
arbi_anafis::ArbiUint	arbi_anafis::ArbiUint	trait	core::ops::bit::Shr<i64>	method	shr	src/int/api/ops/shift.rs	346	[]	"[{""other"":""#[allow(clippy :: as_conversions, clippy :: cast_possible_truncation, reason =\n\""shift trait impls normalize counts to usize; checked conversions panic instead of truncating on narrow targets\"")]""},{""other"":""#[attr = Inline(Hint)]""},{""other"":""#[attr = TrackCaller]""}]"	"{""generics"":{""params"":[],""where_predicates"":[]},""header"":{""abi"":""Rust"",""is_async"":false,""is_const"":false,""is_unsafe"":false},""sig"":{""inputs"":[[""self"",{""generic"":""Self""}],[""shift"",{""primitive"":""i64""}]],""is_c_variadic"":false,""output"":{""qualified_path"":{""args"":null,""name"":""Output"",""self_type"":{""generic"":""Self""},""trait"":{""args"":null,""path"":""core::ops::bit::Shr""}}}}}"
arbi_anafis::ArbiUint	arbi_anafis::ArbiUint	trait	core::ops::bit::Shr<i64>	trait_impl	Shr	src/int/api/ops/shift.rs	346	[]	[]	"{""generics"":{""params"":[],""where_predicates"":[]},""is_negative"":false,""is_unsafe"":false,""provided_trait_methods"":[]}"
arbi_anafis::ArbiUint	arbi_anafis::ArbiUint	trait	core::ops::bit::Shr<i8>	assoc_type	Output	src/int/api/ops/shift.rs	346	[]	[]	"{""bounds"":[],""default_unstable"":null,""generics"":{""params"":[],""where_predicates"":[]},""type"":{""resolved_path"":{""args"":null,""path"":""arbi_anafis::ArbiUint""}}}"
arbi_anafis::ArbiUint	arbi_anafis::ArbiUint	trait	core::ops::bit::Shr<i8>	method	shr	src/int/api/ops/shift.rs	346	[]	"[{""other"":""#[allow(clippy :: as_conversions, clippy :: cast_possible_truncation, reason =\n\""shift trait impls normalize counts to usize; checked conversions panic instead of truncating on narrow targets\"")]""},{""other"":""#[attr = Inline(Hint)]""},{""other"":""#[attr = TrackCaller]""}]"	"{""generics"":{""params"":[],""where_predicates"":[]},""header"":{""abi"":""Rust"",""is_async"":false,""is_const"":false,""is_unsafe"":false},""sig"":{""inputs"":[[""self"",{""generic"":""Self""}],[""shift"",{""primitive"":""i8""}]],""is_c_variadic"":false,""output"":{""qualified_path"":{""args"":null,""name"":""Output"",""self_type"":{""generic"":""Self""},""trait"":{""args"":null,""path"":""core::ops::bit::Shr""}}}}}"
arbi_anafis::ArbiUint	arbi_anafis::ArbiUint	trait	core::ops::bit::Shr<i8>	trait_impl	Shr	src/int/api/ops/shift.rs	346	[]	[]	"{""generics"":{""params"":[],""where_predicates"":[]},""is_negative"":false,""is_unsafe"":false,""provided_trait_methods"":[]}"
arbi_anafis::ArbiUint	arbi_anafis::ArbiUint	trait	core::ops::bit::Shr<isize>	assoc_type	Output	src/int/api/ops/shift.rs	346	[]	[]	"{""bounds"":[],""default_unstable"":null,""generics"":{""params"":[],""where_predicates"":[]},""type"":{""resolved_path"":{""args"":null,""path"":""arbi_anafis::ArbiUint""}}}"
arbi_anafis::ArbiUint	arbi_anafis::ArbiUint	trait	core::ops::bit::Shr<isize>	method	shr	src/int/api/ops/shift.rs	346	[]	"[{""other"":""#[allow(clippy :: as_conversions, clippy :: cast_possible_truncation, reason =\n\""shift trait impls normalize counts to usize; checked conversions panic instead of truncating on narrow targets\"")]""},{""other"":""#[attr = Inline(Hint)]""},{""other"":""#[attr = TrackCaller]""}]"	"{""generics"":{""params"":[],""where_predicates"":[]},""header"":{""abi"":""Rust"",""is_async"":false,""is_const"":false,""is_unsafe"":false},""sig"":{""inputs"":[[""self"",{""generic"":""Self""}],[""shift"",{""primitive"":""isize""}]],""is_c_variadic"":false,""output"":{""qualified_path"":{""args"":null,""name"":""Output"",""self_type"":{""generic"":""Self""},""trait"":{""args"":null,""path"":""core::ops::bit::Shr""}}}}}"
arbi_anafis::ArbiUint	arbi_anafis::ArbiUint	trait	core::ops::bit::Shr<isize>	trait_impl	Shr	src/int/api/ops/shift.rs	346	[]	[]	"{""generics"":{""params"":[],""where_predicates"":[]},""is_negative"":false,""is_unsafe"":false,""provided_trait_methods"":[]}"
arbi_anafis::ArbiUint	arbi_anafis::ArbiUint	trait	core::ops::bit::Shr<u128>	assoc_type	Output	src/int/api/ops/shift.rs	346	[]	[]	"{""bounds"":[],""default_unstable"":null,""generics"":{""params"":[],""where_predicates"":[]},""type"":{""resolved_path"":{""args"":null,""path"":""arbi_anafis::ArbiUint""}}}"
arbi_anafis::ArbiUint	arbi_anafis::ArbiUint	trait	core::ops::bit::Shr<u128>	method	shr	src/int/api/ops/shift.rs	346	[]	"[{""other"":""#[allow(clippy :: as_conversions, clippy :: cast_possible_truncation, reason =\n\""shift trait impls normalize counts to usize; checked conversions panic instead of truncating on narrow targets\"")]""},{""other"":""#[attr = Inline(Hint)]""},{""other"":""#[attr = TrackCaller]""}]"	"{""generics"":{""params"":[],""where_predicates"":[]},""header"":{""abi"":""Rust"",""is_async"":false,""is_const"":false,""is_unsafe"":false},""sig"":{""inputs"":[[""self"",{""generic"":""Self""}],[""shift"",{""primitive"":""u128""}]],""is_c_variadic"":false,""output"":{""qualified_path"":{""args"":null,""name"":""Output"",""self_type"":{""generic"":""Self""},""trait"":{""args"":null,""path"":""core::ops::bit::Shr""}}}}}"
arbi_anafis::ArbiUint	arbi_anafis::ArbiUint	trait	core::ops::bit::Shr<u128>	trait_impl	Shr	src/int/api/ops/shift.rs	346	[]	[]	"{""generics"":{""params"":[],""where_predicates"":[]},""is_negative"":false,""is_unsafe"":false,""provided_trait_methods"":[]}"
arbi_anafis::ArbiUint	arbi_anafis::ArbiUint	trait	core::ops::bit::Shr<u16>	assoc_type	Output	src/int/api/ops/shift.rs	346	[]	[]	"{""bounds"":[],""default_unstable"":null,""generics"":{""params"":[],""where_predicates"":[]},""type"":{""resolved_path"":{""args"":null,""path"":""arbi_anafis::ArbiUint""}}}"
arbi_anafis::ArbiUint	arbi_anafis::ArbiUint	trait	core::ops::bit::Shr<u16>	method	shr	src/int/api/ops/shift.rs	346	[]	"[{""other"":""#[allow(clippy :: as_conversions, clippy :: cast_possible_truncation, reason =\n\""shift trait impls normalize counts to usize; checked conversions panic instead of truncating on narrow targets\"")]""},{""other"":""#[attr = Inline(Hint)]""},{""other"":""#[attr = TrackCaller]""}]"	"{""generics"":{""params"":[],""where_predicates"":[]},""header"":{""abi"":""Rust"",""is_async"":false,""is_const"":false,""is_unsafe"":false},""sig"":{""inputs"":[[""self"",{""generic"":""Self""}],[""shift"",{""primitive"":""u16""}]],""is_c_variadic"":false,""output"":{""qualified_path"":{""args"":null,""name"":""Output"",""self_type"":{""generic"":""Self""},""trait"":{""args"":null,""path"":""core::ops::bit::Shr""}}}}}"
arbi_anafis::ArbiUint	arbi_anafis::ArbiUint	trait	core::ops::bit::Shr<u16>	trait_impl	Shr	src/int/api/ops/shift.rs	346	[]	[]	"{""generics"":{""params"":[],""where_predicates"":[]},""is_negative"":false,""is_unsafe"":false,""provided_trait_methods"":[]}"
arbi_anafis::ArbiUint	arbi_anafis::ArbiUint	trait	core::ops::bit::Shr<u32>	assoc_type	Output	src/int/api/ops/shift.rs	346	[]	[]	"{""bounds"":[],""default_unstable"":null,""generics"":{""params"":[],""where_predicates"":[]},""type"":{""resolved_path"":{""args"":null,""path"":""arbi_anafis::ArbiUint""}}}"
arbi_anafis::ArbiUint	arbi_anafis::ArbiUint	trait	core::ops::bit::Shr<u32>	method	shr	src/int/api/ops/shift.rs	346	[]	"[{""other"":""#[allow(clippy :: as_conversions, clippy :: cast_possible_truncation, reason =\n\""shift trait impls normalize counts to usize; checked conversions panic instead of truncating on narrow targets\"")]""},{""other"":""#[attr = Inline(Hint)]""},{""other"":""#[attr = TrackCaller]""}]"	"{""generics"":{""params"":[],""where_predicates"":[]},""header"":{""abi"":""Rust"",""is_async"":false,""is_const"":false,""is_unsafe"":false},""sig"":{""inputs"":[[""self"",{""generic"":""Self""}],[""shift"",{""primitive"":""u32""}]],""is_c_variadic"":false,""output"":{""qualified_path"":{""args"":null,""name"":""Output"",""self_type"":{""generic"":""Self""},""trait"":{""args"":null,""path"":""core::ops::bit::Shr""}}}}}"
arbi_anafis::ArbiUint	arbi_anafis::ArbiUint	trait	core::ops::bit::Shr<u32>	trait_impl	Shr	src/int/api/ops/shift.rs	346	[]	[]	"{""generics"":{""params"":[],""where_predicates"":[]},""is_negative"":false,""is_unsafe"":false,""provided_trait_methods"":[]}"
arbi_anafis::ArbiUint	arbi_anafis::ArbiUint	trait	core::ops::bit::Shr<u64>	assoc_type	Output	src/int/api/ops/shift.rs	346	[]	[]	"{""bounds"":[],""default_unstable"":null,""generics"":{""params"":[],""where_predicates"":[]},""type"":{""resolved_path"":{""args"":null,""path"":""arbi_anafis::ArbiUint""}}}"
arbi_anafis::ArbiUint	arbi_anafis::ArbiUint	trait	core::ops::bit::Shr<u64>	method	shr	src/int/api/ops/shift.rs	346	[]	"[{""other"":""#[allow(clippy :: as_conversions, clippy :: cast_possible_truncation, reason =\n\""shift trait impls normalize counts to usize; checked conversions panic instead of truncating on narrow targets\"")]""},{""other"":""#[attr = Inline(Hint)]""},{""other"":""#[attr = TrackCaller]""}]"	"{""generics"":{""params"":[],""where_predicates"":[]},""header"":{""abi"":""Rust"",""is_async"":false,""is_const"":false,""is_unsafe"":false},""sig"":{""inputs"":[[""self"",{""generic"":""Self""}],[""shift"",{""primitive"":""u64""}]],""is_c_variadic"":false,""output"":{""qualified_path"":{""args"":null,""name"":""Output"",""self_type"":{""generic"":""Self""},""trait"":{""args"":null,""path"":""core::ops::bit::Shr""}}}}}"
arbi_anafis::ArbiUint	arbi_anafis::ArbiUint	trait	core::ops::bit::Shr<u64>	trait_impl	Shr	src/int/api/ops/shift.rs	346	[]	[]	"{""generics"":{""params"":[],""where_predicates"":[]},""is_negative"":false,""is_unsafe"":false,""provided_trait_methods"":[]}"
arbi_anafis::ArbiUint	arbi_anafis::ArbiUint	trait	core::ops::bit::Shr<u8>	assoc_type	Output	src/int/api/ops/shift.rs	346	[]	[]	"{""bounds"":[],""default_unstable"":null,""generics"":{""params"":[],""where_predicates"":[]},""type"":{""resolved_path"":{""args"":null,""path"":""arbi_anafis::ArbiUint""}}}"
arbi_anafis::ArbiUint	arbi_anafis::ArbiUint	trait	core::ops::bit::Shr<u8>	method	shr	src/int/api/ops/shift.rs	346	[]	"[{""other"":""#[allow(clippy :: as_conversions, clippy :: cast_possible_truncation, reason =\n\""shift trait impls normalize counts to usize; checked conversions panic instead of truncating on narrow targets\"")]""},{""other"":""#[attr = Inline(Hint)]""},{""other"":""#[attr = TrackCaller]""}]"	"{""generics"":{""params"":[],""where_predicates"":[]},""header"":{""abi"":""Rust"",""is_async"":false,""is_const"":false,""is_unsafe"":false},""sig"":{""inputs"":[[""self"",{""generic"":""Self""}],[""shift"",{""primitive"":""u8""}]],""is_c_variadic"":false,""output"":{""qualified_path"":{""args"":null,""name"":""Output"",""self_type"":{""generic"":""Self""},""trait"":{""args"":null,""path"":""core::ops::bit::Shr""}}}}}"
arbi_anafis::ArbiUint	arbi_anafis::ArbiUint	trait	core::ops::bit::Shr<u8>	trait_impl	Shr	src/int/api/ops/shift.rs	346	[]	[]	"{""generics"":{""params"":[],""where_predicates"":[]},""is_negative"":false,""is_unsafe"":false,""provided_trait_methods"":[]}"
arbi_anafis::ArbiUint	arbi_anafis::ArbiUint	trait	core::ops::bit::Shr<usize>	assoc_type	Output	src/int/api/ops/shift.rs	346	[]	[]	"{""bounds"":[],""default_unstable"":null,""generics"":{""params"":[],""where_predicates"":[]},""type"":{""resolved_path"":{""args"":null,""path"":""arbi_anafis::ArbiUint""}}}"
arbi_anafis::ArbiUint	arbi_anafis::ArbiUint	trait	core::ops::bit::Shr<usize>	method	shr	src/int/api/ops/shift.rs	346	[]	"[{""other"":""#[allow(clippy :: as_conversions, clippy :: cast_possible_truncation, reason =\n\""shift trait impls normalize counts to usize; checked conversions panic instead of truncating on narrow targets\"")]""},{""other"":""#[attr = Inline(Hint)]""},{""other"":""#[attr = TrackCaller]""}]"	"{""generics"":{""params"":[],""where_predicates"":[]},""header"":{""abi"":""Rust"",""is_async"":false,""is_const"":false,""is_unsafe"":false},""sig"":{""inputs"":[[""self"",{""generic"":""Self""}],[""shift"",{""primitive"":""usize""}]],""is_c_variadic"":false,""output"":{""qualified_path"":{""args"":null,""name"":""Output"",""self_type"":{""generic"":""Self""},""trait"":{""args"":null,""path"":""core::ops::bit::Shr""}}}}}"
arbi_anafis::ArbiUint	arbi_anafis::ArbiUint	trait	core::ops::bit::Shr<usize>	trait_impl	Shr	src/int/api/ops/shift.rs	346	[]	[]	"{""generics"":{""params"":[],""where_predicates"":[]},""is_negative"":false,""is_unsafe"":false,""provided_trait_methods"":[]}"
arbi_anafis::ArbiUint	arbi_anafis::ArbiUint	trait	core::ops::bit::ShrAssign<i128>	method	shr_assign	src/int/api/ops/shift.rs	348	[]	"[{""other"":""#[allow(clippy :: as_conversions, clippy :: cast_possible_truncation, reason =\n\""shift trait impls normalize counts to usize; checked conversions panic instead of truncating on narrow targets\"")]""},{""other"":""#[attr = Inline(Hint)]""},{""other"":""#[attr = TrackCaller]""}]"	"{""generics"":{""params"":[],""where_predicates"":[]},""header"":{""abi"":""Rust"",""is_async"":false,""is_const"":false,""is_unsafe"":false},""sig"":{""inputs"":[[""self"",{""borrowed_ref"":{""is_mutable"":true,""lifetime"":null,""type"":{""generic"":""Self""}}}],[""shift"",{""primitive"":""i128""}]],""is_c_variadic"":false,""output"":null}}"
arbi_anafis::ArbiUint	arbi_anafis::ArbiUint	trait	core::ops::bit::ShrAssign<i128>	trait_impl	ShrAssign	src/int/api/ops/shift.rs	348	[]	[]	"{""generics"":{""params"":[],""where_predicates"":[]},""is_negative"":false,""is_unsafe"":false,""provided_trait_methods"":[]}"
arbi_anafis::ArbiUint	arbi_anafis::ArbiUint	trait	core::ops::bit::ShrAssign<i16>	method	shr_assign	src/int/api/ops/shift.rs	348	[]	"[{""other"":""#[allow(clippy :: as_conversions, clippy :: cast_possible_truncation, reason =\n\""shift trait impls normalize counts to usize; checked conversions panic instead of truncating on narrow targets\"")]""},{""other"":""#[attr = Inline(Hint)]""},{""other"":""#[attr = TrackCaller]""}]"	"{""generics"":{""params"":[],""where_predicates"":[]},""header"":{""abi"":""Rust"",""is_async"":false,""is_const"":false,""is_unsafe"":false},""sig"":{""inputs"":[[""self"",{""borrowed_ref"":{""is_mutable"":true,""lifetime"":null,""type"":{""generic"":""Self""}}}],[""shift"",{""primitive"":""i16""}]],""is_c_variadic"":false,""output"":null}}"
arbi_anafis::ArbiUint	arbi_anafis::ArbiUint	trait	core::ops::bit::ShrAssign<i16>	trait_impl	ShrAssign	src/int/api/ops/shift.rs	348	[]	[]	"{""generics"":{""params"":[],""where_predicates"":[]},""is_negative"":false,""is_unsafe"":false,""provided_trait_methods"":[]}"
arbi_anafis::ArbiUint	arbi_anafis::ArbiUint	trait	core::ops::bit::ShrAssign<i32>	method	shr_assign	src/int/api/ops/shift.rs	348	[]	"[{""other"":""#[allow(clippy :: as_conversions, clippy :: cast_possible_truncation, reason =\n\""shift trait impls normalize counts to usize; checked conversions panic instead of truncating on narrow targets\"")]""},{""other"":""#[attr = Inline(Hint)]""},{""other"":""#[attr = TrackCaller]""}]"	"{""generics"":{""params"":[],""where_predicates"":[]},""header"":{""abi"":""Rust"",""is_async"":false,""is_const"":false,""is_unsafe"":false},""sig"":{""inputs"":[[""self"",{""borrowed_ref"":{""is_mutable"":true,""lifetime"":null,""type"":{""generic"":""Self""}}}],[""shift"",{""primitive"":""i32""}]],""is_c_variadic"":false,""output"":null}}"
arbi_anafis::ArbiUint	arbi_anafis::ArbiUint	trait	core::ops::bit::ShrAssign<i32>	trait_impl	ShrAssign	src/int/api/ops/shift.rs	348	[]	[]	"{""generics"":{""params"":[],""where_predicates"":[]},""is_negative"":false,""is_unsafe"":false,""provided_trait_methods"":[]}"
arbi_anafis::ArbiUint	arbi_anafis::ArbiUint	trait	core::ops::bit::ShrAssign<i64>	method	shr_assign	src/int/api/ops/shift.rs	348	[]	"[{""other"":""#[allow(clippy :: as_conversions, clippy :: cast_possible_truncation, reason =\n\""shift trait impls normalize counts to usize; checked conversions panic instead of truncating on narrow targets\"")]""},{""other"":""#[attr = Inline(Hint)]""},{""other"":""#[attr = TrackCaller]""}]"	"{""generics"":{""params"":[],""where_predicates"":[]},""header"":{""abi"":""Rust"",""is_async"":false,""is_const"":false,""is_unsafe"":false},""sig"":{""inputs"":[[""self"",{""borrowed_ref"":{""is_mutable"":true,""lifetime"":null,""type"":{""generic"":""Self""}}}],[""shift"",{""primitive"":""i64""}]],""is_c_variadic"":false,""output"":null}}"
arbi_anafis::ArbiUint	arbi_anafis::ArbiUint	trait	core::ops::bit::ShrAssign<i64>	trait_impl	ShrAssign	src/int/api/ops/shift.rs	348	[]	[]	"{""generics"":{""params"":[],""where_predicates"":[]},""is_negative"":false,""is_unsafe"":false,""provided_trait_methods"":[]}"
arbi_anafis::ArbiUint	arbi_anafis::ArbiUint	trait	core::ops::bit::ShrAssign<i8>	method	shr_assign	src/int/api/ops/shift.rs	348	[]	"[{""other"":""#[allow(clippy :: as_conversions, clippy :: cast_possible_truncation, reason =\n\""shift trait impls normalize counts to usize; checked conversions panic instead of truncating on narrow targets\"")]""},{""other"":""#[attr = Inline(Hint)]""},{""other"":""#[attr = TrackCaller]""}]"	"{""generics"":{""params"":[],""where_predicates"":[]},""header"":{""abi"":""Rust"",""is_async"":false,""is_const"":false,""is_unsafe"":false},""sig"":{""inputs"":[[""self"",{""borrowed_ref"":{""is_mutable"":true,""lifetime"":null,""type"":{""generic"":""Self""}}}],[""shift"",{""primitive"":""i8""}]],""is_c_variadic"":false,""output"":null}}"
arbi_anafis::ArbiUint	arbi_anafis::ArbiUint	trait	core::ops::bit::ShrAssign<i8>	trait_impl	ShrAssign	src/int/api/ops/shift.rs	348	[]	[]	"{""generics"":{""params"":[],""where_predicates"":[]},""is_negative"":false,""is_unsafe"":false,""provided_trait_methods"":[]}"
arbi_anafis::ArbiUint	arbi_anafis::ArbiUint	trait	core::ops::bit::ShrAssign<isize>	method	shr_assign	src/int/api/ops/shift.rs	348	[]	"[{""other"":""#[allow(clippy :: as_conversions, clippy :: cast_possible_truncation, reason =\n\""shift trait impls normalize counts to usize; checked conversions panic instead of truncating on narrow targets\"")]""},{""other"":""#[attr = Inline(Hint)]""},{""other"":""#[attr = TrackCaller]""}]"	"{""generics"":{""params"":[],""where_predicates"":[]},""header"":{""abi"":""Rust"",""is_async"":false,""is_const"":false,""is_unsafe"":false},""sig"":{""inputs"":[[""self"",{""borrowed_ref"":{""is_mutable"":true,""lifetime"":null,""type"":{""generic"":""Self""}}}],[""shift"",{""primitive"":""isize""}]],""is_c_variadic"":false,""output"":null}}"
arbi_anafis::ArbiUint	arbi_anafis::ArbiUint	trait	core::ops::bit::ShrAssign<isize>	trait_impl	ShrAssign	src/int/api/ops/shift.rs	348	[]	[]	"{""generics"":{""params"":[],""where_predicates"":[]},""is_negative"":false,""is_unsafe"":false,""provided_trait_methods"":[]}"
arbi_anafis::ArbiUint	arbi_anafis::ArbiUint	trait	core::ops::bit::ShrAssign<u128>	method	shr_assign	src/int/api/ops/shift.rs	348	[]	"[{""other"":""#[allow(clippy :: as_conversions, clippy :: cast_possible_truncation, reason =\n\""shift trait impls normalize counts to usize; checked conversions panic instead of truncating on narrow targets\"")]""},{""other"":""#[attr = Inline(Hint)]""},{""other"":""#[attr = TrackCaller]""}]"	"{""generics"":{""params"":[],""where_predicates"":[]},""header"":{""abi"":""Rust"",""is_async"":false,""is_const"":false,""is_unsafe"":false},""sig"":{""inputs"":[[""self"",{""borrowed_ref"":{""is_mutable"":true,""lifetime"":null,""type"":{""generic"":""Self""}}}],[""shift"",{""primitive"":""u128""}]],""is_c_variadic"":false,""output"":null}}"
arbi_anafis::ArbiUint	arbi_anafis::ArbiUint	trait	core::ops::bit::ShrAssign<u128>	trait_impl	ShrAssign	src/int/api/ops/shift.rs	348	[]	[]	"{""generics"":{""params"":[],""where_predicates"":[]},""is_negative"":false,""is_unsafe"":false,""provided_trait_methods"":[]}"
arbi_anafis::ArbiUint	arbi_anafis::ArbiUint	trait	core::ops::bit::ShrAssign<u16>	method	shr_assign	src/int/api/ops/shift.rs	348	[]	"[{""other"":""#[allow(clippy :: as_conversions, clippy :: cast_possible_truncation, reason =\n\""shift trait impls normalize counts to usize; checked conversions panic instead of truncating on narrow targets\"")]""},{""other"":""#[attr = Inline(Hint)]""},{""other"":""#[attr = TrackCaller]""}]"	"{""generics"":{""params"":[],""where_predicates"":[]},""header"":{""abi"":""Rust"",""is_async"":false,""is_const"":false,""is_unsafe"":false},""sig"":{""inputs"":[[""self"",{""borrowed_ref"":{""is_mutable"":true,""lifetime"":null,""type"":{""generic"":""Self""}}}],[""shift"",{""primitive"":""u16""}]],""is_c_variadic"":false,""output"":null}}"
arbi_anafis::ArbiUint	arbi_anafis::ArbiUint	trait	core::ops::bit::ShrAssign<u16>	trait_impl	ShrAssign	src/int/api/ops/shift.rs	348	[]	[]	"{""generics"":{""params"":[],""where_predicates"":[]},""is_negative"":false,""is_unsafe"":false,""provided_trait_methods"":[]}"
arbi_anafis::ArbiUint	arbi_anafis::ArbiUint	trait	core::ops::bit::ShrAssign<u32>	method	shr_assign	src/int/api/ops/shift.rs	348	[]	"[{""other"":""#[allow(clippy :: as_conversions, clippy :: cast_possible_truncation, reason =\n\""shift trait impls normalize counts to usize; checked conversions panic instead of truncating on narrow targets\"")]""},{""other"":""#[attr = Inline(Hint)]""},{""other"":""#[attr = TrackCaller]""}]"	"{""generics"":{""params"":[],""where_predicates"":[]},""header"":{""abi"":""Rust"",""is_async"":false,""is_const"":false,""is_unsafe"":false},""sig"":{""inputs"":[[""self"",{""borrowed_ref"":{""is_mutable"":true,""lifetime"":null,""type"":{""generic"":""Self""}}}],[""shift"",{""primitive"":""u32""}]],""is_c_variadic"":false,""output"":null}}"
arbi_anafis::ArbiUint	arbi_anafis::ArbiUint	trait	core::ops::bit::ShrAssign<u32>	trait_impl	ShrAssign	src/int/api/ops/shift.rs	348	[]	[]	"{""generics"":{""params"":[],""where_predicates"":[]},""is_negative"":false,""is_unsafe"":false,""provided_trait_methods"":[]}"
arbi_anafis::ArbiUint	arbi_anafis::ArbiUint	trait	core::ops::bit::ShrAssign<u64>	method	shr_assign	src/int/api/ops/shift.rs	348	[]	"[{""other"":""#[allow(clippy :: as_conversions, clippy :: cast_possible_truncation, reason =\n\""shift trait impls normalize counts to usize; checked conversions panic instead of truncating on narrow targets\"")]""},{""other"":""#[attr = Inline(Hint)]""},{""other"":""#[attr = TrackCaller]""}]"	"{""generics"":{""params"":[],""where_predicates"":[]},""header"":{""abi"":""Rust"",""is_async"":false,""is_const"":false,""is_unsafe"":false},""sig"":{""inputs"":[[""self"",{""borrowed_ref"":{""is_mutable"":true,""lifetime"":null,""type"":{""generic"":""Self""}}}],[""shift"",{""primitive"":""u64""}]],""is_c_variadic"":false,""output"":null}}"
arbi_anafis::ArbiUint	arbi_anafis::ArbiUint	trait	core::ops::bit::ShrAssign<u64>	trait_impl	ShrAssign	src/int/api/ops/shift.rs	348	[]	[]	"{""generics"":{""params"":[],""where_predicates"":[]},""is_negative"":false,""is_unsafe"":false,""provided_trait_methods"":[]}"
arbi_anafis::ArbiUint	arbi_anafis::ArbiUint	trait	core::ops::bit::ShrAssign<u8>	method	shr_assign	src/int/api/ops/shift.rs	348	[]	"[{""other"":""#[allow(clippy :: as_conversions, clippy :: cast_possible_truncation, reason =\n\""shift trait impls normalize counts to usize; checked conversions panic instead of truncating on narrow targets\"")]""},{""other"":""#[attr = Inline(Hint)]""},{""other"":""#[attr = TrackCaller]""}]"	"{""generics"":{""params"":[],""where_predicates"":[]},""header"":{""abi"":""Rust"",""is_async"":false,""is_const"":false,""is_unsafe"":false},""sig"":{""inputs"":[[""self"",{""borrowed_ref"":{""is_mutable"":true,""lifetime"":null,""type"":{""generic"":""Self""}}}],[""shift"",{""primitive"":""u8""}]],""is_c_variadic"":false,""output"":null}}"
arbi_anafis::ArbiUint	arbi_anafis::ArbiUint	trait	core::ops::bit::ShrAssign<u8>	trait_impl	ShrAssign	src/int/api/ops/shift.rs	348	[]	[]	"{""generics"":{""params"":[],""where_predicates"":[]},""is_negative"":false,""is_unsafe"":false,""provided_trait_methods"":[]}"
arbi_anafis::ArbiUint	arbi_anafis::ArbiUint	trait	core::ops::bit::ShrAssign<usize>	method	shr_assign	src/int/api/ops/shift.rs	348	[]	"[{""other"":""#[allow(clippy :: as_conversions, clippy :: cast_possible_truncation, reason =\n\""shift trait impls normalize counts to usize; checked conversions panic instead of truncating on narrow targets\"")]""},{""other"":""#[attr = Inline(Hint)]""},{""other"":""#[attr = TrackCaller]""}]"	"{""generics"":{""params"":[],""where_predicates"":[]},""header"":{""abi"":""Rust"",""is_async"":false,""is_const"":false,""is_unsafe"":false},""sig"":{""inputs"":[[""self"",{""borrowed_ref"":{""is_mutable"":true,""lifetime"":null,""type"":{""generic"":""Self""}}}],[""shift"",{""primitive"":""usize""}]],""is_c_variadic"":false,""output"":null}}"
arbi_anafis::ArbiUint	arbi_anafis::ArbiUint	trait	core::ops::bit::ShrAssign<usize>	trait_impl	ShrAssign	src/int/api/ops/shift.rs	348	[]	[]	"{""generics"":{""params"":[],""where_predicates"":[]},""is_negative"":false,""is_unsafe"":false,""provided_trait_methods"":[]}"
arbi_anafis::ArbiUint	arbi_anafis::ArbiUint	trait	core::str::traits::FromStr	assoc_type	Err	src/int/api/string.rs	107	[]	[]	"{""bounds"":[],""default_unstable"":null,""generics"":{""params"":[],""where_predicates"":[]},""type"":{""resolved_path"":{""args"":null,""path"":""arbi_anafis::ParseArbiUintError""}}}"
arbi_anafis::ArbiUint	arbi_anafis::ArbiUint	trait	core::str::traits::FromStr	associated_function	from_str	src/int/api/string.rs	108	[]	[]	"{""generics"":{""params"":[],""where_predicates"":[]},""header"":{""abi"":""Rust"",""is_async"":false,""is_const"":false,""is_unsafe"":false},""sig"":{""inputs"":[[""s"",{""borrowed_ref"":{""is_mutable"":false,""lifetime"":null,""type"":{""primitive"":""str""}}}]],""is_c_variadic"":false,""output"":{""resolved_path"":{""args"":{""angle_bracketed"":{""args"":[{""type"":{""generic"":""Self""}},{""type"":{""qualified_path"":{""args"":null,""name"":""Err"",""self_type"":{""generic"":""Self""},""trait"":{""args"":null,""path"":""core::str::traits::FromStr""}}}}],""constraints"":[]}},""path"":""core::result::Result""}}}}"
arbi_anafis::ArbiUint	arbi_anafis::ArbiUint	trait	core::str::traits::FromStr	trait_impl	FromStr	src/int/api/string.rs	106	[]	[]	"{""generics"":{""params"":[],""where_predicates"":[]},""is_negative"":false,""is_unsafe"":false,""provided_trait_methods"":[]}"
arbi_anafis::ArbiUint	arbi_anafis::ArbiUint	trait	num_traits::Num	assoc_type	FromStrRadixErr	src/int/api/num_traits.rs	48	"[{""other"":""#[attr = CfgTrace([NameValue { name: \""feature\"", value: Some(\""num-traits\""), span: src/int/api/mod.rs:13:7: 13:29 (#0) },\nNameValue { name: \""feature\"", value: Some(\""num-traits\""), span: src/int/api/num_traits.rs:3:8: 3:30 (#0) }])]""}]"	[]	"{""bounds"":[],""default_unstable"":null,""generics"":{""params"":[],""where_predicates"":[]},""type"":{""resolved_path"":{""args"":null,""path"":""arbi_anafis::ParseArbiUintError""}}}"
arbi_anafis::ArbiUint	arbi_anafis::ArbiUint	trait	num_traits::Num	associated_function	from_str_radix	src/int/api/num_traits.rs	49	"[{""other"":""#[attr = CfgTrace([NameValue { name: \""feature\"", value: Some(\""num-traits\""), span: src/int/api/mod.rs:13:7: 13:29 (#0) },\nNameValue { name: \""feature\"", value: Some(\""num-traits\""), span: src/int/api/num_traits.rs:3:8: 3:30 (#0) }])]""}]"	[]	"{""generics"":{""params"":[],""where_predicates"":[]},""header"":{""abi"":""Rust"",""is_async"":false,""is_const"":false,""is_unsafe"":false},""sig"":{""inputs"":[[""str"",{""borrowed_ref"":{""is_mutable"":false,""lifetime"":null,""type"":{""primitive"":""str""}}}],[""radix"",{""primitive"":""u32""}]],""is_c_variadic"":false,""output"":{""resolved_path"":{""args"":{""angle_bracketed"":{""args"":[{""type"":{""generic"":""Self""}},{""type"":{""qualified_path"":{""args"":null,""name"":""FromStrRadixErr"",""self_type"":{""generic"":""Self""},""trait"":{""args"":null,""path"":""num_traits::Num""}}}}],""constraints"":[]}},""path"":""core::result::Result""}}}}"
arbi_anafis::ArbiUint	arbi_anafis::ArbiUint	trait	num_traits::Num	trait_impl	Num	src/int/api/num_traits.rs	47	"[{""other"":""#[attr = CfgTrace([NameValue { name: \""feature\"", value: Some(\""num-traits\""), span: src/int/api/mod.rs:13:7: 13:29 (#0) },\nNameValue { name: \""feature\"", value: Some(\""num-traits\""), span: src/int/api/num_traits.rs:3:8: 3:30 (#0) }])]""}]"	[]	"{""generics"":{""params"":[],""where_predicates"":[]},""is_negative"":false,""is_unsafe"":false,""provided_trait_methods"":[]}"
arbi_anafis::ArbiUint	arbi_anafis::ArbiUint	trait	num_traits::cast::FromPrimitive	associated_function	from_i128	src/int/api/num_traits.rs	161	"[{""other"":""#[attr = CfgTrace([NameValue { name: \""feature\"", value: Some(\""num-traits\""), span: src/int/api/mod.rs:13:7: 13:29 (#0) },\nNameValue { name: \""feature\"", value: Some(\""num-traits\""), span: src/int/api/num_traits.rs:3:8: 3:30 (#0) }])]""}]"	"[{""other"":""#[attr = Inline(Hint)]""}]"	"{""generics"":{""params"":[],""where_predicates"":[]},""header"":{""abi"":""Rust"",""is_async"":false,""is_const"":false,""is_unsafe"":false},""sig"":{""inputs"":[[""n"",{""primitive"":""i128""}]],""is_c_variadic"":false,""output"":{""resolved_path"":{""args"":{""angle_bracketed"":{""args"":[{""type"":{""generic"":""Self""}}],""constraints"":[]}},""path"":""core::option::Option""}}}}"
arbi_anafis::ArbiUint	arbi_anafis::ArbiUint	trait	num_traits::cast::FromPrimitive	associated_function	from_i64	src/int/api/num_traits.rs	157	"[{""other"":""#[attr = CfgTrace([NameValue { name: \""feature\"", value: Some(\""num-traits\""), span: src/int/api/mod.rs:13:7: 13:29 (#0) },\nNameValue { name: \""feature\"", value: Some(\""num-traits\""), span: src/int/api/num_traits.rs:3:8: 3:30 (#0) }])]""}]"	"[{""other"":""#[attr = Inline(Hint)]""}]"	"{""generics"":{""params"":[],""where_predicates"":[]},""header"":{""abi"":""Rust"",""is_async"":false,""is_const"":false,""is_unsafe"":false},""sig"":{""inputs"":[[""n"",{""primitive"":""i64""}]],""is_c_variadic"":false,""output"":{""resolved_path"":{""args"":{""angle_bracketed"":{""args"":[{""type"":{""generic"":""Self""}}],""constraints"":[]}},""path"":""core::option::Option""}}}}"
arbi_anafis::ArbiUint	arbi_anafis::ArbiUint	trait	num_traits::cast::FromPrimitive	associated_function	from_isize	src/int/api/num_traits.rs	165	"[{""other"":""#[attr = CfgTrace([NameValue { name: \""feature\"", value: Some(\""num-traits\""), span: src/int/api/mod.rs:13:7: 13:29 (#0) },\nNameValue { name: \""feature\"", value: Some(\""num-traits\""), span: src/int/api/num_traits.rs:3:8: 3:30 (#0) }])]""}]"	"[{""other"":""#[attr = Inline(Hint)]""}]"	"{""generics"":{""params"":[],""where_predicates"":[]},""header"":{""abi"":""Rust"",""is_async"":false,""is_const"":false,""is_unsafe"":false},""sig"":{""inputs"":[[""n"",{""primitive"":""isize""}]],""is_c_variadic"":false,""output"":{""resolved_path"":{""args"":{""angle_bracketed"":{""args"":[{""type"":{""generic"":""Self""}}],""constraints"":[]}},""path"":""core::option::Option""}}}}"
arbi_anafis::ArbiUint	arbi_anafis::ArbiUint	trait	num_traits::cast::FromPrimitive	associated_function	from_u128	src/int/api/num_traits.rs	149	"[{""other"":""#[attr = CfgTrace([NameValue { name: \""feature\"", value: Some(\""num-traits\""), span: src/int/api/mod.rs:13:7: 13:29 (#0) },\nNameValue { name: \""feature\"", value: Some(\""num-traits\""), span: src/int/api/num_traits.rs:3:8: 3:30 (#0) }])]""}]"	"[{""other"":""#[attr = Inline(Hint)]""}]"	"{""generics"":{""params"":[],""where_predicates"":[]},""header"":{""abi"":""Rust"",""is_async"":false,""is_const"":false,""is_unsafe"":false},""sig"":{""inputs"":[[""n"",{""primitive"":""u128""}]],""is_c_variadic"":false,""output"":{""resolved_path"":{""args"":{""angle_bracketed"":{""args"":[{""type"":{""generic"":""Self""}}],""constraints"":[]}},""path"":""core::option::Option""}}}}"
arbi_anafis::ArbiUint	arbi_anafis::ArbiUint	trait	num_traits::cast::FromPrimitive	associated_function	from_u64	src/int/api/num_traits.rs	145	"[{""other"":""#[attr = CfgTrace([NameValue { name: \""feature\"", value: Some(\""num-traits\""), span: src/int/api/mod.rs:13:7: 13:29 (#0) },\nNameValue { name: \""feature\"", value: Some(\""num-traits\""), span: src/int/api/num_traits.rs:3:8: 3:30 (#0) }])]""}]"	"[{""other"":""#[attr = Inline(Hint)]""}]"	"{""generics"":{""params"":[],""where_predicates"":[]},""header"":{""abi"":""Rust"",""is_async"":false,""is_const"":false,""is_unsafe"":false},""sig"":{""inputs"":[[""n"",{""primitive"":""u64""}]],""is_c_variadic"":false,""output"":{""resolved_path"":{""args"":{""angle_bracketed"":{""args"":[{""type"":{""generic"":""Self""}}],""constraints"":[]}},""path"":""core::option::Option""}}}}"
arbi_anafis::ArbiUint	arbi_anafis::ArbiUint	trait	num_traits::cast::FromPrimitive	associated_function	from_usize	src/int/api/num_traits.rs	153	"[{""other"":""#[attr = CfgTrace([NameValue { name: \""feature\"", value: Some(\""num-traits\""), span: src/int/api/mod.rs:13:7: 13:29 (#0) },\nNameValue { name: \""feature\"", value: Some(\""num-traits\""), span: src/int/api/num_traits.rs:3:8: 3:30 (#0) }])]""}]"	"[{""other"":""#[attr = Inline(Hint)]""}]"	"{""generics"":{""params"":[],""where_predicates"":[]},""header"":{""abi"":""Rust"",""is_async"":false,""is_const"":false,""is_unsafe"":false},""sig"":{""inputs"":[[""n"",{""primitive"":""usize""}]],""is_c_variadic"":false,""output"":{""resolved_path"":{""args"":{""angle_bracketed"":{""args"":[{""type"":{""generic"":""Self""}}],""constraints"":[]}},""path"":""core::option::Option""}}}}"
arbi_anafis::ArbiUint	arbi_anafis::ArbiUint	trait	num_traits::cast::FromPrimitive	trait_impl	FromPrimitive	src/int/api/num_traits.rs	143	"[{""other"":""#[attr = CfgTrace([NameValue { name: \""feature\"", value: Some(\""num-traits\""), span: src/int/api/mod.rs:13:7: 13:29 (#0) },\nNameValue { name: \""feature\"", value: Some(\""num-traits\""), span: src/int/api/num_traits.rs:3:8: 3:30 (#0) }])]""}]"	[]	"{""generics"":{""params"":[],""where_predicates"":[]},""is_negative"":false,""is_unsafe"":false,""provided_trait_methods"":[""from_f32"",""from_f64"",""from_i128"",""from_i16"",""from_i32"",""from_i8"",""from_isize"",""from_u128"",""from_u16"",""from_u32"",""from_u8"",""from_usize""]}"
arbi_anafis::ArbiUint	arbi_anafis::ArbiUint	trait	num_traits::cast::ToPrimitive	method	to_f32	src/int/api/num_traits.rs	103	"[{""other"":""#[attr = CfgTrace([NameValue { name: \""feature\"", value: Some(\""num-traits\""), span: src/int/api/mod.rs:13:7: 13:29 (#0) },\nNameValue { name: \""feature\"", value: Some(\""num-traits\""), span: src/int/api/num_traits.rs:3:8: 3:30 (#0) }])]""}]"	[]	"{""generics"":{""params"":[],""where_predicates"":[]},""header"":{""abi"":""Rust"",""is_async"":false,""is_const"":false,""is_unsafe"":false},""sig"":{""inputs"":[[""self"",{""borrowed_ref"":{""is_mutable"":false,""lifetime"":null,""type"":{""generic"":""Self""}}}]],""is_c_variadic"":false,""output"":{""resolved_path"":{""args"":{""angle_bracketed"":{""args"":[{""type"":{""primitive"":""f32""}}],""constraints"":[]}},""path"":""core::option::Option""}}}}"
arbi_anafis::ArbiUint	arbi_anafis::ArbiUint	trait	num_traits::cast::ToPrimitive	method	to_f64	src/int/api/num_traits.rs	100	"[{""other"":""#[attr = CfgTrace([NameValue { name: \""feature\"", value: Some(\""num-traits\""), span: src/int/api/mod.rs:13:7: 13:29 (#0) },\nNameValue { name: \""feature\"", value: Some(\""num-traits\""), span: src/int/api/num_traits.rs:3:8: 3:30 (#0) }])]""}]"	[]	"{""generics"":{""params"":[],""where_predicates"":[]},""header"":{""abi"":""Rust"",""is_async"":false,""is_const"":false,""is_unsafe"":false},""sig"":{""inputs"":[[""self"",{""borrowed_ref"":{""is_mutable"":false,""lifetime"":null,""type"":{""generic"":""Self""}}}]],""is_c_variadic"":false,""output"":{""resolved_path"":{""args"":{""angle_bracketed"":{""args"":[{""type"":{""primitive"":""f64""}}],""constraints"":[]}},""path"":""core::option::Option""}}}}"
arbi_anafis::ArbiUint	arbi_anafis::ArbiUint	trait	num_traits::cast::ToPrimitive	method	to_i128	src/int/api/num_traits.rs	94	"[{""other"":""#[attr = CfgTrace([NameValue { name: \""feature\"", value: Some(\""num-traits\""), span: src/int/api/mod.rs:13:7: 13:29 (#0) },\nNameValue { name: \""feature\"", value: Some(\""num-traits\""), span: src/int/api/num_traits.rs:3:8: 3:30 (#0) }])]""}]"	[]	"{""generics"":{""params"":[],""where_predicates"":[]},""header"":{""abi"":""Rust"",""is_async"":false,""is_const"":false,""is_unsafe"":false},""sig"":{""inputs"":[[""self"",{""borrowed_ref"":{""is_mutable"":false,""lifetime"":null,""type"":{""generic"":""Self""}}}]],""is_c_variadic"":false,""output"":{""resolved_path"":{""args"":{""angle_bracketed"":{""args"":[{""type"":{""primitive"":""i128""}}],""constraints"":[]}},""path"":""core::option::Option""}}}}"
arbi_anafis::ArbiUint	arbi_anafis::ArbiUint	trait	num_traits::cast::ToPrimitive	method	to_i64	src/int/api/num_traits.rs	91	"[{""other"":""#[attr = CfgTrace([NameValue { name: \""feature\"", value: Some(\""num-traits\""), span: src/int/api/mod.rs:13:7: 13:29 (#0) },\nNameValue { name: \""feature\"", value: Some(\""num-traits\""), span: src/int/api/num_traits.rs:3:8: 3:30 (#0) }])]""}]"	[]	"{""generics"":{""params"":[],""where_predicates"":[]},""header"":{""abi"":""Rust"",""is_async"":false,""is_const"":false,""is_unsafe"":false},""sig"":{""inputs"":[[""self"",{""borrowed_ref"":{""is_mutable"":false,""lifetime"":null,""type"":{""generic"":""Self""}}}]],""is_c_variadic"":false,""output"":{""resolved_path"":{""args"":{""angle_bracketed"":{""args"":[{""type"":{""primitive"":""i64""}}],""constraints"":[]}},""path"":""core::option::Option""}}}}"
arbi_anafis::ArbiUint	arbi_anafis::ArbiUint	trait	num_traits::cast::ToPrimitive	method	to_isize	src/int/api/num_traits.rs	97	"[{""other"":""#[attr = CfgTrace([NameValue { name: \""feature\"", value: Some(\""num-traits\""), span: src/int/api/mod.rs:13:7: 13:29 (#0) },\nNameValue { name: \""feature\"", value: Some(\""num-traits\""), span: src/int/api/num_traits.rs:3:8: 3:30 (#0) }])]""}]"	[]	"{""generics"":{""params"":[],""where_predicates"":[]},""header"":{""abi"":""Rust"",""is_async"":false,""is_const"":false,""is_unsafe"":false},""sig"":{""inputs"":[[""self"",{""borrowed_ref"":{""is_mutable"":false,""lifetime"":null,""type"":{""generic"":""Self""}}}]],""is_c_variadic"":false,""output"":{""resolved_path"":{""args"":{""angle_bracketed"":{""args"":[{""type"":{""primitive"":""isize""}}],""constraints"":[]}},""path"":""core::option::Option""}}}}"
arbi_anafis::ArbiUint	arbi_anafis::ArbiUint	trait	num_traits::cast::ToPrimitive	method	to_u128	src/int/api/num_traits.rs	85	"[{""other"":""#[attr = CfgTrace([NameValue { name: \""feature\"", value: Some(\""num-traits\""), span: src/int/api/mod.rs:13:7: 13:29 (#0) },\nNameValue { name: \""feature\"", value: Some(\""num-traits\""), span: src/int/api/num_traits.rs:3:8: 3:30 (#0) }])]""}]"	[]	"{""generics"":{""params"":[],""where_predicates"":[]},""header"":{""abi"":""Rust"",""is_async"":false,""is_const"":false,""is_unsafe"":false},""sig"":{""inputs"":[[""self"",{""borrowed_ref"":{""is_mutable"":false,""lifetime"":null,""type"":{""generic"":""Self""}}}]],""is_c_variadic"":false,""output"":{""resolved_path"":{""args"":{""angle_bracketed"":{""args"":[{""type"":{""primitive"":""u128""}}],""constraints"":[]}},""path"":""core::option::Option""}}}}"
arbi_anafis::ArbiUint	arbi_anafis::ArbiUint	trait	num_traits::cast::ToPrimitive	method	to_u64	src/int/api/num_traits.rs	82	"[{""other"":""#[attr = CfgTrace([NameValue { name: \""feature\"", value: Some(\""num-traits\""), span: src/int/api/mod.rs:13:7: 13:29 (#0) },\nNameValue { name: \""feature\"", value: Some(\""num-traits\""), span: src/int/api/num_traits.rs:3:8: 3:30 (#0) }])]""}]"	[]	"{""generics"":{""params"":[],""where_predicates"":[]},""header"":{""abi"":""Rust"",""is_async"":false,""is_const"":false,""is_unsafe"":false},""sig"":{""inputs"":[[""self"",{""borrowed_ref"":{""is_mutable"":false,""lifetime"":null,""type"":{""generic"":""Self""}}}]],""is_c_variadic"":false,""output"":{""resolved_path"":{""args"":{""angle_bracketed"":{""args"":[{""type"":{""primitive"":""u64""}}],""constraints"":[]}},""path"":""core::option::Option""}}}}"
arbi_anafis::ArbiUint	arbi_anafis::ArbiUint	trait	num_traits::cast::ToPrimitive	method	to_usize	src/int/api/num_traits.rs	88	"[{""other"":""#[attr = CfgTrace([NameValue { name: \""feature\"", value: Some(\""num-traits\""), span: src/int/api/mod.rs:13:7: 13:29 (#0) },\nNameValue { name: \""feature\"", value: Some(\""num-traits\""), span: src/int/api/num_traits.rs:3:8: 3:30 (#0) }])]""}]"	[]	"{""generics"":{""params"":[],""where_predicates"":[]},""header"":{""abi"":""Rust"",""is_async"":false,""is_const"":false,""is_unsafe"":false},""sig"":{""inputs"":[[""self"",{""borrowed_ref"":{""is_mutable"":false,""lifetime"":null,""type"":{""generic"":""Self""}}}]],""is_c_variadic"":false,""output"":{""resolved_path"":{""args"":{""angle_bracketed"":{""args"":[{""type"":{""primitive"":""usize""}}],""constraints"":[]}},""path"":""core::option::Option""}}}}"
arbi_anafis::ArbiUint	arbi_anafis::ArbiUint	trait	num_traits::cast::ToPrimitive	trait_impl	ToPrimitive	src/int/api/num_traits.rs	81	"[{""other"":""#[attr = CfgTrace([NameValue { name: \""feature\"", value: Some(\""num-traits\""), span: src/int/api/mod.rs:13:7: 13:29 (#0) },\nNameValue { name: \""feature\"", value: Some(\""num-traits\""), span: src/int/api/num_traits.rs:3:8: 3:30 (#0) }])]""}]"	[]	"{""generics"":{""params"":[],""where_predicates"":[]},""is_negative"":false,""is_unsafe"":false,""provided_trait_methods"":[""to_f32"",""to_f64"",""to_i128"",""to_i16"",""to_i32"",""to_i8"",""to_isize"",""to_u128"",""to_u16"",""to_u32"",""to_u8"",""to_usize""]}"
arbi_anafis::ArbiUint	arbi_anafis::ArbiUint	trait	num_traits::identities::One	associated_function	one	src/int/api/num_traits.rs	30	"[{""other"":""#[attr = CfgTrace([NameValue { name: \""feature\"", value: Some(\""num-traits\""), span: src/int/api/mod.rs:13:7: 13:29 (#0) },\nNameValue { name: \""feature\"", value: Some(\""num-traits\""), span: src/int/api/num_traits.rs:3:8: 3:30 (#0) }])]""}]"	[]	"{""generics"":{""params"":[],""where_predicates"":[]},""header"":{""abi"":""Rust"",""is_async"":false,""is_const"":false,""is_unsafe"":false},""sig"":{""inputs"":[],""is_c_variadic"":false,""output"":{""generic"":""Self""}}}"
arbi_anafis::ArbiUint	arbi_anafis::ArbiUint	trait	num_traits::identities::One	method	is_one	src/int/api/num_traits.rs	33	"[{""other"":""#[attr = CfgTrace([NameValue { name: \""feature\"", value: Some(\""num-traits\""), span: src/int/api/mod.rs:13:7: 13:29 (#0) },\nNameValue { name: \""feature\"", value: Some(\""num-traits\""), span: src/int/api/num_traits.rs:3:8: 3:30 (#0) }])]""}]"	[]	"{""generics"":{""params"":[],""where_predicates"":[]},""header"":{""abi"":""Rust"",""is_async"":false,""is_const"":false,""is_unsafe"":false},""sig"":{""inputs"":[[""self"",{""borrowed_ref"":{""is_mutable"":false,""lifetime"":null,""type"":{""generic"":""Self""}}}]],""is_c_variadic"":false,""output"":{""primitive"":""bool""}}}"
arbi_anafis::ArbiUint	arbi_anafis::ArbiUint	trait	num_traits::identities::One	trait_impl	One	src/int/api/num_traits.rs	29	"[{""other"":""#[attr = CfgTrace([NameValue { name: \""feature\"", value: Some(\""num-traits\""), span: src/int/api/mod.rs:13:7: 13:29 (#0) },\nNameValue { name: \""feature\"", value: Some(\""num-traits\""), span: src/int/api/num_traits.rs:3:8: 3:30 (#0) }])]""}]"	[]	"{""generics"":{""params"":[],""where_predicates"":[]},""is_negative"":false,""is_unsafe"":false,""provided_trait_methods"":[""is_one"",""set_one""]}"
arbi_anafis::ArbiUint	arbi_anafis::ArbiUint	trait	num_traits::identities::Zero	associated_function	zero	src/int/api/num_traits.rs	12	"[{""other"":""#[attr = CfgTrace([NameValue { name: \""feature\"", value: Some(\""num-traits\""), span: src/int/api/mod.rs:13:7: 13:29 (#0) },\nNameValue { name: \""feature\"", value: Some(\""num-traits\""), span: src/int/api/num_traits.rs:3:8: 3:30 (#0) }])]""}]"	[]	"{""generics"":{""params"":[],""where_predicates"":[]},""header"":{""abi"":""Rust"",""is_async"":false,""is_const"":false,""is_unsafe"":false},""sig"":{""inputs"":[],""is_c_variadic"":false,""output"":{""generic"":""Self""}}}"
arbi_anafis::ArbiUint	arbi_anafis::ArbiUint	trait	num_traits::identities::Zero	method	is_zero	src/int/api/num_traits.rs	15	"[{""other"":""#[attr = CfgTrace([NameValue { name: \""feature\"", value: Some(\""num-traits\""), span: src/int/api/mod.rs:13:7: 13:29 (#0) },\nNameValue { name: \""feature\"", value: Some(\""num-traits\""), span: src/int/api/num_traits.rs:3:8: 3:30 (#0) }])]""}]"	[]	"{""generics"":{""params"":[],""where_predicates"":[]},""header"":{""abi"":""Rust"",""is_async"":false,""is_const"":false,""is_unsafe"":false},""sig"":{""inputs"":[[""self"",{""borrowed_ref"":{""is_mutable"":false,""lifetime"":null,""type"":{""generic"":""Self""}}}]],""is_c_variadic"":false,""output"":{""primitive"":""bool""}}}"
arbi_anafis::ArbiUint	arbi_anafis::ArbiUint	trait	num_traits::identities::Zero	trait_impl	Zero	src/int/api/num_traits.rs	11	"[{""other"":""#[attr = CfgTrace([NameValue { name: \""feature\"", value: Some(\""num-traits\""), span: src/int/api/mod.rs:13:7: 13:29 (#0) },\nNameValue { name: \""feature\"", value: Some(\""num-traits\""), span: src/int/api/num_traits.rs:3:8: 3:30 (#0) }])]""}]"	[]	"{""generics"":{""params"":[],""where_predicates"":[]},""is_negative"":false,""is_unsafe"":false,""provided_trait_methods"":[""set_zero""]}"
arbi_anafis::ArbiUint	arbi_anafis::ArbiUint	trait	num_traits::sign::Unsigned	trait_impl	Unsigned	src/int/api/num_traits.rs	61	"[{""other"":""#[attr = CfgTrace([NameValue { name: \""feature\"", value: Some(\""num-traits\""), span: src/int/api/mod.rs:13:7: 13:29 (#0) },\nNameValue { name: \""feature\"", value: Some(\""num-traits\""), span: src/int/api/num_traits.rs:3:8: 3:30 (#0) }])]""}]"	[]	"{""generics"":{""params"":[],""where_predicates"":[]},""is_negative"":false,""is_unsafe"":false,""provided_trait_methods"":[]}"
arbi_anafis::ArbiUint	arbi_anafis::ArbiUint	type		struct	ArbiUint	src/int/api/types.rs	36	[]	[]	"{""generics"":{""params"":[],""where_predicates"":[]},""shape"":{""has_private_fields"":true,""kind"":""plain"",""public_fields"":[]}}"
arbi_anafis::ArbiUint	u128	trait	core::convert::TryFrom<arbi_anafis::ArbiUint>	assoc_type	Error	src/int/api/convert.rs	317	[]	[]	"{""bounds"":[],""default_unstable"":null,""generics"":{""params"":[],""where_predicates"":[]},""type"":{""resolved_path"":{""args"":null,""path"":""arbi_anafis::ArbiError""}}}"
arbi_anafis::ArbiUint	u128	trait	core::convert::TryFrom<arbi_anafis::ArbiUint>	associated_function	try_from	src/int/api/convert.rs	317	[]	[]	"{""generics"":{""params"":[],""where_predicates"":[]},""header"":{""abi"":""Rust"",""is_async"":false,""is_const"":false,""is_unsafe"":false},""sig"":{""inputs"":[[""value"",{""resolved_path"":{""args"":null,""path"":""arbi_anafis::ArbiUint""}}]],""is_c_variadic"":false,""output"":{""resolved_path"":{""args"":{""angle_bracketed"":{""args"":[{""type"":{""generic"":""Self""}},{""type"":{""qualified_path"":{""args"":null,""name"":""Error"",""self_type"":{""generic"":""Self""},""trait"":{""args"":null,""path"":""core::convert::TryFrom""}}}}],""constraints"":[]}},""path"":""core::result::Result""}}}}"
arbi_anafis::ArbiUint	u128	trait	core::convert::TryFrom<arbi_anafis::ArbiUint>	trait_impl	TryFrom	src/int/api/convert.rs	317	[]	[]	"{""generics"":{""params"":[],""where_predicates"":[]},""is_negative"":false,""is_unsafe"":false,""provided_trait_methods"":[]}"
arbi_anafis::ArbiUint	u16	trait	core::convert::TryFrom<arbi_anafis::ArbiUint>	assoc_type	Error	src/int/api/convert.rs	317	[]	[]	"{""bounds"":[],""default_unstable"":null,""generics"":{""params"":[],""where_predicates"":[]},""type"":{""resolved_path"":{""args"":null,""path"":""arbi_anafis::ArbiError""}}}"
arbi_anafis::ArbiUint	u16	trait	core::convert::TryFrom<arbi_anafis::ArbiUint>	associated_function	try_from	src/int/api/convert.rs	317	[]	[]	"{""generics"":{""params"":[],""where_predicates"":[]},""header"":{""abi"":""Rust"",""is_async"":false,""is_const"":false,""is_unsafe"":false},""sig"":{""inputs"":[[""value"",{""resolved_path"":{""args"":null,""path"":""arbi_anafis::ArbiUint""}}]],""is_c_variadic"":false,""output"":{""resolved_path"":{""args"":{""angle_bracketed"":{""args"":[{""type"":{""generic"":""Self""}},{""type"":{""qualified_path"":{""args"":null,""name"":""Error"",""self_type"":{""generic"":""Self""},""trait"":{""args"":null,""path"":""core::convert::TryFrom""}}}}],""constraints"":[]}},""path"":""core::result::Result""}}}}"
arbi_anafis::ArbiUint	u16	trait	core::convert::TryFrom<arbi_anafis::ArbiUint>	trait_impl	TryFrom	src/int/api/convert.rs	317	[]	[]	"{""generics"":{""params"":[],""where_predicates"":[]},""is_negative"":false,""is_unsafe"":false,""provided_trait_methods"":[]}"
arbi_anafis::ArbiUint	u32	trait	core::convert::TryFrom<arbi_anafis::ArbiUint>	assoc_type	Error	src/int/api/convert.rs	317	[]	[]	"{""bounds"":[],""default_unstable"":null,""generics"":{""params"":[],""where_predicates"":[]},""type"":{""resolved_path"":{""args"":null,""path"":""arbi_anafis::ArbiError""}}}"
arbi_anafis::ArbiUint	u32	trait	core::convert::TryFrom<arbi_anafis::ArbiUint>	associated_function	try_from	src/int/api/convert.rs	317	[]	[]	"{""generics"":{""params"":[],""where_predicates"":[]},""header"":{""abi"":""Rust"",""is_async"":false,""is_const"":false,""is_unsafe"":false},""sig"":{""inputs"":[[""value"",{""resolved_path"":{""args"":null,""path"":""arbi_anafis::ArbiUint""}}]],""is_c_variadic"":false,""output"":{""resolved_path"":{""args"":{""angle_bracketed"":{""args"":[{""type"":{""generic"":""Self""}},{""type"":{""qualified_path"":{""args"":null,""name"":""Error"",""self_type"":{""generic"":""Self""},""trait"":{""args"":null,""path"":""core::convert::TryFrom""}}}}],""constraints"":[]}},""path"":""core::result::Result""}}}}"
arbi_anafis::ArbiUint	u32	trait	core::convert::TryFrom<arbi_anafis::ArbiUint>	trait_impl	TryFrom	src/int/api/convert.rs	317	[]	[]	"{""generics"":{""params"":[],""where_predicates"":[]},""is_negative"":false,""is_unsafe"":false,""provided_trait_methods"":[]}"
arbi_anafis::ArbiUint	u64	trait	core::convert::TryFrom<arbi_anafis::ArbiUint>	assoc_type	Error	src/int/api/convert.rs	317	[]	[]	"{""bounds"":[],""default_unstable"":null,""generics"":{""params"":[],""where_predicates"":[]},""type"":{""resolved_path"":{""args"":null,""path"":""arbi_anafis::ArbiError""}}}"
arbi_anafis::ArbiUint	u64	trait	core::convert::TryFrom<arbi_anafis::ArbiUint>	associated_function	try_from	src/int/api/convert.rs	317	[]	[]	"{""generics"":{""params"":[],""where_predicates"":[]},""header"":{""abi"":""Rust"",""is_async"":false,""is_const"":false,""is_unsafe"":false},""sig"":{""inputs"":[[""value"",{""resolved_path"":{""args"":null,""path"":""arbi_anafis::ArbiUint""}}]],""is_c_variadic"":false,""output"":{""resolved_path"":{""args"":{""angle_bracketed"":{""args"":[{""type"":{""generic"":""Self""}},{""type"":{""qualified_path"":{""args"":null,""name"":""Error"",""self_type"":{""generic"":""Self""},""trait"":{""args"":null,""path"":""core::convert::TryFrom""}}}}],""constraints"":[]}},""path"":""core::result::Result""}}}}"
arbi_anafis::ArbiUint	u64	trait	core::convert::TryFrom<arbi_anafis::ArbiUint>	trait_impl	TryFrom	src/int/api/convert.rs	317	[]	[]	"{""generics"":{""params"":[],""where_predicates"":[]},""is_negative"":false,""is_unsafe"":false,""provided_trait_methods"":[]}"
arbi_anafis::ArbiUint	u8	trait	core::convert::TryFrom<arbi_anafis::ArbiUint>	assoc_type	Error	src/int/api/convert.rs	317	[]	[]	"{""bounds"":[],""default_unstable"":null,""generics"":{""params"":[],""where_predicates"":[]},""type"":{""resolved_path"":{""args"":null,""path"":""arbi_anafis::ArbiError""}}}"
arbi_anafis::ArbiUint	u8	trait	core::convert::TryFrom<arbi_anafis::ArbiUint>	associated_function	try_from	src/int/api/convert.rs	317	[]	[]	"{""generics"":{""params"":[],""where_predicates"":[]},""header"":{""abi"":""Rust"",""is_async"":false,""is_const"":false,""is_unsafe"":false},""sig"":{""inputs"":[[""value"",{""resolved_path"":{""args"":null,""path"":""arbi_anafis::ArbiUint""}}]],""is_c_variadic"":false,""output"":{""resolved_path"":{""args"":{""angle_bracketed"":{""args"":[{""type"":{""generic"":""Self""}},{""type"":{""qualified_path"":{""args"":null,""name"":""Error"",""self_type"":{""generic"":""Self""},""trait"":{""args"":null,""path"":""core::convert::TryFrom""}}}}],""constraints"":[]}},""path"":""core::result::Result""}}}}"
arbi_anafis::ArbiUint	u8	trait	core::convert::TryFrom<arbi_anafis::ArbiUint>	trait_impl	TryFrom	src/int/api/convert.rs	317	[]	[]	"{""generics"":{""params"":[],""where_predicates"":[]},""is_negative"":false,""is_unsafe"":false,""provided_trait_methods"":[]}"
arbi_anafis::ArbiUint	usize	trait	core::convert::TryFrom<arbi_anafis::ArbiUint>	assoc_type	Error	src/int/api/convert.rs	317	[]	[]	"{""bounds"":[],""default_unstable"":null,""generics"":{""params"":[],""where_predicates"":[]},""type"":{""resolved_path"":{""args"":null,""path"":""arbi_anafis::ArbiError""}}}"
arbi_anafis::ArbiUint	usize	trait	core::convert::TryFrom<arbi_anafis::ArbiUint>	associated_function	try_from	src/int/api/convert.rs	317	[]	[]	"{""generics"":{""params"":[],""where_predicates"":[]},""header"":{""abi"":""Rust"",""is_async"":false,""is_const"":false,""is_unsafe"":false},""sig"":{""inputs"":[[""value"",{""resolved_path"":{""args"":null,""path"":""arbi_anafis::ArbiUint""}}]],""is_c_variadic"":false,""output"":{""resolved_path"":{""args"":{""angle_bracketed"":{""args"":[{""type"":{""generic"":""Self""}},{""type"":{""qualified_path"":{""args"":null,""name"":""Error"",""self_type"":{""generic"":""Self""},""trait"":{""args"":null,""path"":""core::convert::TryFrom""}}}}],""constraints"":[]}},""path"":""core::result::Result""}}}}"
arbi_anafis::ArbiUint	usize	trait	core::convert::TryFrom<arbi_anafis::ArbiUint>	trait_impl	TryFrom	src/int/api/convert.rs	317	[]	[]	"{""generics"":{""params"":[],""where_predicates"":[]},""is_negative"":false,""is_unsafe"":false,""provided_trait_methods"":[]}"
arbi_anafis::ArbiUint;arbi_anafis::DebugVerbose	arbi_anafis::DebugVerbose<'_, arbi_anafis::ArbiUint>	trait	core::fmt::Debug	method	fmt	src/int/api/types.rs	62	[]	[]	"{""generics"":{""params"":[],""where_predicates"":[]},""header"":{""abi"":""Rust"",""is_async"":false,""is_const"":false,""is_unsafe"":false},""sig"":{""inputs"":[[""self"",{""borrowed_ref"":{""is_mutable"":false,""lifetime"":null,""type"":{""generic"":""Self""}}}],[""f"",{""borrowed_ref"":{""is_mutable"":true,""lifetime"":null,""type"":{""resolved_path"":{""args"":{""angle_bracketed"":{""args"":[{""lifetime"":""'_""}],""constraints"":[]}},""path"":""core::fmt::Formatter""}}}}]],""is_c_variadic"":false,""output"":{""resolved_path"":{""args"":null,""path"":""core::fmt::Result""}}}}"
arbi_anafis::ArbiUint;arbi_anafis::DebugVerbose	arbi_anafis::DebugVerbose<'_, arbi_anafis::ArbiUint>	trait	core::fmt::Debug	trait_impl	Debug	src/int/api/types.rs	61	[]	[]	"{""generics"":{""params"":[],""where_predicates"":[]},""is_negative"":false,""is_unsafe"":false,""provided_trait_methods"":[]}"
arbi_anafis::BoundedPrecision	arbi_anafis::BoundedPrecision	inherent		associated_function	new	src/int/api/precision.rs	32	[]	"[{""must_use"":{""reason"":null}}]"	"{""generics"":{""params"":[],""where_predicates"":[]},""header"":{""abi"":""Rust"",""is_async"":false,""is_const"":true,""is_unsafe"":false},""sig"":{""inputs"":[[""bits"",{""primitive"":""usize""}]],""is_c_variadic"":false,""output"":{""resolved_path"":{""args"":{""angle_bracketed"":{""args"":[{""type"":{""generic"":""Self""}}],""constraints"":[]}},""path"":""core::option::Option""}}}}"
arbi_anafis::BoundedPrecision	arbi_anafis::BoundedPrecision	inherent		method	get	src/int/api/precision.rs	45	[]	"[{""must_use"":{""reason"":null}}]"	"{""generics"":{""params"":[],""where_predicates"":[]},""header"":{""abi"":""Rust"",""is_async"":false,""is_const"":true,""is_unsafe"":false},""sig"":{""inputs"":[[""self"",{""generic"":""Self""}]],""is_c_variadic"":false,""output"":{""primitive"":""usize""}}}"
arbi_anafis::BoundedPrecision	arbi_anafis::BoundedPrecision	trait	core::clone::Clone	method	clone	src/int/api/precision.rs	23	[]	"[""automatically_derived"",{""other"":""#[attr = Inline(Hint)]""}]"	"{""generics"":{""params"":[],""where_predicates"":[]},""header"":{""abi"":""Rust"",""is_async"":false,""is_const"":false,""is_unsafe"":false},""sig"":{""inputs"":[[""self"",{""borrowed_ref"":{""is_mutable"":false,""lifetime"":null,""type"":{""generic"":""Self""}}}]],""is_c_variadic"":false,""output"":{""resolved_path"":{""args"":null,""path"":""arbi_anafis::BoundedPrecision""}}}}"
arbi_anafis::BoundedPrecision	arbi_anafis::BoundedPrecision	trait	core::clone::Clone	trait_impl	Clone	src/int/api/precision.rs	23	[]	"[""automatically_derived""]"	"{""generics"":{""params"":[],""where_predicates"":[]},""is_negative"":false,""is_unsafe"":false,""provided_trait_methods"":[""clone_from""]}"
arbi_anafis::BoundedPrecision	arbi_anafis::BoundedPrecision	trait	core::cmp::Eq	trait_impl	Eq	src/int/api/precision.rs	23	[]	"[""automatically_derived""]"	"{""generics"":{""params"":[],""where_predicates"":[]},""is_negative"":false,""is_unsafe"":false,""provided_trait_methods"":[""assert_fields_are_eq"",""assert_receiver_is_total_eq""]}"
arbi_anafis::BoundedPrecision	arbi_anafis::BoundedPrecision	trait	core::cmp::PartialEq	method	eq	src/int/api/precision.rs	23	[]	"[""automatically_derived"",{""other"":""#[attr = Inline(Hint)]""}]"	"{""generics"":{""params"":[],""where_predicates"":[]},""header"":{""abi"":""Rust"",""is_async"":false,""is_const"":false,""is_unsafe"":false},""sig"":{""inputs"":[[""self"",{""borrowed_ref"":{""is_mutable"":false,""lifetime"":null,""type"":{""generic"":""Self""}}}],[""other"",{""borrowed_ref"":{""is_mutable"":false,""lifetime"":null,""type"":{""resolved_path"":{""args"":null,""path"":""arbi_anafis::BoundedPrecision""}}}}]],""is_c_variadic"":false,""output"":{""primitive"":""bool""}}}"
arbi_anafis::BoundedPrecision	arbi_anafis::BoundedPrecision	trait	core::cmp::PartialEq	trait_impl	PartialEq	src/int/api/precision.rs	23	[]	"[""automatically_derived""]"	"{""generics"":{""params"":[],""where_predicates"":[]},""is_negative"":false,""is_unsafe"":false,""provided_trait_methods"":[""ne""]}"
arbi_anafis::BoundedPrecision	arbi_anafis::BoundedPrecision	trait	core::fmt::Debug	method	fmt	src/int/api/precision.rs	51	[]	[]	"{""generics"":{""params"":[],""where_predicates"":[]},""header"":{""abi"":""Rust"",""is_async"":false,""is_const"":false,""is_unsafe"":false},""sig"":{""inputs"":[[""self"",{""borrowed_ref"":{""is_mutable"":false,""lifetime"":null,""type"":{""generic"":""Self""}}}],[""formatter"",{""borrowed_ref"":{""is_mutable"":true,""lifetime"":null,""type"":{""resolved_path"":{""args"":{""angle_bracketed"":{""args"":[{""lifetime"":""'_""}],""constraints"":[]}},""path"":""core::fmt::Formatter""}}}}]],""is_c_variadic"":false,""output"":{""resolved_path"":{""args"":null,""path"":""core::fmt::Result""}}}}"
arbi_anafis::BoundedPrecision	arbi_anafis::BoundedPrecision	trait	core::fmt::Debug	trait_impl	Debug	src/int/api/precision.rs	50	[]	[]	"{""generics"":{""params"":[],""where_predicates"":[]},""is_negative"":false,""is_unsafe"":false,""provided_trait_methods"":[]}"
arbi_anafis::BoundedPrecision	arbi_anafis::BoundedPrecision	trait	core::hash::Hash	method	hash	src/int/api/precision.rs	23	[]	"[""automatically_derived"",{""other"":""#[attr = Inline(Hint)]""}]"	"{""generics"":{""params"":[{""kind"":{""type"":{""bounds"":[{""trait_bound"":{""generic_params"":[],""modifier"":""none"",""trait"":{""args"":null,""path"":""core::hash::Hasher""}}}],""default"":null,""is_synthetic"":false}},""name"":""__H""}],""where_predicates"":[]},""header"":{""abi"":""Rust"",""is_async"":false,""is_const"":false,""is_unsafe"":false},""sig"":{""inputs"":[[""self"",{""borrowed_ref"":{""is_mutable"":false,""lifetime"":null,""type"":{""generic"":""Self""}}}],[""state"",{""borrowed_ref"":{""is_mutable"":true,""lifetime"":null,""type"":{""generic"":""__H""}}}]],""is_c_variadic"":false,""output"":null}}"
arbi_anafis::BoundedPrecision	arbi_anafis::BoundedPrecision	trait	core::hash::Hash	trait_impl	Hash	src/int/api/precision.rs	23	[]	"[""automatically_derived""]"	"{""generics"":{""params"":[],""where_predicates"":[]},""is_negative"":false,""is_unsafe"":false,""provided_trait_methods"":[""hash_slice""]}"
arbi_anafis::BoundedPrecision	arbi_anafis::BoundedPrecision	trait	core::marker::Copy	trait_impl	Copy	src/int/api/precision.rs	23	[]	"[""automatically_derived""]"	"{""generics"":{""params"":[],""where_predicates"":[]},""is_negative"":false,""is_unsafe"":false,""provided_trait_methods"":[]}"
arbi_anafis::BoundedPrecision	arbi_anafis::BoundedPrecision	trait	core::marker::StructuralPartialEq	trait_impl	StructuralPartialEq	src/int/api/precision.rs	23	[]	"[""automatically_derived""]"	"{""generics"":{""params"":[],""where_predicates"":[]},""is_negative"":false,""is_unsafe"":false,""provided_trait_methods"":[]}"
arbi_anafis::BoundedPrecision	arbi_anafis::BoundedPrecision	type		struct	BoundedPrecision	src/int/api/precision.rs	25	[]	"[{""repr"":{""align"":null,""int"":null,""kind"":""transparent"",""packed"":null}}]"	"{""generics"":{""params"":[],""where_predicates"":[]},""shape"":{""has_private_fields"":true,""kind"":""tuple"",""public_fields"":[]}}"
arbi_anafis::DebugVerbose	arbi_anafis::DebugVerbose	type		field	0	src/int/api/types.rs	59	[]	[]	"{""borrowed_ref"":{""is_mutable"":false,""lifetime"":""'data"",""type"":{""generic"":""T""}}}"
arbi_anafis::DebugVerbose	arbi_anafis::DebugVerbose	type		struct	DebugVerbose	src/int/api/types.rs	59	[]	"[""non_exhaustive""]"	"{""generics"":{""params"":[{""kind"":{""lifetime"":{""outlives"":[]}},""name"":""'data""},{""kind"":{""type"":{""bounds"":[],""default"":null,""is_synthetic"":false}},""name"":""T""}],""where_predicates"":[]},""shape"":{""has_private_fields"":false,""kind"":""tuple"",""public_fields"":[{""name"":""0"",""type"":{""borrowed_ref"":{""is_mutable"":false,""lifetime"":""'data"",""type"":{""generic"":""T""}}}}]}}"
arbi_anafis::ParseArbiIntError	arbi_anafis::ParseArbiIntError	trait	core::clone::Clone	method	clone	src/error.rs	105	[]	"[""automatically_derived"",{""other"":""#[attr = Inline(Hint)]""}]"	"{""generics"":{""params"":[],""where_predicates"":[]},""header"":{""abi"":""Rust"",""is_async"":false,""is_const"":false,""is_unsafe"":false},""sig"":{""inputs"":[[""self"",{""borrowed_ref"":{""is_mutable"":false,""lifetime"":null,""type"":{""generic"":""Self""}}}]],""is_c_variadic"":false,""output"":{""resolved_path"":{""args"":null,""path"":""arbi_anafis::ParseArbiIntError""}}}}"
arbi_anafis::ParseArbiIntError	arbi_anafis::ParseArbiIntError	trait	core::clone::Clone	trait_impl	Clone	src/error.rs	105	[]	"[""automatically_derived""]"	"{""generics"":{""params"":[],""where_predicates"":[]},""is_negative"":false,""is_unsafe"":false,""provided_trait_methods"":[""clone_from""]}"
arbi_anafis::ParseArbiIntError	arbi_anafis::ParseArbiIntError	trait	core::cmp::Eq	trait_impl	Eq	src/error.rs	105	[]	"[""automatically_derived""]"	"{""generics"":{""params"":[],""where_predicates"":[]},""is_negative"":false,""is_unsafe"":false,""provided_trait_methods"":[""assert_fields_are_eq"",""assert_receiver_is_total_eq""]}"
arbi_anafis::ParseArbiIntError	arbi_anafis::ParseArbiIntError	trait	core::cmp::PartialEq	method	eq	src/error.rs	105	[]	"[""automatically_derived"",{""other"":""#[attr = Inline(Hint)]""}]"	"{""generics"":{""params"":[],""where_predicates"":[]},""header"":{""abi"":""Rust"",""is_async"":false,""is_const"":false,""is_unsafe"":false},""sig"":{""inputs"":[[""self"",{""borrowed_ref"":{""is_mutable"":false,""lifetime"":null,""type"":{""generic"":""Self""}}}],[""other"",{""borrowed_ref"":{""is_mutable"":false,""lifetime"":null,""type"":{""resolved_path"":{""args"":null,""path"":""arbi_anafis::ParseArbiIntError""}}}}]],""is_c_variadic"":false,""output"":{""primitive"":""bool""}}}"
arbi_anafis::ParseArbiIntError	arbi_anafis::ParseArbiIntError	trait	core::cmp::PartialEq	trait_impl	PartialEq	src/error.rs	105	[]	"[""automatically_derived""]"	"{""generics"":{""params"":[],""where_predicates"":[]},""is_negative"":false,""is_unsafe"":false,""provided_trait_methods"":[""ne""]}"
arbi_anafis::ParseArbiIntError	arbi_anafis::ParseArbiIntError	trait	core::error::Error	trait_impl	Error	src/error.rs	130	"[{""other"":""#[attr = CfgTrace([NameValue { name: \""feature\"", value: Some(\""std\""), span: src/error.rs:129:7: 129:22 (#0) }])]""}]"	[]	"{""generics"":{""params"":[],""where_predicates"":[]},""is_negative"":false,""is_unsafe"":false,""provided_trait_methods"":[""cause"",""description"",""provide"",""source"",""type_id""]}"
arbi_anafis::ParseArbiIntError	arbi_anafis::ParseArbiIntError	trait	core::fmt::Debug	method	fmt	src/error.rs	105	[]	"[""automatically_derived"",{""other"":""#[attr = Inline(Hint)]""}]"	"{""generics"":{""params"":[],""where_predicates"":[]},""header"":{""abi"":""Rust"",""is_async"":false,""is_const"":false,""is_unsafe"":false},""sig"":{""inputs"":[[""self"",{""borrowed_ref"":{""is_mutable"":false,""lifetime"":null,""type"":{""generic"":""Self""}}}],[""f"",{""borrowed_ref"":{""is_mutable"":true,""lifetime"":null,""type"":{""resolved_path"":{""args"":{""angle_bracketed"":{""args"":[{""lifetime"":""'_""}],""constraints"":[]}},""path"":""core::fmt::Formatter""}}}}]],""is_c_variadic"":false,""output"":{""resolved_path"":{""args"":null,""path"":""core::fmt::Result""}}}}"
arbi_anafis::ParseArbiIntError	arbi_anafis::ParseArbiIntError	trait	core::fmt::Debug	trait_impl	Debug	src/error.rs	105	[]	"[""automatically_derived""]"	"{""generics"":{""params"":[],""where_predicates"":[]},""is_negative"":false,""is_unsafe"":false,""provided_trait_methods"":[]}"
arbi_anafis::ParseArbiIntError	arbi_anafis::ParseArbiIntError	trait	core::fmt::Display	method	fmt	src/error.rs	119	[]	[]	"{""generics"":{""params"":[],""where_predicates"":[]},""header"":{""abi"":""Rust"",""is_async"":false,""is_const"":false,""is_unsafe"":false},""sig"":{""inputs"":[[""self"",{""borrowed_ref"":{""is_mutable"":false,""lifetime"":null,""type"":{""generic"":""Self""}}}],[""f"",{""borrowed_ref"":{""is_mutable"":true,""lifetime"":null,""type"":{""resolved_path"":{""args"":{""angle_bracketed"":{""args"":[{""lifetime"":""'_""}],""constraints"":[]}},""path"":""core::fmt::Formatter""}}}}]],""is_c_variadic"":false,""output"":{""resolved_path"":{""args"":null,""path"":""core::fmt::Result""}}}}"
arbi_anafis::ParseArbiIntError	arbi_anafis::ParseArbiIntError	trait	core::fmt::Display	trait_impl	Display	src/error.rs	118	[]	[]	"{""generics"":{""params"":[],""where_predicates"":[]},""is_negative"":false,""is_unsafe"":false,""provided_trait_methods"":[]}"
arbi_anafis::ParseArbiIntError	arbi_anafis::ParseArbiIntError	trait	core::marker::StructuralPartialEq	trait_impl	StructuralPartialEq	src/error.rs	105	[]	"[""automatically_derived""]"	"{""generics"":{""params"":[],""where_predicates"":[]},""is_negative"":false,""is_unsafe"":false,""provided_trait_methods"":[]}"
arbi_anafis::ParseArbiIntError	arbi_anafis::ParseArbiIntError	type		struct	ParseArbiIntError	src/error.rs	106	[]	[]	"{""generics"":{""params"":[],""where_predicates"":[]},""shape"":{""has_private_fields"":true,""kind"":""plain"",""public_fields"":[]}}"
arbi_anafis::ParseArbiUintError	arbi_anafis::ParseArbiUintError	trait	core::clone::Clone	method	clone	src/error.rs	133	[]	"[""automatically_derived"",{""other"":""#[attr = Inline(Hint)]""}]"	"{""generics"":{""params"":[],""where_predicates"":[]},""header"":{""abi"":""Rust"",""is_async"":false,""is_const"":false,""is_unsafe"":false},""sig"":{""inputs"":[[""self"",{""borrowed_ref"":{""is_mutable"":false,""lifetime"":null,""type"":{""generic"":""Self""}}}]],""is_c_variadic"":false,""output"":{""resolved_path"":{""args"":null,""path"":""arbi_anafis::ParseArbiUintError""}}}}"
arbi_anafis::ParseArbiUintError	arbi_anafis::ParseArbiUintError	trait	core::clone::Clone	trait_impl	Clone	src/error.rs	133	[]	"[""automatically_derived""]"	"{""generics"":{""params"":[],""where_predicates"":[]},""is_negative"":false,""is_unsafe"":false,""provided_trait_methods"":[""clone_from""]}"
arbi_anafis::ParseArbiUintError	arbi_anafis::ParseArbiUintError	trait	core::cmp::Eq	trait_impl	Eq	src/error.rs	133	[]	"[""automatically_derived""]"	"{""generics"":{""params"":[],""where_predicates"":[]},""is_negative"":false,""is_unsafe"":false,""provided_trait_methods"":[""assert_fields_are_eq"",""assert_receiver_is_total_eq""]}"
arbi_anafis::ParseArbiUintError	arbi_anafis::ParseArbiUintError	trait	core::cmp::PartialEq	method	eq	src/error.rs	133	[]	"[""automatically_derived"",{""other"":""#[attr = Inline(Hint)]""}]"	"{""generics"":{""params"":[],""where_predicates"":[]},""header"":{""abi"":""Rust"",""is_async"":false,""is_const"":false,""is_unsafe"":false},""sig"":{""inputs"":[[""self"",{""borrowed_ref"":{""is_mutable"":false,""lifetime"":null,""type"":{""generic"":""Self""}}}],[""other"",{""borrowed_ref"":{""is_mutable"":false,""lifetime"":null,""type"":{""resolved_path"":{""args"":null,""path"":""arbi_anafis::ParseArbiUintError""}}}}]],""is_c_variadic"":false,""output"":{""primitive"":""bool""}}}"
arbi_anafis::ParseArbiUintError	arbi_anafis::ParseArbiUintError	trait	core::cmp::PartialEq	trait_impl	PartialEq	src/error.rs	133	[]	"[""automatically_derived""]"	"{""generics"":{""params"":[],""where_predicates"":[]},""is_negative"":false,""is_unsafe"":false,""provided_trait_methods"":[""ne""]}"
arbi_anafis::ParseArbiUintError	arbi_anafis::ParseArbiUintError	trait	core::error::Error	trait_impl	Error	src/error.rs	162	"[{""other"":""#[attr = CfgTrace([NameValue { name: \""feature\"", value: Some(\""std\""), span: src/error.rs:161:7: 161:22 (#0) }])]""}]"	[]	"{""generics"":{""params"":[],""where_predicates"":[]},""is_negative"":false,""is_unsafe"":false,""provided_trait_methods"":[""cause"",""description"",""provide"",""source"",""type_id""]}"
arbi_anafis::ParseArbiUintError	arbi_anafis::ParseArbiUintError	trait	core::fmt::Debug	method	fmt	src/error.rs	133	[]	"[""automatically_derived"",{""other"":""#[attr = Inline(Hint)]""}]"	"{""generics"":{""params"":[],""where_predicates"":[]},""header"":{""abi"":""Rust"",""is_async"":false,""is_const"":false,""is_unsafe"":false},""sig"":{""inputs"":[[""self"",{""borrowed_ref"":{""is_mutable"":false,""lifetime"":null,""type"":{""generic"":""Self""}}}],[""f"",{""borrowed_ref"":{""is_mutable"":true,""lifetime"":null,""type"":{""resolved_path"":{""args"":{""angle_bracketed"":{""args"":[{""lifetime"":""'_""}],""constraints"":[]}},""path"":""core::fmt::Formatter""}}}}]],""is_c_variadic"":false,""output"":{""resolved_path"":{""args"":null,""path"":""core::fmt::Result""}}}}"
arbi_anafis::ParseArbiUintError	arbi_anafis::ParseArbiUintError	trait	core::fmt::Debug	trait_impl	Debug	src/error.rs	133	[]	"[""automatically_derived""]"	"{""generics"":{""params"":[],""where_predicates"":[]},""is_negative"":false,""is_unsafe"":false,""provided_trait_methods"":[]}"
arbi_anafis::ParseArbiUintError	arbi_anafis::ParseArbiUintError	trait	core::fmt::Display	method	fmt	src/error.rs	148	[]	[]	"{""generics"":{""params"":[],""where_predicates"":[]},""header"":{""abi"":""Rust"",""is_async"":false,""is_const"":false,""is_unsafe"":false},""sig"":{""inputs"":[[""self"",{""borrowed_ref"":{""is_mutable"":false,""lifetime"":null,""type"":{""generic"":""Self""}}}],[""f"",{""borrowed_ref"":{""is_mutable"":true,""lifetime"":null,""type"":{""resolved_path"":{""args"":{""angle_bracketed"":{""args"":[{""lifetime"":""'_""}],""constraints"":[]}},""path"":""core::fmt::Formatter""}}}}]],""is_c_variadic"":false,""output"":{""resolved_path"":{""args"":null,""path"":""core::fmt::Result""}}}}"
arbi_anafis::ParseArbiUintError	arbi_anafis::ParseArbiUintError	trait	core::fmt::Display	trait_impl	Display	src/error.rs	147	[]	[]	"{""generics"":{""params"":[],""where_predicates"":[]},""is_negative"":false,""is_unsafe"":false,""provided_trait_methods"":[]}"
arbi_anafis::ParseArbiUintError	arbi_anafis::ParseArbiUintError	trait	core::marker::StructuralPartialEq	trait_impl	StructuralPartialEq	src/error.rs	133	[]	"[""automatically_derived""]"	"{""generics"":{""params"":[],""where_predicates"":[]},""is_negative"":false,""is_unsafe"":false,""provided_trait_methods"":[]}"
arbi_anafis::ParseArbiUintError	arbi_anafis::ParseArbiUintError	type		struct	ParseArbiUintError	src/error.rs	134	[]	[]	"{""generics"":{""params"":[],""where_predicates"":[]},""shape"":{""has_private_fields"":true,""kind"":""plain"",""public_fields"":[]}}"
arbi_anafis::Precision	arbi_anafis::Precision	inherent		associated_function	new_bounded	src/int/api/precision.rs	84	[]	"[{""must_use"":{""reason"":null}}]"	"{""generics"":{""params"":[],""where_predicates"":[]},""header"":{""abi"":""Rust"",""is_async"":false,""is_const"":true,""is_unsafe"":false},""sig"":{""inputs"":[[""bits"",{""primitive"":""usize""}]],""is_c_variadic"":false,""output"":{""resolved_path"":{""args"":{""angle_bracketed"":{""args"":[{""type"":{""generic"":""Self""}}],""constraints"":[]}},""path"":""core::option::Option""}}}}"
arbi_anafis::Precision	arbi_anafis::Precision	inherent		method	is_unlimited	src/int/api/precision.rs	69	[]	"[{""must_use"":{""reason"":null}}]"	"{""generics"":{""params"":[],""where_predicates"":[]},""header"":{""abi"":""Rust"",""is_async"":false,""is_const"":true,""is_unsafe"":false},""sig"":{""inputs"":[[""self"",{""generic"":""Self""}]],""is_c_variadic"":false,""output"":{""primitive"":""bool""}}}"
arbi_anafis::Precision	arbi_anafis::Precision	inherent		method	significant_bits	src/int/api/precision.rs	75	[]	"[{""must_use"":{""reason"":null}}]"	"{""generics"":{""params"":[],""where_predicates"":[]},""header"":{""abi"":""Rust"",""is_async"":false,""is_const"":true,""is_unsafe"":false},""sig"":{""inputs"":[[""self"",{""generic"":""Self""}]],""is_c_variadic"":false,""output"":{""resolved_path"":{""args"":{""angle_bracketed"":{""args"":[{""type"":{""primitive"":""usize""}}],""constraints"":[]}},""path"":""core::option::Option""}}}}"
arbi_anafis::Precision	arbi_anafis::Precision	trait	core::clone::Clone	method	clone	src/int/api/precision.rs	57	[]	"[""automatically_derived"",{""other"":""#[attr = Inline(Hint)]""}]"	"{""generics"":{""params"":[],""where_predicates"":[]},""header"":{""abi"":""Rust"",""is_async"":false,""is_const"":false,""is_unsafe"":false},""sig"":{""inputs"":[[""self"",{""borrowed_ref"":{""is_mutable"":false,""lifetime"":null,""type"":{""generic"":""Self""}}}]],""is_c_variadic"":false,""output"":{""resolved_path"":{""args"":null,""path"":""arbi_anafis::Precision""}}}}"
arbi_anafis::Precision	arbi_anafis::Precision	trait	core::clone::Clone	trait_impl	Clone	src/int/api/precision.rs	57	[]	"[""automatically_derived""]"	"{""generics"":{""params"":[],""where_predicates"":[]},""is_negative"":false,""is_unsafe"":false,""provided_trait_methods"":[""clone_from""]}"
arbi_anafis::Precision	arbi_anafis::Precision	trait	core::cmp::Eq	trait_impl	Eq	src/int/api/precision.rs	57	[]	"[""automatically_derived""]"	"{""generics"":{""params"":[],""where_predicates"":[]},""is_negative"":false,""is_unsafe"":false,""provided_trait_methods"":[""assert_fields_are_eq"",""assert_receiver_is_total_eq""]}"
arbi_anafis::Precision	arbi_anafis::Precision	trait	core::cmp::PartialEq	method	eq	src/int/api/precision.rs	57	[]	"[""automatically_derived"",{""other"":""#[attr = Inline(Hint)]""}]"	"{""generics"":{""params"":[],""where_predicates"":[]},""header"":{""abi"":""Rust"",""is_async"":false,""is_const"":false,""is_unsafe"":false},""sig"":{""inputs"":[[""self"",{""borrowed_ref"":{""is_mutable"":false,""lifetime"":null,""type"":{""generic"":""Self""}}}],[""other"",{""borrowed_ref"":{""is_mutable"":false,""lifetime"":null,""type"":{""resolved_path"":{""args"":null,""path"":""arbi_anafis::Precision""}}}}]],""is_c_variadic"":false,""output"":{""primitive"":""bool""}}}"
arbi_anafis::Precision	arbi_anafis::Precision	trait	core::cmp::PartialEq	trait_impl	PartialEq	src/int/api/precision.rs	57	[]	"[""automatically_derived""]"	"{""generics"":{""params"":[],""where_predicates"":[]},""is_negative"":false,""is_unsafe"":false,""provided_trait_methods"":[""ne""]}"
arbi_anafis::Precision	arbi_anafis::Precision	trait	core::fmt::Debug	method	fmt	src/int/api/precision.rs	57	[]	"[""automatically_derived"",{""other"":""#[attr = Inline(Hint)]""}]"	"{""generics"":{""params"":[],""where_predicates"":[]},""header"":{""abi"":""Rust"",""is_async"":false,""is_const"":false,""is_unsafe"":false},""sig"":{""inputs"":[[""self"",{""borrowed_ref"":{""is_mutable"":false,""lifetime"":null,""type"":{""generic"":""Self""}}}],[""f"",{""borrowed_ref"":{""is_mutable"":true,""lifetime"":null,""type"":{""resolved_path"":{""args"":{""angle_bracketed"":{""args"":[{""lifetime"":""'_""}],""constraints"":[]}},""path"":""core::fmt::Formatter""}}}}]],""is_c_variadic"":false,""output"":{""resolved_path"":{""args"":null,""path"":""core::fmt::Result""}}}}"
arbi_anafis::Precision	arbi_anafis::Precision	trait	core::fmt::Debug	trait_impl	Debug	src/int/api/precision.rs	57	[]	"[""automatically_derived""]"	"{""generics"":{""params"":[],""where_predicates"":[]},""is_negative"":false,""is_unsafe"":false,""provided_trait_methods"":[]}"
arbi_anafis::Precision	arbi_anafis::Precision	trait	core::hash::Hash	method	hash	src/int/api/precision.rs	57	[]	"[""automatically_derived"",{""other"":""#[attr = Inline(Hint)]""}]"	"{""generics"":{""params"":[{""kind"":{""type"":{""bounds"":[{""trait_bound"":{""generic_params"":[],""modifier"":""none"",""trait"":{""args"":null,""path"":""core::hash::Hasher""}}}],""default"":null,""is_synthetic"":false}},""name"":""__H""}],""where_predicates"":[]},""header"":{""abi"":""Rust"",""is_async"":false,""is_const"":false,""is_unsafe"":false},""sig"":{""inputs"":[[""self"",{""borrowed_ref"":{""is_mutable"":false,""lifetime"":null,""type"":{""generic"":""Self""}}}],[""state"",{""borrowed_ref"":{""is_mutable"":true,""lifetime"":null,""type"":{""generic"":""__H""}}}]],""is_c_variadic"":false,""output"":null}}"
arbi_anafis::Precision	arbi_anafis::Precision	trait	core::hash::Hash	trait_impl	Hash	src/int/api/precision.rs	57	[]	"[""automatically_derived""]"	"{""generics"":{""params"":[],""where_predicates"":[]},""is_negative"":false,""is_unsafe"":false,""provided_trait_methods"":[""hash_slice""]}"
arbi_anafis::Precision	arbi_anafis::Precision	trait	core::marker::Copy	trait_impl	Copy	src/int/api/precision.rs	57	[]	"[""automatically_derived""]"	"{""generics"":{""params"":[],""where_predicates"":[]},""is_negative"":false,""is_unsafe"":false,""provided_trait_methods"":[]}"
arbi_anafis::Precision	arbi_anafis::Precision	trait	core::marker::StructuralPartialEq	trait_impl	StructuralPartialEq	src/int/api/precision.rs	57	[]	"[""automatically_derived""]"	"{""generics"":{""params"":[],""where_predicates"":[]},""is_negative"":false,""is_unsafe"":false,""provided_trait_methods"":[]}"
arbi_anafis::Precision	arbi_anafis::Precision	type		enum	Precision	src/int/api/precision.rs	59	[]	"[""non_exhaustive""]"	"{""generics"":{""params"":[],""where_predicates"":[]},""has_stripped_variants"":false}"
arbi_anafis::Precision	arbi_anafis::Precision	type		variant	Bounded	src/int/api/precision.rs	63	[]	[]	"{""discriminant"":null,""shape"":{""tuple"":[{""resolved_path"":{""args"":null,""path"":""arbi_anafis::BoundedPrecision""}}]}}"
arbi_anafis::Precision	arbi_anafis::Precision	type		variant	Unlimited	src/int/api/precision.rs	61	[]	[]	"{""discriminant"":null,""shape"":""plain""}"
arbi_anafis::PrecisionContext	arbi_anafis::PrecisionContext	inherent		associated_function	active	src/int/api/precision.rs	171	[]	"[{""must_use"":{""reason"":null}}]"	"{""generics"":{""params"":[],""where_predicates"":[]},""header"":{""abi"":""Rust"",""is_async"":false,""is_const"":false,""is_unsafe"":false},""sig"":{""inputs"":[],""is_c_variadic"":false,""output"":{""resolved_path"":{""args"":null,""path"":""arbi_anafis::AmbientPrecision""}}}}"
arbi_anafis::PrecisionContext	arbi_anafis::PrecisionContext	inherent		associated_function	set_global	src/int/api/precision.rs	177	[]	"[{""must_use"":{""reason"":null}}]"	"{""generics"":{""params"":[],""where_predicates"":[]},""header"":{""abi"":""Rust"",""is_async"":false,""is_const"":false,""is_unsafe"":false},""sig"":{""inputs"":[[""precision"",{""resolved_path"":{""args"":null,""path"":""arbi_anafis::AmbientPrecision""}}]],""is_c_variadic"":false,""output"":{""resolved_path"":{""args"":null,""path"":""arbi_anafis::AmbientPrecision""}}}}"
arbi_anafis::PrecisionContext	arbi_anafis::PrecisionContext	inherent		associated_function	with_bounded	src/int/api/precision.rs	187	"[{""other"":""#[attr = CfgTrace([NameValue { name: \""feature\"", value: Some(\""std\""), span: src/int/api/precision.rs:186:11: 186:26 (#0) }])]""}]"	[]	"{""generics"":{""params"":[{""kind"":{""type"":{""bounds"":[],""default"":null,""is_synthetic"":false}},""name"":""F""},{""kind"":{""type"":{""bounds"":[],""default"":null,""is_synthetic"":false}},""name"":""R""}],""where_predicates"":[{""bound_predicate"":{""bounds"":[{""trait_bound"":{""generic_params"":[],""modifier"":""none"",""trait"":{""args"":{""parenthesized"":{""inputs"":[],""output"":{""generic"":""R""}}},""path"":""core::ops::function::FnOnce""}}}],""generic_params"":[],""type"":{""generic"":""F""}}}]},""header"":{""abi"":""Rust"",""is_async"":false,""is_const"":false,""is_unsafe"":false},""sig"":{""inputs"":[[""bits"",{""primitive"":""usize""}],[""f"",{""generic"":""F""}]],""is_c_variadic"":false,""output"":{""generic"":""R""}}}"
arbi_anafis::PrecisionContext	arbi_anafis::PrecisionContext	inherent		associated_function	with_unlimited	src/int/api/precision.rs	196	"[{""other"":""#[attr = CfgTrace([NameValue { name: \""feature\"", value: Some(\""std\""), span: src/int/api/precision.rs:195:11: 195:26 (#0) }])]""}]"	[]	"{""generics"":{""params"":[{""kind"":{""type"":{""bounds"":[],""default"":null,""is_synthetic"":false}},""name"":""F""},{""kind"":{""type"":{""bounds"":[],""default"":null,""is_synthetic"":false}},""name"":""R""}],""where_predicates"":[{""bound_predicate"":{""bounds"":[{""trait_bound"":{""generic_params"":[],""modifier"":""none"",""trait"":{""args"":{""parenthesized"":{""inputs"":[],""output"":{""generic"":""R""}}},""path"":""core::ops::function::FnOnce""}}}],""generic_params"":[],""type"":{""generic"":""F""}}}]},""header"":{""abi"":""Rust"",""is_async"":false,""is_const"":false,""is_unsafe"":false},""sig"":{""inputs"":[[""f"",{""generic"":""F""}]],""is_c_variadic"":false,""output"":{""generic"":""R""}}}"
arbi_anafis::PrecisionContext	arbi_anafis::PrecisionContext	trait	core::clone::Clone	method	clone	src/int/api/precision.rs	164	[]	"[""automatically_derived"",{""other"":""#[attr = Inline(Hint)]""}]"	"{""generics"":{""params"":[],""where_predicates"":[]},""header"":{""abi"":""Rust"",""is_async"":false,""is_const"":false,""is_unsafe"":false},""sig"":{""inputs"":[[""self"",{""borrowed_ref"":{""is_mutable"":false,""lifetime"":null,""type"":{""generic"":""Self""}}}]],""is_c_variadic"":false,""output"":{""resolved_path"":{""args"":null,""path"":""arbi_anafis::PrecisionContext""}}}}"
arbi_anafis::PrecisionContext	arbi_anafis::PrecisionContext	trait	core::clone::Clone	trait_impl	Clone	src/int/api/precision.rs	164	[]	"[""automatically_derived""]"	"{""generics"":{""params"":[],""where_predicates"":[]},""is_negative"":false,""is_unsafe"":false,""provided_trait_methods"":[""clone_from""]}"
arbi_anafis::PrecisionContext	arbi_anafis::PrecisionContext	trait	core::fmt::Debug	method	fmt	src/int/api/precision.rs	164	[]	"[""automatically_derived"",{""other"":""#[attr = Inline(Hint)]""}]"	"{""generics"":{""params"":[],""where_predicates"":[]},""header"":{""abi"":""Rust"",""is_async"":false,""is_const"":false,""is_unsafe"":false},""sig"":{""inputs"":[[""self"",{""borrowed_ref"":{""is_mutable"":false,""lifetime"":null,""type"":{""generic"":""Self""}}}],[""f"",{""borrowed_ref"":{""is_mutable"":true,""lifetime"":null,""type"":{""resolved_path"":{""args"":{""angle_bracketed"":{""args"":[{""lifetime"":""'_""}],""constraints"":[]}},""path"":""core::fmt::Formatter""}}}}]],""is_c_variadic"":false,""output"":{""resolved_path"":{""args"":null,""path"":""core::fmt::Result""}}}}"
arbi_anafis::PrecisionContext	arbi_anafis::PrecisionContext	trait	core::fmt::Debug	trait_impl	Debug	src/int/api/precision.rs	164	[]	"[""automatically_derived""]"	"{""generics"":{""params"":[],""where_predicates"":[]},""is_negative"":false,""is_unsafe"":false,""provided_trait_methods"":[]}"
arbi_anafis::PrecisionContext	arbi_anafis::PrecisionContext	trait	core::marker::Copy	trait_impl	Copy	src/int/api/precision.rs	164	[]	"[""automatically_derived""]"	"{""generics"":{""params"":[],""where_predicates"":[]},""is_negative"":false,""is_unsafe"":false,""provided_trait_methods"":[]}"
arbi_anafis::PrecisionContext	arbi_anafis::PrecisionContext	type		struct	PrecisionContext	src/int/api/precision.rs	166	[]	"[""non_exhaustive""]"	"{""generics"":{""params"":[],""where_predicates"":[]},""shape"":""unit""}"
